:10000000000002207DB20100A5B20100A7B20100EC
:10001000A9B20100ABB20100ADB2010000000000C6
:10002000000000000000000000000000AFB201006E
:10003000B1B2010000000000B3B20100B5B201008E
:10004000B7B2010071AF000045B1010009B1010074
:100050001DB10100B7B20100899A0100F1860100CB
:10006000F5AB0100FDAB010005AC0100B7B201002A
:10007000B7B20100B7B20100B7B20100B7B20100D8
:10008000B7B20100B7B20100B7B20100B7B20100C8
:10009000B7B20100B7B20100B7B20100B7B20100B8
:1000A000B7B20100B7B201000DAC010015AC010000
:1000B000B7B20100B7B2010000000000000000006C
:1000C000B7B20100B7B20100B7B2010031B101000F
:1000D000B7B20100B7B20100B7B2010000000000E2
:1000E0000000000000000000000000000000000010
:1000F0000000000000000000000000000000000000
:1001000000000000000000000000000000000000EF
:1001100000000000000000000000000000000000DF
:1001200000000000000000000000000000000000CF
:1001300000000000000000000000000000000000BF
:1001400000000000000000000000000000000000AF
:10015000000000000000000000000000000000009F
:10016000000000000000000000000000000000008F
:10017000000000000000000000000000000000007F
:10018000000000000000000000000000000000006F
:10019000000000000000000000000000000000005F
:1001A000000000000000000000000000000000004F
:1001B000000000000000000000000000000000003F
:1001C000000000000000000000000000000000002F
:1001D000000000000000000000000000000000001F
:1001E000000000000000000000000000000000000F
:1001F00000000000000000000000000000000000FF
:1002000030B490F800F020F007016FF0000C10F00F
:10021000070491F820F040F048804FF000046FF0A0
:100220000700D1E9002391F840F000F1080082FABC
:100230004CF2A4FA8CF283FA4CF3A2FA8CF34BBB87
:10024000D1E9022382FA4CF200F10800A4FA8CF200
:1002500083FA4CF3A2FA8CF3E3B9D1E9042382FACE
:100260004CF200F10800A4FA8CF283FA4CF3A2FAE3
:100270008CF37BB9D1E9062301F1200182FA4CF21B
:1002800000F10800A4FA8CF283FA4CF3A2FA8CF382
:10029000002BC6D0002A04BF04301A4612BAB2FAA4
:1002A00082F200EBD20030BC7047D1E9002304F0A9
:1002B0000305C4F100004FEAC50514F0040F91F8DE
:1002C00040F00CFA05F562EA05021CBF63EA05037B
:1002D00062464FF00004AAE70000000000000000A2
:1002E00002780B78012A28BF9A4240F0D8806DE945
:1002F000044540EA0104CDE902676FF0000C4FEAC3
:1003000044721AB380EA010414F0070F6BD100F0B5
:10031000070420F0070004F0030521F007014FEA6D
:10032000C505F0E8042314F0040FF1E804670CFAA3
:1003300005F462EA040266EA04060BD063EA0403E9
:10034000624667EA0407664604E000BFF0E804235B
:10035000F1E8046782FA4CF582EA0604A4FA8CF408
:100360006CBB83FA4CF583EA0705A5FA8CF595B9C1
:1003700050E9022351E9026782FA4CF582EA060449
:10038000A4FA8CF483FA4CF583EA0705A5FA8CF5F8
:100390002543DBD09CB92DBAB5FA85F424F00704C7
:1003A00027FA04F1DDE9026723FA04F303F0FF0002
:1003B00001F0FF01FDE80445A0EB0100704724BAFD
:1003C000B4FA84F424F0070426FA04F1DDE90267A4
:1003D00022FA04F202F0FF0001F0FF01FDE80445FB
:1003E000A0EB0100704714F0030F3CD110F00304A0
:1003F00028D150F8082B51F8083B82FA4CF582EAD4
:100400000305A5FA8CF55DB950F8042C51F8043CAD
:1004100082FA4CF582EA0305A5FA8CF5002DE8D0A6
:100420002DBAB5FA85F424F0070423FA04F122FA70
:1004300004F202F0FF0001F0FF01FDE80445A0EB2B
:10044000010070474FEAC40420F0030050F8082B65
:1004500021F0030151F8083B0CFA04F462EA0402AB
:1004600063EA0403C9E710F003041DD0A1EB040103
:1004700020F00300E40750F8042B06D012D28B784A
:100480005FFAA2F4E41A06D12BB1CB785FFAB2F48A
:10049000E41A00D133B920465DF8104B7047A2EB47
:1004A0000300704701F1040150F8042BCC0721F040
:1004B000030151F8043B48D824D222F07F4482FA49
:1004C0004CF594EA1325A5FA8CF50AD165B951F8D3
:1004D000043B84EA0204B4EB036F0ED150F8042B02
:1004E000EBE74FEA132355E035F07F454DD108780F
:1004F000FDE80445C0F1000070474FEA126203F0C6
:10050000FF0347E002EA1C4482FA4CF594EA1345E3
:10051000A5FA8CF50AD165B951F8043B84EA0204C6
:10052000B4EB034F0CD150F8042BEBE74FEA134325
:1005300030E015EA1C4528D10B884FEA124229E029
:100540004FEA124203EA1C4324E002F0FF0482FA5D
:100550004CF594EA1365A5FA8CF50AD165B951F802
:10056000043B84EA0204B4EB032F09D150F8042BB6
:10057000EBE74FEA13630DE015F0FF0F05D10B68B1
:100580004FEA122223F07F4304E04FF00000FDE821
:100590000445704712BA1BBA82FA4CF482EA03048B
:1005A000A4FA8CF5B5FA85F402FA04F203FA04F31E
:1005B0004FEA1260FDE80445A0EB1360704700BFEE
:1005C00001F0FF01102A2BDB10F0070F08D010F804
:1005D000013B013A8B422DD010F0070F42B3F6D108
:1005E000F0B441EA012141EA014122F007047FF021
:1005F00000070023F0E80256083C85EA010586EA78
:10060000010685FA47F5A3FA87F586FA47F6A5FAB3
:1006100087F68EB9EED1F0BC01F0FF0102F00702BF
:1006200032B110F8013B013A83EA010313B1F8D16A
:100630000020704701387047002D06BF354603384B
:10064000073815F0010F07D1013015F4807F02BF84
:10065000013015F4C03F0130F0BC0138704700BFD5
:100660002DE9F0419FED1E7B214C04609FED1E5B48
:1006700000F502644FF07E55DFED1E6A03F1FF3C8A
:1006800080ED027B4FF00008256000F62807012668
:1006900000F5036500F5046EBCF1030F04ED025B89
:1006A000C0F82488C7ED006A80F82C6885ED007BCF
:1006B0000EED027B05D89C193441C0F81838C0F8FB
:1006C0001C4892B207EE902A00F61402F8EE677A00
:1006D00000F501631160C3ED007ABDE8F08100BF51
:1006E0000000000000000000030000000200000005
:1006F000183C0300000000002DE9F04F044683B0D1
:10070000C0682AF053FC8046206989462AF04EFCD6
:100710006569CDE9000128462AF048FC024601F14E
:10072000004306460F464046494622F0ABFC2AF0FD
:100730009FFFE062824623F04FFE8346504623F03F
:10074000EBF9824658462AF043FC42464B462AF0D3
:1007500097FC8046504689462AF03AFC32463B4692
:100760002AF08EFC02460B46404649462AF0D0FA53
:1007700002460B46DDE9000122F084FC2AF078FFF6
:10078000002D07EE900A19DDF5EEC07AF1EE10FAB1
:100790001DDD11A7D7E9006717EE900A2AF018FCB3
:1007A00002460B46304639462AF0B2FA32463B46FC
:1007B0002AF0B0FA2AF05CFF07EE900AE388C4ED55
:1007C0000A7A43F00203E38003B0BDE8F08F04A788
:1007D000D7E90067E0E700BFEA2E4454FB21F93F68
:1007E000EA2E4454FB21F9BF2DE9F0412DED028B97
:1007F000002408EE103A5C4B0360446005460F4647
:100800001646BDF820800FF051FF584B2B6003F1C6
:100810002C023833EB60AA606F612C8205F12C004A
:1008200016F054FF05F1300016F050FF9FED507A9E
:10083000504B68696E63C7EE087AA5F80480EC61D6
:100840002C852C83C0F80045B0EE677ABEEECE7AD8
:1008500017EE101A9FED427BB1F5004F83ED007B40
:1008600083ED027B234678DB013341FA03F4B4F5D0
:10087000004FF9DA072B15DC04FA03F10029B8BFA1
:100880000F31091107EE901ADFED396AC0F80C3507
:10089000F8EEE77AC0F8084586EEA77AC5ED097A42
:1008A00085ED087A00230222C0F804353249C0F8E9
:1008B0001025C0F84835C0F82835C0F84C35C0F8C8
:1008C0002C3540F201136B830123C0F8143530241A
:1008D00004238842C0F80032C0F8044321D02749DD
:1008E00088422DD0264A90420ED0326801235268A9
:1008F0002B7605F10801C0F8003530469047BDEC75
:10090000028B2846BDE8F0811E4A1F4C95601F4AA5
:100910009168A2F54062C1F8C840C2F884315360C2
:10092000E3E71A4B174A99681560A3F540634FF047
:100930008052174CC1F8B040C3F880211A60D4E748
:10094000104B144C5D60114B9968A3F54063C1F8DE
:10095000C440C3F884215A60C7E70C468EE700BF45
:100960000080008000800080B8400300B84D030084
:10097000002474496019002000C0014000100240AA
:10098000002002402C1C00209D90010000ED00E0A2
:10099000F58F01004990010010B5012104462EF0A9
:1009A0006EFC2AF015FB06A3D3E900232AF068FBAE
:1009B0002AF05EFE014620462CF014FB012010BDFB
:1009C000399D52A246DF913F10B5012104462EF019
:1009D00056FC2AF0FDFA06A3D3E900232AF07AFC9C
:1009E0002AF046FE014620462CF0FCFA012010BDFC
:1009F000399D52A246DF913F82B010B59FED0A7B30
:100A0000014601F110040498C86081ED087B20467E
:100A100002A981E80C0010F0FFFD2046BDE810405F
:100A200002B010F049BD00BF00000000000000004F
:100A3000C1F30A5C2DE9F041ACF2FF35132D0246FB
:100A40000B460C46064622DC002D4CDBDFF8D4803A
:100A500048FA05F801EA080C5CEA000C0F461BD0C6
:100A60002EA3D3E900232AF055F9002200232AF00F
:100A700097FD40B1002C03DD4FF480132B411F4440
:100A800027EA0804002621463046BDE8F081332DD0
:100A900006DDB5F5806F38D010461946BDE8F08107
:100AA000ACF2134C4FF0FF3727FA0CF73842F3D073
:100AB0001AA3D3E900232AF02DF9002200232AF0FB
:100AC0006FFD0028DFD0002C334609DD142D06D041
:100AD000C5F134050122AA4013449E4200D90134D5
:100AE00023EA0706CFE70DA3D3E900232AF012F982
:100AF000002200232AF054FD0028C4D0002C07DB7C
:100B0000344300D0044C0026BDE72AF003F9C5E7C2
:100B100000264FF00044B6E70000F03F9C750088C7
:100B20003CE4377EFFFF0F00F8B504460D4601F0A8
:100B3000DFF906460F462046294623F07FFE78B1AE
:100B400012A3D3E90023204629462AF029FD50B9F3
:100B500010A3D3E90023204629462AF003FD58B903
:100B600030463946F8BD28F02FF8074F22230026DB
:100B7000036039463046F8BD28F026F822230026C7
:100B800000270360ECE700BF0000F07FEF39FAFEBA
:100B9000422E864051302DD5104987C000000000FC
:100BA0002DE9F04F964B21F000459D428FB08246D3
:100BB0008B46144640F28B80924B9D420F4628D8BC
:100BC000002985A3D3E9002340F3A1812AF0A0F8EE
:100BD0008D4B9D4206460F4600F08D8080A3D3E9E1
:100BE00000232AF095F88046894642464B46304617
:100BF00039462AF08DF87AA3D3E900232AF088F841
:100C0000C4E90089C4E90201012630460FB0BDE8FD
:100C1000F08F7E4B9D4240F288807D4B9D4261D893
:100C20002E15A6F21646A5EB0659494650462AF05F
:100C3000D7FC2AF0BBF902460B4650464946CDE99F
:100C400008232AF065F8734B00222AF019FA894626
:100C500080462AF0C5FC2AF0A9F902460B46404618
:100C60004946CDE90A232AF053F86A4B00222AF0BC
:100C700007FACDE90C010DF1380A03254FF0000801
:100C80004FF000097AE9020142464B46AB46013D6E
:100C90002AF05EFC0028F5D15F4B019302230093FC
:100CA00032465B46214608A822F0DAFA002F0646B3
:100CB000ABDA6168226801F10043E168C4E900230E
:100CC000A26801F10043C4E9022346429DE70022E5
:100CD0000023C4E900ABC4E90223002630460FB06C
:100CE000BDE8F08F02460B462AF012F8C4E9020173
:100CF000C4E90001F1E73CA3D3E900232AF008F896
:100D00003BA3D3E9002306460F462AF001F88046AC
:100D1000894642464B463046394629F0F9FF34A30E
:100D2000D3E9002329F0F4FF6AE723F081FF32A31F
:100D3000D3E90023804689462AF0A2F9374B0022E6
:100D400029F0E8FF2AF04CFC06462AF02FF902466B
:100D50000B46CDE9022320A3D3E900232AF090F922
:100D600002460B464046494629F0D2FF1CA3D3E970
:100D7000002382468B46DDE902012AF081F9024612
:100D80000B4650465946CDE9042329F0C1FF1F2EDA
:100D90008046894646DC224B721E53F82230AB4215
:100DA00040D042464B46C4E900895046594629F096
:100DB000AFFFDDE9042329F0ABFF002FC4E90201F6
:100DC000BFF623AF09F10043C4E9008301F10043FA
:100DD000C4E90203764218E700004054FB21F93FC2
:100DE0003163621A61B4D03D0000601A61B4D03D35
:100DF0007370032E8A19A33B83C8C96D305FE43F2B
:100E0000FB21E93F7BD90240FB21F93FFB2139411E
:100E1000FFFFEF7F00007041285403000000E03F17
:100E2000A8530300C9F30A53C3EB1553102B4FEA21
:100E30002555B6DD56A3D3E90023DDE902012AF0EA
:100E40001FF98046894642464B465046594629F08E
:100E50005FFF02460B4650465946CDE906239246AF
:100E60009B4629F055FF42464B4629F051FF4AA3C5
:100E7000D3E9002380468946DDE902012AF000F922
:100E800042464B4629F044FF0B460246594650461F
:100E9000CDE9042329F03CFFC1F30A53ED1A312DAB
:100EA000804689467FF77DAF3EA3D3E90023DDE985
:100EB00002012AF0E5F88046894642464B46DDE9C4
:100EC000060129F025FF82468B4652465B46DDE946
:100ED000060129F01DFF42464B4629F019FF33A3B6
:100EE000D3E9002380468946DDE902012AF0C8F8EB
:100EF00042464B4629F00CFF02460B4650465946E7
:100F0000CDE9042329F004FF8046894649E729F00A
:100F100001FF234B9D4206460F4618D01AA3D3E982
:100F2000002329F0F7FE8046894642464B4630466C
:100F3000394629F0EDFE14A3D3E9002329F0EAFE97
:100F4000C4E90089C4E902014FF0FF365DE610A351
:100F5000D3E9002329F0DEFE0FA3D3E900230646E0
:100F60000F4629F0D7FE8046894642464B4630461A
:100F7000394629F0CDFE08A3D3E9002329F0CAFEA3
:100F8000DEE700BFAFF300803163621A61B4D03D89
:100F90000000601A61B4D03D7370032E8A19A33B20
:100FA000FB21F93F0000002E8A19A33BC1492025EF
:100FB0009A837B390000000070B51646C1F30A52CF
:100FC00004460D460B464ABB21F00043034324D0A0
:100FD000334B00222AF054F8324B9E4204460D4611
:100FE00046DBC1F30A520B46363A4CF250318E4280
:100FF0001CDC164440F2FE72964217DC002E29DCFF
:1010000016F1350F2CDB6FF31E53363643EA0651CB
:101010002046254B00222AF033F870BD40F2FF7CB9
:101020006245E2D1024629F075FE70BD002D14A183
:10103000D1E9000105DB12A3D3E900232AF020F84F
:1010400070BD0FA3D3E900230FA1D1E900012AF05D
:1010500017F8F5E76FF31E53204643EA065170BDBB
:10106000002D0BA1D1E9000102DA0BA1D1E90001A9
:1010700007A3D3E900232AF003F870BDAFF3008083
:101080009C7500883CE4377E9C7500883CE437FE04
:1010900059F3F8C21F6EA50159F3F8C21F6EA5815E
:1010A00000005043B03CFFFF0000903C00000000F7
:1010B000F8B504460D4624F0EDFA224606460F46E2
:1010C0002B46204629462AF075FA48B9204629467B
:1010D00023F0AEFD09A3D3E900232AF061FA10B989
:1010E00030463946F8BD27F06FFD034F0026222316
:1010F000036039463046F8BD0000F07F7DF8B98FB7
:10110000CE338640000000002DE9F04F83B0CDE9DA
:10111000002321F00043B3F1795F04460D4604D269
:101120002AF05EFA002800F0858022462B462046F1
:10113000294629F0A5FF06460F4632463B46204683
:10114000294629F09DFF41A3D3E9002382468B461F
:101150003046394629F094FF3EA3D3E9002329F015
:10116000D7FD32463B4629F08BFF3CA3D3E9002351
:1011700029F0D0FD32463B4629F082FF39A3D3E95E
:10118000002329F0C5FD32463B4629F079FF37A3FD
:10119000D3E9002329F0BEFD0C9B804689469BB312
:1011A000DDE90001284B002229F06AFF42464B4648
:1011B000804689465046594629F062FF02460B4652
:1011C0004046494629F0A4FD32463B4629F058FFE7
:1011D000DDE9002329F09CFD19A3D3E9002306468D
:1011E0000F465046594629F04BFF02460B46304603
:1011F000394629F08FFD02460B462046294629F044
:1012000087FD03B0BDE8F08F02460B4630463946F5
:1012100029F036FF0AA3D3E9002329F079FD5246CD
:101220005B4629F02DFF22462B4629F073FD03B0C3
:10123000BDE8F08F2046294603B0BDE8F08F00BF1F
:10124000495555555555C53F0000E03F7CD5CF5A0F
:101250003AD9E53DEB9C2B8AE6E55A3E7DFEB15737
:10126000E31DC73ED561C119A0012A3FA6F81011A0
:101270001111813F000000002DE9F04F23F0004ADA
:10128000044652EA0A0093B0904699460D4614D19E
:101290002319714985F4002252419842914126D286
:1012A00042464B462046294629F034FD02460B466D
:1012B0001046194613B0BDE8F08F1F461346674A23
:1012C00000940E4621F000419142029116D9009BF4
:1012D00006F1404606F580161E43E1D14346DB1871
:1012E0005D4989F4002252419E429141D8D35C4B22
:1012F00000221046194613B0BDE8F08F13D0924576
:10130000E5D8DDF808B053D0002E15DB002B40F0F7
:101310008380534A924540F02084002FC0F211850B
:1013200022462B46C4E7002CBAD18A45B8D800F033
:101330005984DDF808B0E7E74A4A924500F2A383F2
:10134000494A924500F2A583002B40F0EF83B7F1A4
:10135000804F00F0038504932046294623F068FC63
:101360000B4600990246002937D00498F10F013945
:1013700008435FD004980138084300F07F839FED55
:10138000347B8DED067BBAF1844F71D937498A459C
:1013900040F23D84344B029A9A4200F2F984002FC5
:1013A000C0F2F984002013B0BDE8F04F23F064BC14
:1013B000002B8CD1029B009A03F1404303F580136C
:1013C000134394D0284B029A9A4240F29484002FFF
:1013D000C0F2068542464B466AE7214926F0404066
:1013E000884202D002990029BFD1002FC0F27B842D
:1013F000002EBFF65DAF029901F14049049909F54D
:10140000801959EA010917D0049901297FF450AFD6
:1014100003F100410B464BE7002304932046294685
:1014200023F006FC0B46009902460029D5D0F10FA7
:1014300001399FE722462B461046194629F068FCE1
:1014400002460B4629F046FF02460B4630E700BF36
:10145000000000000000F03F0000F0FF0000F07FFF
:101460000000F03FFFFF3F43FFFFEF3F0000F0436E
:10147000D7493140002940F0C88310461946002260
:10148000D44B29F0FDFD02468B466FF034004FEA45
:101490002B51A1F2FF310818CF490F90CBF3130B5A
:1014A0004BF07F548B4544F4401440F3A083CB4968
:1014B0008B4540F35D849FEDB07B8DED087B9FED08
:1014C000B07B8DED047B9FEDAC7B8DED107B01300F
:1014D0000F90A4F58014002592465046DDE90423C0
:1014E000214629F015FCA346DDE9042306460F46F4
:1014F00050462146CDE90AAB29F00CFC02460B46CA
:101500000020B74929F0E6FE8C46834663465A46DA
:1015100030463946CDE90CBC29F0B2FD64100A46CC
:101520000146CDE9021244F00054DDE902AB04F5B6
:101530000023591900204FF0000A04460D462246A8
:101540002B4650465946CDE9000129F099FD024647
:101550000B463046394629F0DBFBDDE9042306461D
:101560000F462046294629F0D3FB02460B46DDE90B
:101570000A0129F0CDFB52465B4629F081FD024667
:101580000B463046394629F0C3FBDDE90C2329F030
:1015900077FDDDE90245CDE9040122462B462046D0
:1015A000294629F06DFD78A3D3E9002304460D46B2
:1015B00029F066FD76A3D3E9002329F0ABFB224690
:1015C0002B4629F05DFD74A3D3E9002329F0A2FB8B
:1015D00022462B4629F054FD71A3D3E9002329F0BC
:1015E00099FB22462B4629F04BFD6FA3D3E900233C
:1015F00029F090FB22462B4629F042FD6CA3D3E94B
:10160000002329F087FB224606460F462B4620463C
:10161000294629F035FD02460B463046394629F069
:101620002FFD524604460D465B46DDE9020129F0D6
:1016300071FBDDE9042329F023FD22462B4629F026
:1016400069FB524604460D465B465046594629F012
:1016500017FD644B002206460F4629F05BFB22462D
:101660002B46CDE90A4529F055FB0D462B4652463F
:101670005046594629F004FD5A4BCDE9000100229D
:101680002946504629F044FB32463B4629F040FBB0
:1016900002460B46DDE90A0129F03AFBDDE90223A7
:1016A00029F0EEFC2B4606460F465246DDE90401C2
:1016B00029F0E6FC02460B463046394629F02AFB63
:1016C00006460F463246DDE900013B4629F022FB83
:1016D00039A3D3E9002350460D4629F0D1FCDDE9BA
:1016E0000023CDE900012946504629F011FB0246AE
:1016F0000B463046394629F00BFB31A3D3E90023D2
:1017000029F0BEFC02460B461446294650461D46AB
:101710002DA3D3E9002329F0B3FC02460B46204653
:10172000294629F0F7FADDE9102329F0F3FA0646F5
:101730000F980F4629F03AFC324604460D463B46C8
:10174000DDE9000129F0E6FADDE9082329F0E2FAF3
:1017500022462B4629F0DEFA504622462B46CDE99A
:10176000020129F0D5FADDE9082329F0D1FADDE9F3
:10177000002339E0AFF3008000000000000000000B
:10178000000000000000F03FEF4E454A287ECA3FAF
:1017900065DBC9934A86CD3F01411DA96074D13FE5
:1017A0004D268F515555D53FFFAB6FDBB66DDB3FF7
:1017B000033333333333E33F000000E009C7EE3F28
:1017C000FD033ADC09C7EE3FF5015B14E02F3EBE96
:1017D0000000F07F000040438E98030079B60B00B4
:1017E0000000F03F0000084029F092FA02460B4644
:1017F0003046394629F08CFACDE904010023CDE9C1
:1018000000890093DDE90067404632463B46494681
:1018100029F07EFADDE902AB52465B4629F030FC46
:10182000424604460D464B46DDE9040129F028FCFA
:1018300002460B462046294629F06CFA32460446F9
:101840000D463B4650465946CDE9024529F018FC65
:1018500006460F46204629463B46324629F05AFAAC
:10186000DB4B994204460D46884640F33F8101F127
:101870003F4303F5E003034340F09782C0A3D3E95D
:101880000023DDE9020129F045FA02460B46204615
:10189000294614461D4632463B4629F039FA02468F
:1018A0000B462046294629F07BFE002840F07D8229
:1018B0004FF400734344C3F30A52C64CA2F2FF3202
:1018C0001441C3F3130AC2F11402002004EA030115
:1018D0004AF4801A4AFA02FA0B460246B8F1000F9F
:1018E00030463946B8BFCAF1000A29F011FA02465B
:1018F0000B4606460F46DDE9020129F00BFA4FEAD6
:101900000A5B0D460024A0A3D3E900232046294604
:1019100029F0B6FB3246804689463B46204629469A
:1019200029F0F6F902460B46DDE9020129F0F0F94B
:1019300097A3D3E9002329F0A3FB02460B462046D8
:10194000294614461D4694A3D3E9002329F098FBA9
:1019500002460B462046294629F0DCF906460F468A
:1019600032463B464046494629F0D4F942464B466A
:1019700004460D4629F0CCF902460B46304639465E
:1019800029F0C6F92246804689462B46204629463C
:1019900029F076FB82A3D3E9002306460F4629F0FF
:1019A0006FFB81A3D3E9002329F0B2F932463B460D
:1019B00029F066FB7EA3D3E9002329F0ABF9324678
:1019C0003B4629F05DFB7CA3D3E9002329F0A0F975
:1019D00032463B4629F054FB79A3D3E9002329F092
:1019E00099F932463B4629F04BFB02460B4620460E
:1019F000294629F08DF906460F4632463B462046D9
:101A0000294629F03DFB02460B463046394616462C
:101A10001F4600224FF0804329F07AF902460B4618
:101A20003046394629F056FC424606460F464B469C
:101A30002046294629F024FB42464B4629F06AF904
:101A400002460B463046394629F062F922462B46BB
:101A500029F05EF902460B4600205F4929F058F94B
:101A60000C465C44B4F5801FC0F29B812146DDE941
:101A7000062329F005FB02460B4619E49FED527B35
:101A80008DED067B7FE4002B00F0A68102230493FA
:101A9000C4E44FEA2A52A2F2FF32142A40F33781FB
:101AA000C2F1340223FA02F101FA02F29A4200F082
:101AB0009B81002B3AD1B7F1804F00F04F81204637
:101AC000294623F0B5F80B460099024600297FF419
:101AD000B1AC414926F04040884200F0CC810299E7
:101AE000002900F0C381002104913EE4DFF8F0C03A
:101AF00021F00043634540F21B81384B0B44034304
:101B00000AD132463B4629F003F9DDE9022329F0E8
:101B10003DFD00283FF4CCAEDDE9060100220023A4
:101B200029F020FD003818BF01203CE4204629465A
:101B300023F07EF80B460099024600297FF47AAC28
:101B4000254926F04040884200F07881029900291A
:101B500000F060810099049107E4B7F1804F00F034
:101B6000FD80A2F5801297427FF4F5AB204629460E
:101B700013B0BDE8F04F22F0E9B800BFAFF300802A
:101B8000FE822B654715973C00000000432EE63F80
:101B9000EF39FAFE422EE63F396CA80C615C20BE9C
:101BA000D0A4BE726937663EF16BD2C541BDBB3E63
:101BB0002CDE25AF6A56113F93BDBE166CC1663F41
:101BC0003E5555555555C53F000000000000F0BF7B
:101BD000FFFF8F400000F0FF0000F03F00346F3F38
:101BE000FFCB9040002B7FF45BABFFF7EBBB9FED8F
:101BF000AA7B8DED087B9FEDAA7B8DED047B9DED8F
:101C0000087B00258DED107B66E400203FE4B4499D
:101C100002988842C0F0D380B2490298884200F20C
:101C2000EC80104619460022AE4B29F071F89EA3B5
:101C3000D3E9002304460D4629F022FA9CA3D3E9F8
:101C4000002382468B462046294629F019FAA64BE6
:101C5000CDE9000100222046294629F011FA02466A
:101C60000B4695A1D1E9000129F052F822462B46F6
:101C700029F006FA02460B4600209C4929F048F854
:101C800022462B4606460F462046294629F0F8F9FB
:101C900002460B463046394629F0F2F988A3D3E9CB
:101CA000002329F0EDF902460B46DDE9000129F099
:101CB0002FF804460D4622462B465046594629F039
:101CC00029F8002052465B46CDE9020129F020F8B0
:101CD00002460B462046294629F01AF8CDE90401B0
:101CE0008CE5029904917F49002029F0F3FA02461D
:101CF0000B46FFF77DBB002F4FF000024FF00003B3
:101D0000BFF6D6AA424609F10043FFF7D1BA002B2D
:101D10007FF40CAFC2F114024AFA02F101FA02F2A6
:101D200052457DD06F4A92453FF4F7AAFFF70FBBAB
:101D30006E4A934200F28880DDE900239346924682
:101D4000E0E522462B466749002029F0C3FA024607
:101D50000B46FFF7ADBAB7F1804F3DD122462B4677
:101D60002046294629F08CF902460B46FFF7A0BA17
:101D70009FED557B8DED087B9FED557B8DED107BA9
:101D80009FED557B4FF480258DED047BFFF7A4BBC1
:101D9000002F7FF707AB002013B0BDE8F04F22F013
:101DA00075BF5246FFF708F961E6DDE9060100223A
:101DB000002329F0D7FB003818BF0120ECE7DDE94C
:101DC00006010022002329F0CDFB003818BF0120B6
:101DD000002FBFF6E8AADFE702230493FFF7BCBA9F
:101DE00000220023FFF764BA002BB4D001F00101F8
:101DF000C1F102030493FFF711BBDDE906010022E4
:101E0000002329F0AFFB003818BF0120002FC3DCEE
:101E1000FFF7C9BA002FFFF664AF0491FFF7EBBAE2
:101E2000304B9A453FF479AAB7F1804F96D001F034
:101E30000101C1F102030493FFF78EBA002F0BDBFF
:101E400000990491FFF7D7BA1B15A3F2FE334FF4A4
:101E5000801242FA03F32DE52249002029F03AFAD4
:101E6000009B049302460B46FFF7C5BA002FD4DA55
:101E70000021049137E7002F01DB0021CDE719494C
:101E8000002029F027FA0023049302460B46FFF7AF
:101E9000B2BA00BFAFF300800000000000000000F5
:101EA000000000000000F03F000000604715F73F11
:101EB00044DF5DF80BAE543E555555555555D53F4D
:101EC000FE822B654715F73F0000004003B8E23F54
:101ED00006D0CF43EBFD4C3E000000000000F83F71
:101EE000FFFFEF3F0000F03F0000D03F0000E03F69
:101EF0002DE9F047D04F21F00042BA4286B00446A7
:101F00000D464FEAD1760DD9CC4FBA426FD9C1F305
:101F100013030343024640F04481002E64D00020A6
:101F2000002161E0C64B9A4200F21281C54B9A42F1
:101F300040F2248122462B462046294629F0A0F86B
:101F4000A7A3D3E9002306460F4629F099F8A6A3D4
:101F5000D3E9002328F0DCFE32463B4629F090F816
:101F6000A3A3D3E9002328F0D5FE32463B4629F04F
:101F700087F8A1A3D3E9002328F0CAFE32463B46E6
:101F800029F07EF89EA3D3E9002328F0C3FE324651
:101F90003B4629F075F802460B462046294628F0B4
:101FA000B7FECDE90201DDE90289204642464B46F3
:101FB000294629F065F8002206460F464FF0804377
:101FC0004046494628F0A4FE02460B4630463946B4
:101FD00029F080F922462B4628F09AFE02460B464D
:101FE0000020994928F094FE06B0BDE8F08786A34A
:101FF000D3E9002329F0D4FA0746002840F0D7801F
:1020000083A3D3E900232046294629F0ABFA002810
:1020100040F0DF808D4B204603EBC60629467EA3A9
:10202000D3E9002329F02CF8D6E9082328F072FE22
:1020300029F0D6FA824628F0B9FF79A3D3E9002324
:1020400006460F4629F01CF802460B462046294654
:1020500028F05EFE74A3D3E900238046894630460B
:10206000394629F00DF8CDE90001DDE900234046AD
:10207000494628F04DFE02460B4604460D4628F020
:10208000FFFF57A3D3E9002306460F4628F0F8FFC9
:1020900055A3D3E9002328F03BFE32463B4628F007
:1020A000EFFF53A3D3E9002328F034FE32463B462A
:1020B00028F0E6FF50A3D3E9002328F029FE32469A
:1020C0003B4628F0DDFF4EA3D3E9002328F022FE93
:1020D00032463B4628F0D4FF02460B4620462946AE
:1020E00028F016FE06460F462046294632463B4655
:1020F000CDE9026728F0C4FFCDE90401BAF1000F71
:102100003FF451AF32463B4600204FF0804128F06B
:10211000FFFD02460B46DDE9040129F0DBF802462B
:102120000B46DDE9000128F0F3FD42464B4628F05E
:10213000EFFD02460B460020434928F0E9FD6FF40D
:102140007F72924539DB01EB0A5106B0BDE8F0879A
:102150003F4B9A423FF65EAF3C4C04EBC604D4E9D9
:10216000002328F0D5FD94ED047B86F0010A8DED67
:10217000007B80468946AAEB060A76E72CA3D3E9C2
:10218000002328F0C7FD304B002229F009FA00286F
:102190003FF4D0AE2C4B00222046294628F0BAFD51
:1021A00022E70B4628F0B6FD06B0BDE8F087002018
:1021B00006B0BDE8F04722F069BD0AF57A7A01EB76
:1021C0000A5100224FF0B87328F05AFF06B0BDE85C
:1021D000F087384606B0BDE8F04722F04DBD00BF9D
:1021E000D0A4BE726937663EF16BD2C541BDBB3E1D
:1021F0002CDE25AF6A56113F93BDBE166CC1663FFB
:102200003E5555555555C53FEF39FAFE422E86408D
:1022100051302DD5104987C0FE822B654715F73FF9
:102220000000E0FE422EE63F763C7935EF39EA3D8C
:102230009C7500883CE4377E412E8640FFFFEF7F8F
:10224000422ED63FFFFFEF3D0000F03F900C030011
:10225000B1A2F03F00000000B1F5801F2DE9F84366
:1022600004460D460B4619DA21F00042024353D0D2
:10227000002959DB364B002228F002FF354A0D4673
:102280002B46934204466FF035010CDD22462B4667
:102290002046294628F03EFDBDE8F8832D4A9342AA
:1022A0004FF00001F2DC1815A0F2FF300844C70F10
:1022B00000EBD070C3F3130628F078FEC7F57F73E8
:1022C000033346EA03551CA3D3E90023804689461D
:1022D00028F0D6FE02460B462046294614461D46E7
:1022E00000F022FB16A3D3E9002328F0C9FE224602
:1022F0002B4628F00FFD14A3D3E9002304460D4616
:102300004046494628F0BCFE02460B462046294678
:1023100028F000FDBDE8F883002200230E490020CC
:1023200028F0D8FFBDE8F883024628F0F1FC00222F
:10233000002328F0CFFFAFE7362BF111F3FE593D14
:102340000EE526157BCBDB3F00609F501344D33F47
:1023500000005043FFFFEF7F000050C3000000006B
:10236000C1F30A5C2DE9F041ACF2FF35132D0246B2
:102370000B460C46064622DC002D42DBDFF8E480EB
:1023800048FA05F801EA080C5CEA000C0F461BD07D
:1023900032A3D3E9002328F0BDFC0022002329F05A
:1023A000FFF840B1002C03DA4FF480132B411F4497
:1023B00027EA0804002621463046BDE8F081332D87
:1023C00006DDB5F5806F2CD010461946BDE8F081CA
:1023D000ACF2134C4FF0FF3727FA0CF73842F3D02A
:1023E0001EA3D3E9002328F095FC0022002329F046
:1023F000D7F80028DFD0002C33461CDB23EA070681
:10240000D9E716A3D3E9002328F084FC0022002397
:1024100029F0C6F80028CED0002C05DB0026344673
:10242000C9E728F077FCD1E724F0004426430DD11A
:102430004FF00044BFE7142D06D0C5F1340501224A
:10244000AA4013449E42D9D90134D7E7024C002652
:10245000B1E700BFAFF300800000F0BF9C750088BB
:102460003CE4377EFFFF0F002DE9F84F99465342B9
:102470005F4F134329F0004E4EEAD373BB429046A0
:1024800004460D463DD84642064321F0004A4AEA3A
:10249000D676BE4203468B4633D809F1404606F550
:1024A000801616433DD04FEAA97606F0020653EA9D
:1024B0000A0346EAD1762CD052EA0E0235D0BE4548
:1024C00046D0BA4531D0AAEB0E0ABAF1747F4FEA72
:1024D0002A5339DAB9F1000F46DA3C3344DA0020E6
:1024E0000021012E58D0022E49D086B134A3D3E961
:1024F000002328F00DFC34A3D3E9002328F008FCC6
:1025000005E022462B464046494628F003FCBDE83C
:10251000F88F022E10D0032EF9D12DA1D1E90001A0
:10252000F5E7BDE8F84F00F067B8BBF1000F07DB37
:1025300029A1D1E90001EAE723A1D1E90001E6E7F9
:1025400027A1D1E90001E2E723A1D1E90001C8E711
:10255000F24506F1FF3623D0022E29D8254B03EB96
:10256000C603D3E90601D2E742464B462046294638
:1025700028F0B0FE22F05CFB00F03EF8B1E710A3BB
:10258000D3E9002328F0C4FB02460B460EA1D1E993
:10259000000128F0BDFBBAE701F100431946B6E798
:1025A000022E08D8134B03EBC603D3E90001AEE7B4
:1025B00000200021ABE70CA1D1E90001A7E700BF93
:1025C000075C143326A6A13C182D4454FB21094076
:1025D000182D4454FB2109C0182D4454FB21F93F08
:1025E000182D4454FB21F9BF182D4454FB21E93F19
:1025F0000000F07FD80C03002DE9F84FC04B21F00C
:1026000000469E4204460D468A460ED9BD4B9E4268
:1026100000F2AE8000F0A980BAF1000F40F3E8802C
:102620009BA1D1E90001BDE8F88FB74B9E4200F2B3
:10263000B680A3F1DE739E4240F2A2804FF0FF3BD2
:1026400022462B462046294628F01AFD02460B4614
:102650008046894628F014FD8FA3D3E9002306465F
:102660000F4628F00DFD8EA3D3E9002328F052FB7E
:1026700032463B4628F004FD8BA3D3E9002328F023
:1026800049FB32463B4628F0FBFC89A3D3E90023F3
:1026900028F040FB32463B4628F0F2FC86A3D3E903
:1026A000002328F037FB32463B4628F0E9FC84A3A0
:1026B000D3E9002328F02EFB42464B4628F0E0FCED
:1026C00081A3D3E90023804689463046394628F065
:1026D000D7FC7FA3D3E9002328F01AFB32463B4600
:1026E00028F0CEFC7CA3D3E9002328F011FB32466E
:1026F0003B4628F0C5FC7AA3D3E9002328F008FB69
:1027000032463B4628F0BCFC77A3D3E9002328F0EF
:10271000FFFA32463B4628F0B3FC02460B464046E1
:10272000494628F0F7FA22462B4628F0A9FCBBF1CF
:10273000FF3F02460B4660D0744E06EBCB06D6E94F
:10274000082328F0E5FA22462B4628F0E1FA024653
:102750000B46D6E9000128F0DBFABAF1000F0DDADA
:1027600001F100431946BDE8F88F00283FF454AF4B
:1027700022462B462046294628F0CCFABDE8F88FA1
:102780005BA3D3E9002328F0C5FA614B002228F0AF
:1027900007FF00283FF452AF20462946EEE722F01B
:1027A00047FA5C4B9E4204460D462CD8A3F55023B5
:1027B0009E4253D802460B4628F0ACFA544B0022F6
:1027C00028F0A6FA02460B462046294614461D4626
:1027D00000224FF0804328F09DFA02460B46204627
:1027E000294628F077FD4FF0000B04460D4627E7F9
:1027F00041A1D1E90001BDE8F88F2046294628F023
:1028000087FABDE8F88F444B9E421CD2434B00220E
:1028100028F07EFA02460B462046294614461D46FD
:1028200000223E4B28F02CFC394B002228F072FA93
:1028300002460B462046294628F04CFD4FF0020B7D
:1028400004460D46FCE622462B463549002028F07A
:1028500041FD4FF0030B04460D46F1E62C4B0022E0
:1028600028F056FA02460B462046294614461D46D5
:102870000022274B28F04EFA02460B4620462946F6
:1028800028F028FD4FF0010B04460D46D8E600BFA6
:10289000182D4454FB21F93F11DA22E33AAD903F61
:1028A000EB0D76244B7BA93F513DD0A0660DB13F87
:1028B0006E204CC5CD45B73FFF8300922449C23FEF
:1028C0000D5555555555D53F2F6C6A2C44B4A2BFB4
:1028D0009AFDDE522DDEAD3F6D9A74AFF2B0B33F7C
:1028E000711623FEC671BC3FC4EB98999999C93FF4
:1028F0009C7500883CE4377E182D4454FB21F9BFB9
:10290000FFFF0F440000F07FFFFFDB3F180D0300C7
:102910000000F03FFFFFF23F008003400000F83F5F
:102920000000F0BF000000002DE9F04FB1F5801F5E
:1029300087B002460B460D4680F2838021F00044AA
:10294000044300F020810029C0F26081D64B0022B0
:1029500028F096FB0D460B46D4498D426FF03506A4
:10296000024673DC2C15C5F3130505F51521A4F2F9
:10297000FF3401F6647101F48011344404EB115406
:1029800081F07F5181F4401141EA05031046194658
:102990000022C74B28F0BCF9AB1CC3F31303022B76
:1029A00082468B464FF0000257DC002328F0D0FD12
:1029B000002840F0F180A8A3D3E9002350465946EF
:1029C00028F05EFB02460B460020BA4928F0A0F929
:1029D000524606460F465B465046594628F050FB85
:1029E00002460B463046394628F04AFB06460F465B
:1029F000002C00F00281204628F0D8FA98A3D3E9F1
:102A000000238046894628F03BFB97A3D3E90023A7
:102A100004460D464046494628F032FB02460B4626
:102A20003046394628F074F952465B4628F070F972
:102A300002460B462046294628F06AF907B0BDE851
:102A4000F08F9A498D424FF000068BDD10461946F3
:102A500028F060F907B0BDE8F08F4FF0804328F010
:102A600059F902460B465046594628F033FC0646B3
:102A700020460F4628F09AFA3246CDE904013B463B
:102A800030463946CDE9026728F0FAFA02460B468D
:102A9000CDE9002328F0F4FA75A3D3E90023064614
:102AA0000F4628F0EDFA74A3D3E9002328F032F999
:102AB00032463B4628F0E4FA71A3D3E9002328F01C
:102AC00029F932463B4628F0DBFA6FA3D3E900230D
:102AD00028F020F9DDE9002328F0D2FA6CA3D3E92D
:102AE0000023CDE900013046394628F0C9FA6AA32F
:102AF000D3E9002328F00EF932463B4628F0C0FA0D
:102B000067A3D3E9002328F005F932463B4628F0B5
:102B1000B7FAA5F5C22802460B46C5F5D725DDE96B
:102B2000000128F0F7F8A8F27A48513545EA08057F
:102B3000002D06460F464BDD5E4B0022504659469F
:102B400028F09EFA52465B4628F09AFA804689465B
:102B50003046394642464B4628F0DCF8DDE9022390
:102B600028F08EFA06460F46002C56D102460B4638
:102B70004046494628F0CCF802460B465046594696
:102B800028F0C6F866E7002200234B49002028F011
:102B9000A1FB07B0BDE8F08F002C57D0204628F0ED
:102BA00005FA2FA3D3E9002306460F4628F068FA5A
:102BB0002DA3D3E9002304460D463046394628F0BC
:102BC0005FFA02460B462046294628F0A3F841E763
:102BD00002460B465046594628F09AF8DDE9022392
:102BE00028F04EFA06460F463CB1DDE904891CA3E5
:102BF000D3E900234046494605E732463B46504666
:102C0000594628F085F807B0BDE8F08F28F080F825
:102C10000022002328F05EFB1CE711A3D3E9002368
:102C2000DDE9040128F02CFA0FA3D3E900230446C0
:102C30000D46DDE9040128F023FA32463B4628F030
:102C400069F802460B4640464946EBE60020002163
:102C500000E700BFAFF30080555555555555D53F9A
:102C60000000E0FE422EE63F763C7935EF39EA3D42
:102C700044523EDF12F1C23FDE03CB966446C73FAB
:102C8000599322942449D23F935555555555E53FC4
:102C90009FC678D0099AC33FAF788E1DC571CC3FCF
:102CA00004FA97999999D93F00005043FFFFEF7FAD
:102CB0000000F03F0000E03F000050C300000000B3
:102CC0002DE9F04F21F00048B8F1795F85B09246C8
:102CD0009B4606460F466DD228F082FC002800F085
:102CE000EE8032463B463046394628F0C9F976A395
:102CF000D3E9002304460D4628F0C2F974A3D3E9B2
:102D0000002328F007F822462B4628F0B9F972A3D1
:102D1000D3E9002327F0FCFF22462B4628F0B0F928
:102D20006FA3D3E9002327F0F5FF22462B4628F0B6
:102D3000A7F96DA3D3E9002327F0EAFF22462B462B
:102D400028F09EF96AA3D3E9002327F0E3FF224687
:102D50002B4628F095F9CDE90001694B0022204669
:102D6000294628F08DF9DDE9002380468946204672
:102D7000294628F085F944464D4680468946524604
:102D80005B463046394628F07BF902460B46404602
:102D9000494627F0BDFF02460B462046294627F04C
:102DA000B7FF02460B460020564927F0B1FF05B099
:102DB000BDE8F08F02460B4628F062F942A3D3E942
:102DC000002304460D4628F05BF941A3D3E9002314
:102DD00027F0A0FF22462B4628F052F93EA3D3E964
:102DE000002327F095FF22462B4628F049F93CA303
:102DF000D3E9002327F08EFF22462B4628F040F926
:102E000039A3D3E9002327F083FF22462B4628F07D
:102E100037F937A3D3E9002327F07CFF2B4622465E
:102E200028F02EF9384B9845CDE9000195D9374B5C
:102E300098453BD8A8F5001300223249002090465F
:102E4000994627F065FFCDE902012D4B002220466F
:102E5000294628F015F942464B4627F059FFDDE98F
:102E60000023804689462046294628F009F9444631
:102E70004D468046894652465B463046394628F0E4
:102E8000FFF802460B464046494627F041FF0246FE
:102E90000B462046294627F03BFF02460B46DDE95C
:102EA000020127F035FF05B0BDE8F08F9FED127BE2
:102EB000DFF85C908DED027B4FF00008C5E711490B
:102EC000002005B0BDE8F08FD43888BEE9FAA8BD6F
:102ED000C4B1B4BD9EEE213EAD529C804F7E923E69
:102EE0009015CB19A001FA3E7751C1166CC1563F1F
:102EF0004C5555555555A53F000000000000E73FD3
:102F00000000E03F0000F03F3233D33F0000E93FD4
:102F10000000D23F000000002DE9F04FBE4B21F031
:102F2000004A9A4583B004460D4612D90AF1404A38
:102F30000AF5801A5AEA000A00F0FD8002460B46A4
:102F400027F0E6FE02460B4628F0C4F903B0BDE8C0
:102F5000F08FB24B9A458B460FD8BAF1795F80F06B
:102F6000658191A3D3E9002327F0D4FEAC4B002266
:102F700028F016FB002840F012812046294621F057
:102F800057FE02460B460020A54927F0C1FEA54B7F
:102F9000002228F075F886A3D3E9002304460D46E5
:102FA00028F06EF884A3D3E9002327F0B3FE22466D
:102FB0002B4628F065F882A3D3E9002327F0A8FE6A
:102FC00022462B4628F05CF87FA3D3E9002327F0A4
:102FD000A1FE22462B4628F053F87DA3D3E9002317
:102FE00027F096FE22462B4628F04AF87AA3D3E92A
:102FF000002327F08FFE22462B4628F041F878A3C5
:10300000D3E90023CDE900012046294628F038F80D
:1030100075A3D3E9002327F07BFE22462B4628F038
:103020002FF873A3D3E9002327F074FE22462B4622
:1030300028F026F870A3D3E9002327F069FE224682
:103040002B4628F01DF8764B002227F063FE06463B
:103050000F462046294620F079FE3B4680468946A9
:103060003246DDE9000128F035F96F4B9A45CDE98C
:10307000000146464F4677D832464B4630464946D1
:1030800027F048FEDDE9002327F0FAFF4FF00008A3
:10309000CDE9000142464B464046494627F0F0FF45
:1030A00002460B462046294627F032FE4246044699
:1030B0000D464B463046494627F02CFE02460B464D
:1030C0002046294628F006F902460B4627F022FE44
:1030D00002460B464AA1D1E9000127F019FE02463B
:1030E0000B46DDE9000127F013FE424604460D467B
:1030F0004B464046394627F00DFE02460B4642A19C
:10310000D1E9000127F004FE02460B46204629467D
:1031100027F0FEFD02460B463BA1D1E9000127F056
:10312000F7FDBBF1000F3FF711AF01F10043194666
:1031300003B0BDE8F08F36A3D3E9002327F0A0FF4A
:1031400002460B462046294614461D462CA3D3E9C9
:10315000002327F095FF02460B462046294627F01C
:10316000D9FD03B0BDE8F08F02460B464046494604
:1031700027F086FF42464B4627F0CCFD02460B4621
:1031800027F0C8FD1EA3D3E9002327F0C1FD0246A6
:103190000B461FA1D1E9000127F0BAFDC1E7204687
:1031A0002946D3E6AFF300809C7500883CE4377E67
:1031B00009F7FD0DE13D023F88B20175E0EF493F9F
:1031C0003B8F68B52882A43F5544880E55C1C93F3E
:1031D0007D6FEB0312D6D43F555555555555C53F18
:1031E00082922EB1C5B8B33F59018D1B6C06E63FE4
:1031F000C88A599CE52A00404B2D8A1C273A034077
:10320000075C143326A6913C182D4454FB21E93F5A
:10321000182D4454FB21F93FFFFFEF3FFFFFDF3F35
:103220000000F03F0000E03F3233EF3F02460B4624
:1032300027F026FF37A3D3E9002306460F4627F0E1
:103240001FFF36A3D3E9002327F064FD32463B4637
:1032500027F016FF33A3D3E9002327F059FD3246A8
:103260003B4627F00DFF31A3D3E9002327F052FDA1
:1032700032463B4627F004FF2EA3D3E9002327F074
:1032800047FD32463B4627F0FBFE2CA3D3E9002343
:1032900027F040FD32463B4627F0F2FE29A3D3E952
:1032A0000023804689463046394627F0E9FE27A3A9
:1032B000D3E9002327F02CFD32463B4627F0E0FE01
:1032C00024A3D3E9002327F025FD32463B4627F00F
:1032D000D7FE22A3D3E9002327F01AFD32463B464E
:1032E00027F0CEFE0A4B002227F014FD02460B46C3
:1032F0004046494627F0EEFF22462B4627F0C0FE07
:1033000022462B4627F006FD03B0BDE8F08F00BF34
:103310000000F03F09F7FD0DE13D023F88B2017565
:10332000E0EF493F3B8F68B52882A43F5544880EA3
:1033300055C1C93F7D6FEB0312D6D43F5555555546
:103340005555C53F82922EB1C5B8B33F59018D1B6B
:103350006C06E63FC88A599CE52A00404B2D8A1C22
:10336000273A0340000000002DE9F84FC44E21F039
:103370000043B34204460D460DD903F1404303F523
:103380008013034340F0B980002940F3C08000203F
:103390000021BDE8F88FBB4EB34208D8BA4A934229
:1033A00000F2BA809CA1D1E90001BDE8F88F0029A4
:1033B000C0F2708122462B46B449002027F0A8FCB9
:1033C000B34B002227F05CFE04460D4620F0BEFC05
:1033D00093A3D3E90023894680462946204627F057
:1033E0004FFE91A3D3E9002327F094FC22462B46FD
:1033F00027F046FE8EA3D3E9002327F089FC22465E
:103400002B4627F03DFE8CA3D3E9002327F082FC56
:1034100022462B4627F034FE89A3D3E9002327F068
:1034200077FC22462B4627F02BFE87A3D3E9002307
:1034300027F070FC22462B4627F022FE84A3D3E916
:10344000002382468B462046294627F019FE82A398
:10345000D3E9002327F05CFC22462B4627F010FE20
:103460007FA3D3E9002327F055FC22462B4627F003
:1034700007FE7DA3D3E9002327F04AFC22462B4612
:1034800027F0FEFD814B002227F044FC02460B464C
:103490005046594627F01EFF42464B4627F0F0FDA6
:1034A000002682468B4632464B463046494627F038
:1034B000E7FD02460B462046294627F029FC324606
:1034C00004460D464B464046494627F023FC02463B
:1034D0000B462046294627F0FDFE02460B46504685
:1034E000594627F017FC32464B4627F013FC02469C
:1034F0000B4627F00FFCBDE8F88F02460B4627F07D
:1035000007FC02460B4627F0E5FEBDE8F88F58A100
:10351000D1E90001BDE8F88F02460B4627F0B0FD67
:103520003FA3D3E9002306460F4627F0A9FD3EA39B
:10353000D3E9002327F0EEFB32463B4627F0A0FDFF
:103540003BA3D3E9002327F0E3FB32463B4627F0B9
:1035500097FD39A3D3E9002327F0DCFB32463B4635
:1035600027F08EFD36A3D3E9002327F0D1FB3246A6
:103570003B4627F085FD34A3D3E9002327F0CAFB9F
:1035800032463B4627F07CFD31A3D3E90023804639
:1035900089463046394627F073FD2FA3D3E900232F
:1035A00027F0B6FB32463B4627F06AFD2CA3D3E951
:1035B000002327F0AFFB32463B4627F061FD2AA3EC
:1035C000D3E9002327F0A4FB32463B4627F058FD01
:1035D0002E4B002227F09EFB02460B4640464946F2
:1035E00027F078FE22462B4627F04AFD02460B467E
:1035F00021A1D1E9000127F08BFB02460B462046B2
:10360000294627F085FB02460B4603A1D1E90001BC
:1036100027F07EFBBDE8F88F182D4454FB21F93FBD
:1036200009F7FD0DE13D023F88B20175E0EF493F2A
:103630003B8F68B52882A43F5544880E55C1C93FC9
:103640007D6FEB0312D6D43F555555555555C53FA3
:1036500082922EB1C5B8B33F59018D1B6C06E63F6F
:10366000C88A599CE52A00404B2D8A1C273A034002
:10367000182D4454FB210940075C143326A6913CC5
:10368000FFFFEF3FFFFFDF3F0000603C0000F03F27
:103690000000E03F5E4B002227F03CFB5D4B002228
:1036A00027F0EEFC42A3D3E9002304460D4627F0A1
:1036B000E7FC41A3D3E9002327F02CFB22462B464D
:1036C00027F0DEFC3EA3D3E9002327F021FB2246AE
:1036D0002B4627F0D5FC3CA3D3E9002327F01AFBA7
:1036E00022462B4627F0CCFC39A3D3E9002327F050
:1036F0000FFB22462B4627F0C3FC37A3D3E9002358
:1037000027F008FB22462B4627F0BAFC34A3D3E966
:10371000002306460F462046294627F0B1FC32A377
:10372000D3E9002327F0F4FA22462B4627F0A8FC21
:103730002FA3D3E9002327F0EDFA22462B4627F0EA
:103740009FFC2DA3D3E9002327F0E2FA22462B4663
:1037500027F096FC2E4B002227F0DCFA80468946A3
:103760002046294620F0F2FA424604460D464B46D2
:103770003046394627F0AEFD22462B4627F080FC26
:103780001FA3D3E9002327F0C3FA22462B4627F0D4
:10379000C1FA02460B4627F0BDFA02460B461AA1B3
:1037A000D1E9000127F0B4FABDE8F88FAFF300804B
:1037B00009F7FD0DE13D023F88B20175E0EF493F99
:1037C0003B8F68B52882A43F5544880E55C1C93F38
:1037D0007D6FEB0312D6D43F555555555555C53F12
:1037E00082922EB1C5B8B33F59018D1B6C06E63FDE
:1037F000C88A599CE52A00404B2D8A1C273A034071
:10380000075C143326A6913C182D4454FB21094033
:103810000000F03F0000E03F2DE9F04F9B46D64B03
:1038200021F000479F4287B09246804689460E4667
:1038300051D827F0D5FE0446002871D1109B42468E
:10384000013313433B4300F0E581109B012B00F053
:10385000EE8152465B464046494627F05BFA0B46EE
:103860000246C64900201F4627F034FD42464B461B
:10387000804689462046394627F04AFA02460B46DA
:103880005046594627F044FA22464B4627F0F8FBAB
:1038900002460B4616462046224639461F464B46F0
:1038A00027F0EEFBB64B002227F034FA02460B4617
:1038B0003046394627F02EFA42464B4627F0E0FBC9
:1038C00022464B4627F026FA04460D462046294656
:1038D00007B0BDE8F08FAB4B9F4221D9002905DA34
:1038E00001F1004399460BF100439B4642464B468B
:1038F00083A1D1E9000127F00BFA52465B4604464A
:103900000D4681A1D1E9000127F002FA22462B469B
:1039100027F000FA4FF0000A804689464FF0000B6E
:1039200042464B464046494627F0AAFB02460B4614
:10393000CDE9002327F0A4FBDDE9002304460D4672
:103940004046494627F09CFB71A3D3E90023CDE90B
:1039500002012046294627F093FB6FA3D3E90023F9
:1039600027F0D8F922462B4627F08AFB6CA3D3E92F
:10397000002327F0CFF922462B4627F081FB6AA3CC
:10398000D3E9002327F0C6F922462B4627F078FB1F
:1039900067A3D3E9002327F0BDF922462B4627F081
:1039A0006FFB65A3D3E9002327F0B4F9DDE9002319
:1039B00027F066FB62A3D3E90023CDE9040120468A
:1039C000294627F05DFB60A3D3E9002327F0A2F985
:1039D00022462B4627F054FB5DA3D3E9002327F0B2
:1039E00099F922462B4627F04BFB5BA3D3E9002332
:1039F00027F090F922462B4627F042FB58A3D3E943
:103A0000002327F087F922462B4627F039FB56A3DF
:103A1000D3E9002327F07EF902460B46DDE90401D5
:103A200027F078F9DDE9022327F02AFB52465B46AE
:103A300027F070F9DDE9002327F022FB52465B46B0
:103A400027F068F94AA3D3E9002304460D46DDE9CF
:103A5000020127F015FB22462B4627F05BF9824630
:103A60008B465B4640464946524627F053F9454B44
:103A70009F4204460D4600F28780109B012B37D0F1
:103A8000002602460B460F4600203C49CDE9006760
:103A900027F020FC42460D4604464B46DDE9000176
:103AA00027F036F902460B465046594627F030F9C2
:103AB0002B46324627F0E4FA2B46804689463246AA
:103AC000DDE9000127F0DCFA2D4B002227F022F976
:103AD00002460B464046494627F01CF922462B4633
:103AE00027F0CEFA2B46324627F014F904460D464D
:103AF0002046294607B0BDE8F08F00BFAFF3008035
:103B0000182D4454FB21E93F075C143326A6813C61
:103B1000D47ABF74702AFB3EE9A7F0320FB8123F87
:103B200068108D1AF726303F1583E0FEC8DB573F3B
:103B300093846EE9E326823FFE41B31BBAA1AB3FFB
:103B4000735360DBCB75F3BEA69237A0887E143F1B
:103B50000165F2F2D844433F280356C9226D6D3FF8
:103B600037D60684F464963F7AFE10111111C13FD6
:103B7000635555555555D53FFFFF2F3E0000F0BF0B
:103B80000000F03F2794E53F109827F00FFA2246F7
:103B9000CDE900012B462046294627F071FA02465E
:103BA0000B462046294614461D46DDE9002327F032
:103BB000B1F802460B462046294627F08BFB5246B9
:103BC0005B4627F0A5F802460B464046494627F0DB
:103BD0009FF802460B4627F09DF802460B46DDE9AA
:103BE000000127F095F84FEAA67808F0020804468D
:103BF000C8F101000D4627F0D9F902460B462046D0
:103C0000294627F03DFA04460D462046294607B0CE
:103C1000BDE8F08F4046494621F00AF802460B46BF
:103C20000020044927F056FB04460D4660E7444651
:103C30004D465DE70000F03F2DE9D04FD04E21F01A
:103C40000043B34284B082468B4601F0004411D950
:103C5000CC4EB34240F2C980CB4EB34240F2BD805D
:103C6000C1F31302024300F0D48102460B4627F051
:103C700051F8E4E0C54A934200F2E480C44A93421A
:103C800040F245810024C34B00225046594627F09C
:103C9000F7F906460F4632463B465046594627F04E
:103CA000EFF99FA3D3E900238046894627F0E8F97E
:103CB0009DA3D3E9002327F02DF842464B4627F079
:103CC000DFF99BA3D3E9002327F022F842464B46B5
:103CD00027F0D6F998A3D3E9002327F01BF8424632
:103CE0004B4627F0CDF996A3D3E9002327F010F82F
:103CF00042464B4627F0C4F9A74B002227F00AF8AA
:103D000002460B4630463946CDE9002327F0B8F984
:103D100002460B460020A14926F0FAFF06460F4650
:103D200032463B46DDE9000126F0F2FF32463B46D3
:103D300006460F465046594627F0A2F902460B4662
:103D40000020974926F0E4FF02460B4630463946EC
:103D500027F0C0FA42464B4627F092F902460B463E
:103D6000002C5ED0DDE9026732463B4626F0D0FFEC
:103D700052465B4627F084F932463B4626F0C8FFA0
:103D80004B46424626F0C4FF631C06460F4600F031
:103D90003181012C00F00A81631C392B4FEA045653
:103DA00000F2A480132C00F3458152465B464FF489
:103DB000001726F0ADFF47FA04F4C4F17F594FF025
:103DC000000809F5401902460B464046494626F0D0
:103DD0009FFF711804B0BDE8D08F5BA3D3E9002327
:103DE00027F0DEFB002840F04681002C53D058A37A
:103DF000D3E900235046594626F08CFF00220023C9
:103E000027F0B0FB002840F0078153A3D3E900233B
:103E10005046594627F034F902460B4600206149C6
:103E200044E05046594627F02BF942464B4626F0CF
:103E30006FFF02460B465046594626F069FF04B014
:103E4000BDE8D08F584A934200F2E98044A3D3E9F9
:103E50000023002C00F0C48026F05CFF0FF208194C
:103E6000D9E9008906460F464FF0FF3442464B46DB
:103E70003046394626F04CFF82468B4652465B461A
:103E80003046394626F044FF42464B4626F040FF76
:103E9000CDE90201F7E630A3D3E9002350465946A5
:103EA00027F0EEF80B463B490246002026F032FF91
:103EB00027F096FB044627F079F829A3D3E90023DD
:103EC0008046894627F0DCF802460B4650465946A4
:103ED00026F01EFF26A3D3E9002306460F464046E0
:103EE000494627F0CDF880468946BFE752465B46F3
:103EF00026F00EFF02460B460020274926F008FF59
:103F0000731819460022244B26F002FF97E71AA3E4
:103F1000D3E9002326F0FEFE02460B4687E700BFEA
:103F20002DC3096EB7FD8ABE3952E686CACFD03E90
:103F3000B7DBAA9E19CE143F8555FE19A0015A3F42
:103F4000F41011111111A13FEF39FAFE422E8640F3
:103F500059F3F8C21F6EA501FE822B654715F73F86
:103F60000000E0FE422EE63F763C7935EF39EABDAF
:103F7000763C7935EF39EA3D9C7500883CE4377E24
:103F800079684340412E8640FFFFEF7F422ED63FA7
:103F9000FFFF8F3C0000E03F0000F03F00000840C2
:103FA000000018400000E0BFB1A2F03F3A4B0022F1
:103FB0005046594627F0D6FA00284DD0374B504688
:103FC0005946002226F0A6FE02460B4630463946E8
:103FD00026F09EFE00224FF0404327F051F82EE7D6
:103FE00026F096FE0FF2A009D9E9008906460F4691
:103FF00001243BE702460B465046594626F088FE10
:10400000264B002227F03CF8244B002226F080FEAD
:1040100015E7002C3FF413AF214900200FE71CA344
:10402000D3E9002327F02CF802460B46002044B3C6
:104030001C493BE7C4F57F7403342305002226F0B6
:1040400069FE02460B465046594626F061FE164B65
:10405000002226F05FFEBCE632463B4650465946FB
:1040600026F056FE02460B4626F054FE0E4B00226A
:1040700026F050FEE3E6002004B0BDE8D04F20F06B
:1040800005BE064912E700BF763C7935EF39EA3DB7
:10409000FE822B654715F73F0000D0BF0000E03FD0
:1040A0000000F0BF0000E0BF0000F03F0000000093
:1040B000594A2DE9F84321F00046964204460D4640
:1040C0005CD8564B0029ACBFDFF86891DFF86C91E3
:1040D0009E424FF0000812D9514B9E4240F28E8012
:1040E000504B9E4256D901339E4250D048A3D3E94B
:1040F00000232046294626F0C3FFBDE8F8834A4B3B
:104100009E425ED842A3D3E9002326F003FE474B2C
:10411000002227F045FAB8BB2046294620F088FD4A
:10412000FFF78AFD04460D4622462B4620462946C7
:1041300026F0F0FD224606460F462B46204629462D
:1041400026F09EFF02460B462046294614461D4691
:104150000022364B26F0DEFD02460B46204629465D
:1041600027F0B8F802460B463046394626F0D0FD17
:1041700042464B4626F084FFBDE8F88302460B46D4
:1041800026F0C8FDBDE8F88320462946FAE7284B0B
:104190009842ABD82046294620F04AFD254B002204
:1041A00026F06EFFFDF7A4FE04460D4622462B4680
:1041B0004046494626F064FF22462B4626F060FF23
:1041C000E0E720F035FDFFF737FD184B00220446ED
:1041D0000D4626F09FFD0B4617498E420246A3D995
:1041E0002046294627F076F822462B4626F092FDF7
:1041F00042464B4626F044FFBDE8F88320F018FD08
:10420000FDF776FE42464B4626F03AFFBAE700BF7E
:104210003374AC3C1F7BAC7FFFFFEF7FFFFF35406B
:10422000412E8640CD338640FFFF2F3E0000F03FF9
:104230007DF8B98F0000E03FFFFFEF3F0000E0BFD7
:1042400038B5124B1D682A6B04461AB10023C2E927
:10425000044338BD18200DF075FA0246286378B182
:1042600001200021C2E90401094B0A480A49916072
:10427000C2E900030B2393810023C2E9044338BD44
:10428000064B0748462122F037FA00BF8C00002079
:1042900034126DE60E33CDABECDE05006426030070
:1042A0007C2603001C4B10B51C68226B8AB1136975
:1042B0001A4954691A4803FB01F100FB0411A3FBDE
:1042C0000030013341EB0001C2E9043121F000402C
:1042D00010BD18200DF036FA0246206388B1114C4B
:1042E000114B0E48114991609FED097BC2E90043D3
:1042F0000B2393810E4B014682ED047BC2E904310E
:1043000010BD0C4B0C48522122F0F6F9AFF300809F
:1043100001000000000000008C0000202DF4515826
:104320002D7F954C0E33CDAB34126DE6ECDE0500DF
:104330002E7F954C642603007C26030000000000BD
:104340002DE9F04F9FB00F46002107921A910022ED
:104350000021CDE9041283463A461992904612F89C
:1043600001ABBAF12D0F5FD801A151F82AF000BFBF
:10437000B9450000294400002944000029440000F8
:104380002944000029440000294400002944000079
:10439000294400005B4300005B4300005B430000D6
:1043A0005B4300005B4300002944000029440000F7
:1043B0002944000029440000294400002944000049
:1043C0002944000029440000294400002944000039
:1043D0002944000029440000294400002944000029
:1043E0002944000029440000294400002944000019
:1043F0005B430000294400002944000029440000D8
:1044000029440000294400002944000029440000F8
:104410002944000029440000294400007548000098
:10442000294400008F48000000220892BAF1300FA2
:1044300000F0858000230993BAF12F0F564640F211
:1044400012854FF0000940464D464C4618E0082CB6
:10445000C8BF09EB890900F10100C8BF0AEB490A8E
:104460001990C8BFAAF1300990F800A0D8BFA3F1F5
:104470003005BAF12F0F04F10104564640F3A8802D
:1044800005EB8503BAF1390F0AEB4303DFDDAC49D5
:10449000012224F02BFB002868D11998431C1993A2
:1044A000417818460A46002C40F0EB80302A08BFBD
:1044B000034640F0D7851946013319931A78302AFC
:1044C000F9D0C0F101000144A2F13100082800F246
:1044D000C68101310F910021303A98460A9101249A
:1044E00005EB850502EB450500210133199318788A
:1044F000A0F13002092A01F1010600F27E84002AAF
:1045000000F08C870F98012E30440F9000F08487C4
:1045100004F1010C604606E075000130061B013E07
:10452000B14240F38F84461E082E05EB8506F3DD6D
:104530001028DCBF09EB89094FEA4909EDE798F833
:10454000012002F0DF02582A18BF434600F012840F
:104550000133199393F800A0BAF1300FF8D09846C0
:10456000BAF1000F0ED00123099365E7BAF1650F88
:104570001AD0BAF1450F17D0002C2FD1099B002B70
:1045800000F0BC804FF000084FF00009079A0AB114
:10459000199B1360089BB3B109F10043994640464B
:1045A00049461FB0BDE8F08F002C78D10A940F94D3
:1045B000099B002B40F0E2824FF000084FF0000909
:1045C000079B03B11F60404649461FB0BDE8F08F0E
:1045D0005B49012224F08AFA00284ED0284626F0B2
:1045E000D5FC092CCDE9040140F3CD820023102C29
:1045F000A2460E93A8BF4FF0100A0A9412930F938D
:10460000504B03EBCA0353E9122326F039FD06464B
:1046100048460F4626F0BAFC02460B46304639465D
:1046200026F078FB0F2CCDE9040100F3AC800E9B43
:10463000002B00F0A8820E9B40F38E82162B40F3D5
:1046400065840E9AC4F125039342C0F29C803D4DCF
:10465000C4F10F0405EBC401DDE90423D1E9000135
:1046600026F00EFD0E9B1C1B05EBC405D5E90023AF
:1046700026F006FD8046894688E7199A531C19934F
:104680005178A1F13000092800F2DE8002460028AE
:1046900000F0BD8601210A94A4460F91D4E30021C5
:1046A000199B0A940F918C465A1C19925E782B2EF6
:1046B00000F0C7802D2E00F0BE804FF0000AA6F15A
:1046C0003007092F37D8302E199A40F0E580013293
:1046D00019921678302EFAD0A6F13100082840F24F
:1046E000D98000221292002C34D1099A0A437FF417
:1046F00049AFBCF1000F40F03F841F46692E00F027
:10470000188400F31184492E00F013844E2E7FF498
:1047100053AF0D4919A824F0BFFB00283FF44CAF5C
:10472000199B1B78282B00F06D85084820F056FC5B
:10473000804689462AE7002219931292D3E700BFE8
:10474000E8260300B80D0300F826030048260300FE
:10475000002312930A9A1346002A08BF23460A939D
:104760000F9A129B102CA3EB020328460E93A2462D
:10477000A8BF4FF0100A26F009FC092CCDE904016E
:104780003FF73EAF53E70E9BA4EB0A0A9A44BAF1F7
:10479000000F40F3A9802AF00F071AF00F0A40F02B
:1047A0004283B7F59A7F00F3DC83102FDFF880A1F6
:1047B0004FEA271600F04C85DDE904234FF0000C8A
:1047C0005746E14616F0010F1046194607D0D7E9C3
:1047D000002326F055FC4FF0010C02460B467610E4
:1047E000012E09F1010907F10807EBD1BCF1000F17
:1047F00001D0CDE90423059BA3F1547305930AEB83
:10480000C90ADDE90423DAE9000126F039FC454B49
:10481000CDE904010B400A4643498B4200F2A183D3
:10482000A1F580118B4240F2AF84404B4FF0FF3234
:10483000CDE904235AE04FF0010A9A1C19929E78A0
:104840003DE74FF0000AF8E701F0DF0145297FF46A
:10485000C5AE00210A940F914FF0010C24E702F03D
:10486000DF02452A7FF48EAE00240A940F944FF0A5
:10487000010C19E70022089208F10102199298F838
:1048800001A0BAF1000F3FF497AE9046CEE50122A9
:104890000892F1E7A6F13007501C199056782F2E98
:1048A00040F3F68286460E9208E0013019909EF899
:1048B00001602F2EA2F1300706DD864607EB870246
:1048C000392E06EB4202F0DD0E9A801A082840F3DA
:1048D000DF8244F61F621292BAF1000F3FF403AF79
:1048E000129A52421292FEE640F0D98200230993B6
:1048F0000A9A009523464146584625F001F8139040
:10490000002800F02E830F9B129A9B1A0E9A002A01
:10491000A8BF00230F9322EAE272002314921E46DE
:104920009946DAE00000F07F0000A07CFFFFEF7FF7
:10493000A80E0300D21A1F2AA4EB020400F39681EA
:1049400001239340109300231593099B25443C4475
:10495000A7421D443B46A8BF2346AB42A8BF2B46F7
:10496000002B02DDE41AED1AFF1A0F9B002B00F357
:104970001D81002C00F334810E9B002B00F36C8111
:10498000002D00F35A81002F08DD31463A46584683
:1049900025F0BEF90646002800F058811A995246C3
:1049A000584625F049FA8146002800F04F8100233F
:1049B000C268C3603146129225F01CFA0028C0F28A
:1049C000E883059B984600F08C833146484625F0E5
:1049D000CFFB00224FF0804304460D4626F0CCFD6D
:1049E000002800F0D380129B002B40F04C81049BE8
:1049F000002B40F0EF81C8F31303002B40F08A81B5
:104A0000A94B00222046294626F0ACFD002840F0A4
:104A10003883A64B00222046294626F031FB0A4661
:104A20000146CDE9101202F100430C900D93A04F06
:104A3000A04B08EA07079F42DDE90C4500F04281E0
:104A4000099B13B3B7F1D46F1FD893A3D3E9002305
:104A5000DDE9100126F090FDA0B1DDE9100126F09E
:104A6000E7FD012838BF012026F090FA129BCDE91E
:104A70001001002B40F0878201F10043169017933C
:104A8000DDE9164505F1D663DD1BDDE90A0125F0F8
:104A90008DFA02460B462046294626F0F1FADDE95A
:104AA0000A2326F037F9CDE904010C46099B23B906
:104AB0007F4B23409F4200F036811A99584624F0DC
:104AC000ADFE5146584624F0A9FE3146584624F022
:104AD000A5FE4946584624F0A1FE139C584661683D
:104AE00024F05CFE8246002800F0B0802269023289
:104AF000920004F10C010C3021F036FD9DED047B99
:104B00001CAB01931BAB0093584653EC172B8DED58
:104B10000A7B25F0D1FA1A9000286AD00121584664
:104B200024F0B2FF0646002800F090801B9B002B6B
:104B30007FDB0F9A149D9F18099A1C9C9B1A234493
:104B40005D4A013B9342C4F13604FFF6F3AE002305
:104B5000159301231093F8E61633FFF614AE0F9B5E
:104B6000129A9A1A554B03EBC203DDE90401D3E90B
:104B7000002326F0AFFB8046894607E5A4460024C3
:104B8000199B214690E5DDE90489FFE4474B204667
:104B90002946002226F074FA129BCDE91001002B61
:104BA0006CD101F100430C900D9340E731461A4659
:104BB000584625F035F806461A98D6B102463146D1
:104BC000584624F077FF034612931A988BB101469A
:104BD000584624F023FE129B1A93002C7FF7CCAE8C
:104BE0001A992246584625F093F81A9000287FF427
:104BF000C3AE5746CDF83890B2462223DFF8B090C6
:104C0000CBF800304FF000080146584624F006FE6D
:104C10003946584624F002FE5146584624F0FEFD1F
:104C20001399584624F0FAFD0E99584624F0F6FDE3
:104C3000ACE4149A0F9FD51A7EE751462A4658468F
:104C400025F066F8824600287FF49DAE57461A98F4
:104C5000CDF83890B246D0E75146149A584624F021
:104C6000DFFF824600287FF48BAEEFE7144AD21AAA
:104C7000012303FA02F21592109366E69DED107B74
:104C80008DED0C7BD3E69FED067B8DED0C7B8DEDE2
:104C9000107BCCE6AFF300800000C0FFFFFFDF41D8
:104CA000000000000000F03F0000F03F0000E03F87
:104CB0000000F07F0000E07F02FCFFFFB80D030062
:104CC000E2FBFFFFA8F154730593DDE9044520469C
:104CD000294625F06BF9DDE90C2326F0D1F92246AF
:104CE0002B4626F017F8B44AB44B0A409A42CDE955
:104CF000040140F29480DDE90A0103F15473994202
:104D000002D1B0F1FF3FA1D0AD4C4FF0FF33CDE960
:104D10000434D2E69FED9E7B8DED0C7B9FED9E7B58
:104D20008DED107B83E6DDE910783846414626F0AC
:104D300007FD26F077F902460B463846414625F036
:104D4000E7FF049F129DC4F313043D432C43074621
:104D500088462DD192A3D3E9002326F003FC002836
:104D60003FF4ABAECDF83890DDE904895746B24642
:104D70001A9849E70293089B01931AAB0093914A52
:104D80001BAB19A9584621F06BFF10F00F05044624
:104D90003FF4F8AB062D40F0218108F1010319938F
:104DA00000234FF000084FF000090893FFF7EEBB17
:104DB0007DA3D3E9002326F0D5FB0028D2D17CA324
:104DC000D3E900233846414626F0EAFB00283FF4A9
:104DD00074AEC7E7049B012B9CD14346002B99D1AD
:104DE0005746CDF83890B24622231A98CBF80030B7
:104DF0004FF000084FF0000906E700F0DF004528FB
:104E000000F0B380002C7FF4A3AC099B19434FF052
:104E100000084FF000093FF4D3ABFFF7B7BB01F137
:104E20005474059442E6684901EBCA01DDE90423A4
:104E3000D1E9000126F024F9CDE90401002F3FF467
:104E400055ADAEE401398C44BCF1080F0CF10104FE
:104E50007FF746AB102CDCBF09EB890902EB49094F
:104E60000021FFF742BB59490122404623F03EFE94
:104E700040B9814619980346013019905A784D4639
:104E8000FFF714BB099B002B3FF496ABFFF77ABBEF
:104E900044F61F629742A8BF174612971CE5CAF155
:104EA000000A4FEA2A171AF00F0A0DD0464B03EBFF
:104EB000CA03DDE90401D3E9002326F00BFACDE9AA
:104EC0000401002F3FF412AD1F2F00F30581DDE92F
:104ED000042317F0100118BF6A2117F0010F099180
:104EE0003B4E104619460FD0D6E9002326F0C8F8ED
:104EF0007F1002460B4600F0D28017F0010F06F13A
:104F0000080610461946EFD17F10F6E70E982E4995
:104F100001EBC001DDE90423D1E9000126F0B0F87E
:104F200080468946FFF732BB6E2E3FF4F2ABFFF7A7
:104F300043BB284919A823F0AFFF00283FF43CAB3E
:104F4000199B2549013B19A8199323F0A5FF10B916
:104F5000199B01331993DFF860904FF00008FFF7B9
:104F600015BB2223CBF80030F5E7002C00F03A8285
:104F70004FF0010CFFF798BB4FF000084FF000090D
:104F80001F46FFF71DBB9DED107B8DED167B77E572
:104F9000000000000000F0BF000000000000F03F33
:104FA0009535A094FFFFCF3F9535A094FFFFDF3FDD
:104FB00035E5AF350000E03F0000F07FFFFF9F7C4C
:104FC000FFFFEF7F580D0300B80D0300E826030034
:104FD000800D0300EC260300F02603001A9A3AB174
:104FE00035211CA825F00EF91A99584624F016FC14
:104FF000013D042D00F21582DFE805F0032E2B2081
:1050000003001C9B04931B9B03F233421D9B23F460
:10501000801343EA02530593E20502D543F00043AF
:105020000593B34A1A40DDE90489002A7FF4AEAA49
:1050300023F0CAFD22230360FFF7A8BA4FF0FF3226
:105040006FF00043CDE90423E3057FF59CAD059B9C
:10505000E4E7A74B0593F7E7DDE91C121D9BCDE9BB
:105060000412D9E7A2F13103082B13D922F0200250
:10507000452A7FF407AF00230A930F930124FFF71B
:1050800097BA9FED977B8DED0C7B9FED977B8DED18
:10509000107BCCE4012103460F91FFF71CBA099B5A
:1050A000CDE904017BB1C1F30A52C2F16B03002BBD
:1050B00009DD1F2B40F3FD80342B049740F36481FE
:1050C0004FF05C730593DDE904010022002326F014
:1050D0003FFA00283FF40CAC2223CBF80030FFF756
:1050E00051BA5746C3F31302B2461E46129BCDF87F
:1050F0003890DDF840C0DDF854E07E49DDE90A89EA
:10510000002B00F093808A4200F0FA80BEF1000F7D
:1051100000F0E0801EEA060F32D04046494624F0F7
:1051200045FF099B002B00F03781C6F30A53C3F1FA
:105130006B03002B40F353811C0504F17F530022C5
:1051400003F5401325F09CFF02460B4640464946B6
:1051500025F0E0FD80468946674B404649460022DF
:1051600025F08EFF624B0B4080468946002B7FF472
:10517000FFAD2223CBF80030FAE51EEA060F72D10C
:10518000099B002BE8D1F3E502F154730593FFF777
:10519000ADBBDDE90445129ACDF83890224357465D
:1051A0004B46B246DDE90A89EAD1C5F313022E4621
:1051B000002AE5D125F00044240D2405B4F1D66F72
:1051C000DED95A6912B91A69012AD9DD0E9901226C
:1051D000584624F09DFD51460E9024F00BFE002809
:1051E000CEDD099B002B00F0AB80A4F580146FEAA4
:1051F00014536FEA035305934FF0FF330493DDE933
:105200000489A9E73D4919A81CAA23F061FE0528D5
:105210007FF48BAA1D9B43F0FF4343F4E003059307
:105220001C9B0493DDE90489FFF7B0B9A2B9DDE95D
:105230000434002B45D1099B002B00F081802C4CBD
:105240003440B4F1D66FD0D8B4F15C7F84D8CBE5CC
:105250004FF00009FFF7CFBABEF1000F8DD1049BCC
:105260001CEA030F8CD04046494624F09FFE099B60
:10527000002B55D0C6F30A53C3F16B03002B40F348
:10528000AB801C0504F17F53002203F5401325F089
:10529000F7FE02460B464046494625F039FD0022FE
:1052A00000238046894626F053F900283FF454AF86
:1052B0009AE54FF0FF3202FA03F3049A1A4004927F
:1052C00001E7BEF1000F7FF458AF13EA0C0F3FF473
:1052D00057AFC8E7049B1CEA030F3FF451AF1CE72C
:1052E000000000000000E0BF000000000000E03F00
:1052F0000000F07FFFFF0F00000050396C0D03002D
:10530000DDE90445099B214653BB234601332ED0DA
:10531000BEF1000F6AD01EEA060F3FF429ADFCE68D
:1053200002460B464046494625F0F2FC0022002387
:105330008046894626F00CF900283FF419AD53E564
:105340003E4A1A983240A2F580126FEA12536FEA71
:10535000035305934FF0FF330493DDE9048953E4CD
:10536000364A3240B2F1D46F20D9621C27D1344A78
:10537000964240D0314A324002F580130593002313
:105380000493DDE90489FBE6C2F14B024FF0FF33E1
:1053900093400B40059396E602460B46404649462D
:1053A00025F0B8FC804689461A982DE4120DC2F10A
:1053B0006B024FF0FF3000FA02F29442D7D0BEF1F8
:1053C000000F04D01EEA060F3FF4C6AEA5E611EAB0
:1053D0000C0F3FF4C1AEA0E602460B465BE7024667
:1053E0000B46B3E600293FF449AEC1E514EA0C0FC1
:1053F0003FF4BEAC91E60131BCD122231A98DFF80C
:105400003C90CBF800304FF00008FFF7FDBB0F9049
:105410000A940121FFF769B8A44615E53146FFF764
:1054200064B8E10505D54FF000430593DDE9048933
:10543000FEE54FF000084FF00009F9E50000F07FAD
:10544000FFFFEF7F014BFEF77BBF00BFE8000020AE
:1054500010B4054C8446134620685DF8044B0A4698
:105460006146FEF76DBF00BF8C00002010B4054CF4
:10547000054B84460A4620685DF8044B6146FEF7FA
:105480005FBF00BF8C000020E80000202DE9F04144
:10549000DFF8A480044613462DED028B0A46D8F8A7
:1054A00000002146FEF74CFF02460B4604460D461F
:1054B00026F080F850BB2046294626F0D9F808EEA1
:1054C000100ADFED1A7AB0EEC87AB4EE677AF1EE20
:1054D00010FA15DD25F00047154B4FF0FF3220463E
:1054E000394626F067F838B9114B4FF0FF322046A5
:1054F000394626F041F818B1D8F8003022221A6057
:1055000018EE100ABDEC028BBDE8F081002D0948B1
:1055100006DA20F08FFD07EE900AB1EE678AEFE71A
:10552000BDEC028BBDE8F04120F084BDFFFF7F7F22
:10553000FFFFEF7F482603008C0000202DE9F84391
:10554000264F274B04460A4638682146FEF7F8FEE8
:1055500002460B4604460D4626F02CF888BB204632
:10556000294626F085F807EE100ADFED1E7AB0EE28
:10557000C77AB4EE677AF1EE10FA064617DD25F029
:105580000049194B4FF0FF322046494626F012F8E9
:1055900038B9154B204649464FF0FF3225F0ECFF55
:1055A00028B13B6822221A603046BDE8F88316F025
:1055B000FF4FF9D10D4B2B40002BF2D13046BDE807
:1055C000F883002D0A4804DA20F034FD80F000460C
:1055D000EAE7BDE8F84320F02DBD00BF8C000020B5
:1055E000E8000020FFFF7F7FFFFFEF7F0000F07FDC
:1055F000482603000348044B834202D0034B03B107
:105600001847704780020020800200200000000040
:105610000548064B1B1AD90F01EBA301491002D014
:10562000034B03B11847704780020020800200201E
:105630000000000010B5064C237843B9FFF7DAFFED
:10564000044B13B10448AFF300800123237010BD55
:105650007019002000000000B46C030008B5044B72
:105660001BB104490448AFF30080BDE80840CFE710
:105670000000000074190020B46C0300A3F5803A08
:10568000704700BF154B002B08BF114B9D46FFF71D
:10569000F5FF00218B460F461148124A121A23F0DB
:1056A00083F90C4B002B00D098470B4B002B00D0FC
:1056B00098470020002104000D000B4804F094FDE1
:1056C00023F056FE2000290002F00EFE23F0B4FB6A
:1056D00000000800000000000000000000000220A0
:1056E00000040020F41E0020416502006FF47D706C
:1056F000704700BF064B10B50446D3F83009036865
:105700005B6A98470146204627F073FC012010BDD4
:1057100000050020064B10B50446D3F82C09036899
:105720009B6A98470146204627F063FC012010BD84
:1057300000050020064B10B50446D3F82C09036879
:105740001B6A98470146204627F053FC012010BDF4
:105750000005002008B5024927F06FFC012008BDB4
:105760001A39030038B50121054629F09FFD441E72
:10577000032C0CD8094B0A4953F8243003EB43039C
:10578000284601EBC30127F0C9FC012038BD054ABA
:10579000012128461AF014FBECE700BFF43803009F
:1057A00028080020D00E030010B50121044629F07E
:1057B0007DFD054900EB400001EBC001204627F0CC
:1057C000ADFC012010BD00BF2808002008B502492B
:1057D00027F0A4FC012008BD5017002010B5044696
:1057E00004F08AFB0146204627F027FC012010BD6B
:1057F00030B583B00F49044601A805F06BFD0E4992
:1058000001A807F06FFA40B1204627F0E5FB01A898
:1058100007F024FA012003B030BD01A807F078FAA0
:10582000054601A807F078FA29460246204627F0E7
:10583000ECFBECE7080E00206C1A002030B583B0BA
:105840006A460121044629F0F4FC009A002301462F
:1058500001A807F00BFA01A9074805F07FFD0546EE
:1058600001A807F0FBF9B5FA85F12046490927F0B0
:105870004BFC012003B030BD080E0020074B10B5D3
:105880000446D3F830090368DB6A9847B0FA80F120
:105890004909204627F038FC012010BD00050020F2
:1058A000074B10B50446D3F8300903689B6A984744
:1058B000B0FA80F14909204627F026FC012010BDEE
:1058C0000005002010B50121044629F0EFFC074B2C
:1058D0000146D3F8300903681B6A9847B0FA80F193
:1058E0004909204627F010FC012010BD00050020CA
:1058F000074B10B50446D3F830090368DB699847B5
:10590000B0FA80F14909204627F0FEFB012010BDC6
:1059100000050020074B10B50446D3F82C09036896
:105920001B6B9847B0FA80F14909204627F0ECFB41
:10593000012010BD00050020074B10B50446D3F828
:105940002C090368DB6A9847B0FA80F149092046C0
:1059500027F0DAFB012010BD0005002010B5012161
:10596000044629F0A3FC074B0146D3F82C09036831
:105970005B6A9847B0FA80F14909204627F0C4FBDA
:10598000012010BD0005002010B50121044629F0BA
:105990008DFC074B0146D3F82C090368DB69984757
:1059A000B0FA80F14909204627F0AEFB012010BD76
:1059B0000005002070B50121044629F077FC022182
:1059C0000546204629F072FC03210646204629F0B0
:1059D0006DFC32B2C3B229B2054811F0CFFCB0FA67
:1059E00080F14909204627F08FFB012070BD00BFE0
:1059F000040D002010B504460DF094FF014620462A
:105A000027F0F7FA012010BD10B50121044629F056
:105A10004DFC0CF00BF80146204627F0EAFA012075
:105A200010BD00BF10B50446044805F0D3FB014685
:105A3000204627F0DEFA012010BD00BFF00D002047
:105A400010B50121044629F031FCC1B2054805F02A
:105A5000AFFBB0FA80F14909204627F055FB012041
:105A600010BD00BFF00D002010B50446054805F03C
:105A700039FBB0FA80F14909204627F045FB0120A7
:105A800010BD00BFF00D002010B50446054805F01C
:105A9000A1FAB0FA80F14909204627F035FB012030
:105AA00010BD00BFF00D002010B50121044629F003
:105AB000FDFB0146054805F0E3F9B0FA80F149091C
:105AC000204627F021FB012010BD00BFF00D002073
:105AD00010B50121044629F0E9FB0146054805F00F
:105AE000BDF9B0FA80F14909204627F00DFB0120ED
:105AF00010BD00BFF00D00202DE9F04182B0012162
:105B000002AF054629F0D2FB02218046284629F043
:105B1000CDFBC31D23F00703ADEB030D6E46002341
:105B200046F8083B0446034632460A4841460CF014
:105B3000B5FD30B10849284629F035FBBD46BDE822
:105B4000F08128462246314627F05FFA0120BD4603
:105B5000BDE8F081000C0020E00E030010B5044603
:105B600005480DF037FC011E18BF0121204627F023
:105B7000CBFA012010BD00BF800B002010B50446F9
:105B800005480DF023FC011E18BF0121204627F017
:105B9000BBFA012010BD00BF800B002010B50446E9
:105BA00004480DF005FC0146204627F022FA0120AA
:105BB00010BD00BF800B002010B5044604480DF056
:105BC000E9FB0146204627F014FA012010BD00BF72
:105BD000800B002010B5044605480DF0CBFBB0FA51
:105BE00080F14909204627F08FFA012010BD00BF3F
:105BF000800B002010B5044605480DF0ABFBB0FA51
:105C000080F14909204627F07FFA012010BD00BF2E
:105C1000800B002010B5044604480DF097FB0146A8
:105C2000204627F0E6F9012010BD00BF800B0020C0
:105C300010B5044604480DF085FB0146204627F0C8
:105C4000D8F9012010BD00BF800B002010B5012144
:105C5000044629F02BFBC1B205480DF059FBB0FA00
:105C600080F14909204627F04FFA012010BD00BFFE
:105C7000800B002010B50121044629F017FBC1B2AA
:105C800005480DF02BFBB0FA80F14909204627F0BA
:105C90003BFA012010BD00BF800B002010B5044668
:105CA00006480DF013FBA0F10101B1FA81F1204685
:105CB000490927F029FA012010BD00BF800B002000
:105CC00010B5044607480DF0EDFA012804D9204626
:105CD00027F082F9012010BD0146204627F014FA72
:105CE000012010BD800B002008B5012129F0DEFA4B
:105CF0000022014602480DF097FA002008BD00BFBF
:105D0000800B002008B5012129F0D0FA02220146BB
:105D100002480DF089FA002008BD00BF800B00206A
:105D200010B50121044629F0C1FA014605480DF0DD
:105D300001FAB0FA80F14909204627F0E5F901207F
:105D400010BD00BF800B002010B5012182B00446B9
:105D500029F0ACFA00230246084901A80DF0C0F969
:105D600001992046B1F90220043127F04EF901A82B
:105D700011F080FD012002B010BD00BF800B00209B
:105D800010B5012182B0044629F090FA02230246A0
:105D9000084901A80DF0A4F901992046B1F90220A3
:105DA000043127F032F901A811F064FD012002B09E
:105DB00010BD00BF800B002010B5002182B004464A
:105DC0000B480DF0A7F810F57D7F0BD0034601229C
:105DD00020460DF107018DF8073027F016F9012054
:105DE00002B010BD204627F0F7F8012002B010BD28
:105DF000800B002010B5022182B0044607480DF048
:105E000089F8012203460DF1070120468DF807307D
:105E100027F0FBF8012002B010BD00BF800B00206E
:105E200010B50021044608480DF074F810F57D7F88
:105E300005D00146204627F0DCF8012010BD2046A1
:105E400027F0CAF8012010BD800B002010B50221F8
:105E5000044604480DF05EF80146204627F0C9F8D4
:105E6000012010BD800B002000B5002283B001216D
:105E700029F0DFF9014601A811F024FD01A9054828
:105E800008F08CF801A811F0F5FC002003B05DF8D3
:105E900004FB00BF4C17002010B50446044803F073
:105EA00087FE0146204627F0A4F8012010BD00BF60
:105EB000480E002010B50121044629F0F7F90146EB
:105EC000054803F069FEB0FA80F14909204627F041
:105ED0001BF9012010BD00BF480E002010B50B4B70
:105EE00084B0D3F83019044601A80CF035F90199B3
:105EF000204627F07EF80299204627F07AF82046BF
:105F0000039927F076F8032004B010BD00050020A7
:105F100008B5034BD3F830090CF0F6F8002008BDA3
:105F200000050020064B10B50446D3F830090CF0EC
:105F3000E7F80146204627F0E7F8012010BD00BF32
:105F400000050020064B10B50446D3F830090CF0CC
:105F5000D3F80146204627F0D7F8012010BD00BF36
:105F60000005002010B5134B88B0D3F83019044653
:105F700001A80CF0B1F80199204627F03AF80299EF
:105F8000204627F036F80399204627F032F8049986
:105F9000204627F02EF80599204627F02AF8069982
:105FA000204627F026F82046079927F022F80720F8
:105FB00008B010BD0005002010B500228CB00121F2
:105FC000044629F080F90022034602212046059369
:105FD00029F079F90022034603212046069329F08F
:105FE00072F94FF48062034604212046079329F09A
:105FF0006AF94FF48062034605212046089329F090
:1060000062F94FF48062034606212046099329F085
:106010005AF900220346072120460A9329F053F932
:106020000CAB0B9013E90F008DE80F00044C05AB8F
:10603000D4F830090ECB0CF035F800200CB010BDB0
:1060400000050020074B10B50446D3F830090BF0CB
:10605000F9FFB0FA80F14909204627F055F80120F0
:1060600010BD00BF00050020064B10B50446D3F854
:1060700030090BF0A9FF0146204626F0BAFF0120A7
:1060800010BD00BF000500200A4B10B50446D3F830
:1060900030090CF023F9084B984205D00146204600
:1060A00026F0A7FF012010BD204626F095FF012015
:1060B00010BD00BF0005002015FCFFFF064B10B50A
:1060C0000446D3F82C090BF0F9FE0146204626F0D1
:1060D00090FF012010BD00BF0005002010B50B4B44
:1060E00084B0D3F82C19044601A80BF0A9FE01993D
:1060F000204626F07EFF0299204626F07AFF2046B1
:10610000039926F076FF032004B010BD000500209F
:1061100038B50121044629F0C9F802210546204678
:1061200029F0C4F829B202B2074811F041F96FF41E
:106130007A73984201D1002038BD0146204626F0EE
:1061400058FF012038BD00BF040D002070B50022AB
:1061500082B00121044629F06CF87822064602211B
:10616000204629F0B0F83146054601A811F0AAFBF7
:106170002A4601A907480DF0C9FF054601A811F0FC
:1061800079FBB5FA85F12046490926F0BDFF0120CB
:1061900002B070BD300D002070B5002282B0012128
:1061A000044629F046F8782206460221204629F0C6
:1061B0008AF83146054601A811F084FB2A4601A958
:1061C00007480DF085FF054601A811F053FBB5FA0D
:1061D00085F12046490926F097FF012002B070BDE5
:1061E000300D002070B5002282B00121044629F054
:1061F00020F84FF4C87206460221204629F063F8C1
:106200003146054601A811F05DFB2A4601A9084860
:106210000DF006FF054601A811F02CFBB5FA85F13B
:106220002046490926F070FF012002B070BD00BF72
:10623000300D002070B5002282B00121044628F004
:10624000F8FF4FF4C87206460221204629F03BF8B9
:106250003146054601A811F035FB2A4601A9084838
:106260000DF084FE054601A811F004FBB5FA85F196
:106270002046490926F048FF012002B070BD00BF4A
:10628000300D002008B502480DF054FE002008BD76
:10629000300D002030B5274C274BD4F8F817D4F830
:1062A000FC2791B0CDE902120546019304F60401E2
:1062B00094F800388DF8103005A810F0B5FF94F868
:1062C0000C388DF81C30D4F814380993D4F81C38E5
:1062D0000B9304F6240393E80300D4F82938CDF88F
:1062E000393094F82D388DF83D30D4F808380693BD
:1062F000D4F810380893D4F82038104A0D908DF84F
:1063000038100C932846D4F81838019201210A93CA
:1063100019F0BAFD0121284626F0D7FD011E18BF4D
:10632000012101A806F0C8F901A806F003F8002031
:1063300011B030BD000500207C410300683C030023
:1063400010B5044604480BF0F1FF0146204626F044
:1063500050FE012010BD00BFF40C002010B5044613
:1063600004480BF0E5FF0146204626F042FE0120DE
:1063700010BD00BFF40C002010B50121044628F028
:1063800095FF0146054806F057FCB0FA80F149092F
:10639000204626F0B9FE012010BD00BFF40C0020FD
:1063A00010B5044604480BF0CDFF0146204626F008
:1063B00020FE012010BD00BFF40C002008B50248EB
:1063C00006F03EF9002008BDF40C002008B5024894
:1063D00005F0ECFF002008BDF40C002010B50446C9
:1063E000044806F007FC0146204626F002FE012084
:1063F00010BD00BFF40C002008B5024806F0F6FB03
:10640000002008BDF40C002010B50446044806F036
:1064100071F90146204626F0ECFD012010BD00BFB9
:10642000F40C002008B5012128F040FFC1B2024859
:1064300006F012F8002008BDF40C002008B5012178
:1064400028F034FF03F08EFD02F082BA02F076BA33
:1064500008B502F0C1FD002008BD00BF10B504461C
:1064600002F0D0FD0146204626F0C3FD012010BDFC
:1064700010B584B0044603F03BFD064A03460C21E8
:1064800001A81FF0CBFF204601A926F0D6FD012070
:1064900004B010BDF00E030008B5012128F006FF7E
:1064A00002F0F8F9002008BD08B514F0A9FC00209E
:1064B00008BD00BF38B51E4A04460D461D4926F0EA
:1064C0004DFE2A464FF0FF31204626F047FE4FF0A2
:1064D000FF31204615F014F9052806D120466FF04B
:1064E0000101BDE8384026F06EBC6FF00101204686
:1064F00026F053FC104901232A46204628F035FF98
:1065000020B10E492A46204628F04DFE20464FF085
:10651000FF3126F07FFC20462A466FF0020126F06C
:10652000B7FE20466FF00101BDE8384026F04BBCB5
:10653000F40E0300F0D8FFFFEED8FFFFFC0E0300BF
:10654000F8B500220121074628F073FE234A2449AA
:106550000646384626F002FE4FF0FF3138463246F6
:1065600026F0FCFD4FF0FF31384626F0AEFC60BB54
:106570001C4D1D4802E055F8080F40B33146F9F7AD
:10658000AFFE04460028F6D131463846FFF792FFA9
:10659000384626F0FDFB224621466C680646384602
:1065A00026F01AFE2146384626F0B8FD0F49012292
:1065B000384626F07BFD6FF0010138460C4A26F084
:1065C00067FE3146384626F0CEFE0120F8BD324641
:1065D00038460849BDE8F84028F0E5BDF40E030050
:1065E000F0D8FFFFE82E03001C0F0300F965000040
:1065F000280F0300300F030070B50221054615F087
:106600007FF8042801D0002070BD00220221284616
:1066100026F06AFC06460028F5D01549284626F0E3
:10662000AAFC0446006820B9EDE754F80C0F0028D6
:10663000E9D03146F9F754FE0028F6D1616891B1EE
:106640000246284626F032FD2846022126F0E2FBCB
:1066500028466FF0010126F0DDFB2846012126F0D7
:1066600034FE012070BDA168284626F0C2FCEBE78D
:10667000EDD8FFFFF0B500229BB00121044628F0C1
:10668000D8FD0546204626F083FB294606462046CF
:10669000FFF710FF4FF0FF312046404A26F05EFD25
:1066A0004FF0FF31204615F02BF8002840D06FF056
:1066B0000101204626F071FB4FF0FF31204626F005
:1066C000A9FB012101AA204615F0DEF830B13449BA
:1066D00001AA204615F024FB002857D13149204655
:1066E00028F061FD6FF00101204626F093FB6FF06A
:1066F0000101204626F06CFE6FF00101204626F0D5
:106700004CFB012E11DD02252946204626F082FB96
:106710006FF00101204626F07DFB013500220121AA
:10672000204626F080FEAE42EEDA00201BB0F0BD1F
:106730006FF001010746204626F02FFB4FF0FF3196
:10674000204626F067FB184A6FF00101204626F02C
:106750009FFD2946204626F070FC6FF0010120467F
:106760000E4A26F095FD2E21284622F0F1F808B1B8
:106770000130471B3A462946204626F046FC0B4A84
:106780006FF00101204626F083FD95E74FF0FF31C1
:10679000204626F04BFB0028A0D1A3E7480F0300BA
:1067A000880F0300600F0300500F0300540F030015
:1067B00030B585B08DE80F00BDF80030A3F10F02B1
:1067C000012A14D9A3F2FE33012B10D90C4B9842A5
:1067D0000DD010202AF0E9F905469DE80F0085E864
:1067E0000F00084A084829460AF028FB08B105B0FE
:1067F00030BD284605B0BDE830402AF0D4B900BF0E
:106800000C0004002D1201000D68000000B590ED91
:10681000027B85B0036800938DED027B2AF0C3F9FB
:1068200004AB13E90F0005B05DF804EB01F0BABF4B
:1068300030B5012185B0044628F038FD0221054617
:1068400003AA204628F0F5FC002102460091039B94
:10685000054829460BF018FF18B10449204628F0D6
:10686000A2FC05B030BD00BF000C00208C0F03005F
:1068700000B583B001AA012128F0DBFCBDF904209A
:106880000146684611F042F80022694604480CF0BF
:10689000F3FC684610F0EEFF002003B05DF804FB47
:1068A000800B002000B583B001AA012128F0C1FCB3
:1068B000BDF904200146684611F028F80222694615
:1068C00004480CF0D9FC684610F0D4FF002003B057
:1068D0005DF804FB800B002030B583B001AA0121D4
:1068E000054628F0A6FCBDF904200146684611F0D3
:1068F0000DF8694601A811F02FF8002201A91048EF
:106900000CF0B6FA044601A810F0B4FF0D4B9C42FF
:1069100003D06FF47A739C4208D1284626F05CFBC2
:10692000684610F0A7FF012003B030BD214628467D
:1069300026F05FFB684610F09DFF012003B030BDDC
:10694000800B00200DFCFFFF30B583B001AA0121B0
:10695000054628F06EFCBDF904200146684610F09B
:10696000D5FF694601A810F0F7FF022201A91048DF
:106970000CF07EFA044601A810F07CFF0D4B9C42FF
:1069800003D06FF47A739C4208D1284626F024FB8A
:10699000684610F06FFF012003B030BD2146284645
:1069A00026F027FB684610F065FF012003B030BDDC
:1069B000800B00200DFCFFFF10B5022204460121D0
:1069C00028F027FC0121204626F0D5FA03460020B6
:1069D000DA8822F48072DA8010BD00BF10B502227E
:1069E0000446012128F015FC0121204626F0C3FAB7
:1069F00003460020DA8842F48072DA8010BD00BFBE
:106A000010B502220446012128F003FC0121204692
:106A100026F0B1FA03681B6E9847002010BD00BF36
:106A200010B502220446012128F0F3FB0121204683
:106A300026F0A1FAC1882046C1F3002126F0D9FA38
:106A4000012010BD10B5022282B00446012128F0B9
:106A5000E0FB0121204626F08EFA01AA034602211E
:106A600020461C4628F0E5FB019A0146204614F01A
:106A700023FA002002B010BD10B502220446012105
:106A800028F0C7FB0121204626F075FA03685B69F0
:106A900098470146204626F0ACFA012010BD00BF01
:106AA00010B502220121044628F0B3FB0121204643
:106AB00026F061FA0368094A9B6C934205D120468F
:106AC000002126F021FB012010BD9847B0FA80F18B
:106AD0004909204626F018FB012010BDED560000A4
:106AE00010B502220446012128F093FB0121204623
:106AF00026F041FA0368DB6A9847A0F10101B1FA78
:106B000081F12046490926F0FFFA012010BD00BF9F
:106B100010B502220446012128F07BFB012120460A
:106B200026F029FA03685B6A9847A0F10101B1FADF
:106B300081F12046490926F0E7FA012010BD00BF87
:106B400010B502220446012128F063FB01212046F2
:106B500026F011FA03681B6A9847A0F10101B1FA07
:106B600081F12046490926F0CFFA012010BD00BF6F
:106B700010B502220446012128F04BFB01212046DA
:106B800026F0F9F90368DB699847A0F10101B1FA31
:106B900081F12046490926F0B7FA012010BD00BF57
:106BA00010B502220446012128F033FB01212046C2
:106BB00026F0E1F903689B699847A0F10101B1FA59
:106BC00081F12046490926F09FFA012010BD00BF3F
:106BD00038B502220546012128F01BFB0121284679
:106BE00026F0C9F902210446284628F05FFBE38815
:106BF00020B143F48073E380002038BD23F4807318
:106C00009BB2E380002038BD10B50222044601216A
:106C100028F0FFFA0121204626F0ADF90368002193
:106C20005B6D9847B0FA80F14909204626F06CFA6E
:106C3000012010BD10B502220446012128F0E9FA16
:106C40000121204626F097F9036804215B6D9847DF
:106C5000B0FA80F14909204626F056FA012010BD0D
:106C600010B502220446012128F0D3FA0121204662
:106C700026F081F9036803215B6D9847B0FA80F133
:106C80004909204626F040FA012010BD10B5022225
:106C90000446012128F0BDFA0121204626F06BF9B7
:106CA000036802215B6D9847B0FA80F149092046DC
:106CB00026F02AFA012010BD10B502220446012157
:106CC00028F0A7FA0121204626F055F90368002193
:106CD0005B6C9847B0FA80F14909204626F014FA17
:106CE000012010BD10B502220446012128F091FABE
:106CF0000121204626F03FF9036801215B6C98478B
:106D0000B0FA80F14909204626F0FEF9012010BDB5
:106D100010B502220446012128F07BFA0121204609
:106D200026F029F9036803215B6C9847B0FA80F1DB
:106D30004909204626F0E8F9012010BD38B50222A5
:106D40000546012128F065FA0121284626F013F9AD
:106D50000368C4795B689847E443B0FA80F104F0B3
:106D600001044909091BB1FA81F12846490926F0B5
:106D7000CBF9012038BD00BF10B502220121044625
:106D800028F047FA0121204626F0F5F803681B6C2D
:106D90009847074B984205D00146204626F029F92E
:106DA000012010BD204626F017F9012010BD00BFBC
:106DB00016FCFFFF10B502220121044628F029FA33
:106DC0000121204626F0D7F80368DB6B9847074B74
:106DD000984205D00146204626F00BF9012010BD4F
:106DE000204626F0F9F8012010BD00BF16FCFFFF79
:106DF00010B502220121044628F00BFA0121204699
:106E000026F0B9F803685B689847012804D9204642
:106E100026F0E2F8012010BD0146204626F0E9F8F0
:106E2000012010BD38B502220446012128F0F1F9F5
:106E30000121204626F09FF802210546204628F031
:106E400035FA2B6801469B6B28469847B0FA80F1CB
:106E50004909204626F058F9012038BD38B50222EC
:106E60000446012128F0D5F90121204626F083F8B7
:106E700002210546204628F019FA2B6801465B6B73
:106E800028469847B0FA80F14909204626F03CF997
:106E9000012038BD38B502220446012128F0B9F995
:106EA0000121204626F067F802210546204628F0F9
:106EB000FDF92B6801461B6B28469847B0FA80F114
:106EC0004909204626F020F9012038BD38B50222B4
:106ED0000446012128F09DF90121204626F04BF8B7
:106EE00002210546204628F0E1F92B680146DB68BF
:106EF00028469847B0FA80F14909204626F004F95F
:106F0000012038BD38B502220446012128F081F95C
:106F10000121204626F02FF802210546204628F0C0
:106F2000C5F92B6801461B6828469847B0FA80F1DE
:106F30004909204626F0E8F8012038BD38B502227C
:106F40000446012128F065F90121204626F013F8B6
:106F5000022211460546204628F05BF90221204610
:106F600026F009F82946024605480CF0F1F8B0FA77
:106F700080F14909204626F0C7F8012038BD00BF3E
:106F8000800B002038B502220446012128F041F987
:106F90000121204625F0EFFF02210546204628F07A
:106FA00085F92B6801461B6D28469847064B984289
:106FB00005D00146204626F01CF8012038BD2046A9
:106FC00026F00AF8012038BD11FCFFFFF8B50222B7
:106FD0000446012128F01DF90121204625F0CBFFB0
:106FE00002210546204628F061F94FF4FA62064670
:106FF0000321204628F067F940F2DC5207460421BD
:10700000204628F060F931462E6803463A46284665
:107010003569A847B0FA80F14909204626F074F88E
:107020000120F8BD2DE9F04702220746012128F092
:10703000F0F80121384625F09EFF022181463846AE
:1070400028F034F903218246384628F02FF9D9F880
:10705000003005461B6851464846984780460CF06C
:1070600071FCB8F1000F1CD104460E464FEAE578DA
:107070000CF068FC001B61EB0601A84271EB0801F3
:10708000F6D3D9F80030CAF101011B684846984789
:10709000B0FA80F14909384626F036F80120BDE8FB
:1070A000F0873846002126F02FF80120BDE8F08750
:1070B0002DE9F047DFF80081D8F80040002C82B0BD
:1070C00005460E4691461F4625DD033C1A2C22D864
:1070D000354B1A7882421ED111B15A788A421AD1A0
:1070E000B9F1000F02D05A7889F800200FB19B78CF
:1070F0003B700A9B23B12D49224618461FF034FAF3
:107100000B9B03B11C60012400232046C8F800300B
:1071100002B0BDE8F087264901A804F0DBF8254954
:1071200001A805F0DFFD38B1002401A805F096FDA7
:10713000204602B0BDE8F08701A805F0EDFD044649
:10714000A4F1030A01A805F0E3FDBAF11A0F1CD857
:107150000378AB421CD116B14378B34218D1B9F1D0
:10716000000F02D0437889F800300FB183783B706C
:107170000A9B23B1C11C524618461FF0F5F90B9B20
:107180000BB1C3F800A00124CFE7631E1C2BCBD8A2
:1071900001A805F0BDFD2246014603481FF0E4F9B1
:1071A000C8F80040C0E700BF101A0020131A0020E2
:1071B000080E00206C1A00200C1A00202DE9F04F58
:1071C00091B008AE32460121044628F032F8089BFF
:1071D000052B054604D0524A0121204618F0F0FD47
:1071E00041F288320221204628F06DF88246FF20C5
:1071F0000AF01CFC471C0CF095FB0DF114082B79D0
:1072000082442868059088F8043002F075FE0DF17C
:1072100019090368CDF81930037989F80430CDE9EC
:107220000245FFB24FF0000B54460CF07BFBA0422E
:107230006CD2434603CB04AD1B88CDF823006FF01E
:107240005E028DF82020CDF827100D22ADF82B30EE
:107250003146002328468DF821708DF822B005F0C4
:1072600005FD29462F4804F079F8284605F0F6FC7C
:107270000CF058FB00F11E0A02E001200AF03CF875
:107280000CF050FB84460023D4451A4639464FF093
:10729000A200CAD2CDE90065FFF70AFF0028ECD0B2
:1072A000049B0A2BE9D10522494630461FF0F6F926
:1072B0000346052241460DF12500002BDDD11FF0CC
:1072C000EDF90028D9D1DDE90245174ADFF860E081
:1072D000DFF860C0DFF86090DFF86080134E89F857
:1072E00000700346286810602D79C8F800302046E9
:1072F0000121CEF800308CF80030337015715371D5
:1073000025F002FF012011B0BDE8F08F029C0021A2
:10731000204625F0F9FE012011B0BDE8F08F00BF36
:107320009C0F0300080E0020301A0020E21E0020EF
:107330008C190020E31E0020E41E00200C1A0020FF
:107340002DE9F04198B0074602F0D6FD09AD0023C3
:1073500004AACDE9005206460DF10F021946A120FC
:10736000FFF7A6FE044600284ED0049B0A2B4FD1FF
:107370002846052231461FF091F90546002847D1DD
:107380000DF1290837B13946052240461FF086F92C
:10739000002842D12249234A98F804008DF81C00A5
:1073A00000230B609DF80F1011701F4A1071DDF85B
:1073B00029005371106032798DF821200690A222A5
:1073C0003068CDF81D008DF8402006AA8DF84110D8
:1073D00003CACDF84710154912880B601449CDF83F
:1073E00043000B701349ADF84B200B700D2210A910
:1073F00005A88DF8423005F039FC0F4805A903F0C7
:10740000ADFF05A805F02AFC204618B0BDE8F081C4
:107410000024204618B0BDE8F0812C46F4E700BFF8
:107420000C1A0020E41E0020301A00208C190020C5
:10743000E31E0020E21E0020080E002030B50121CE
:1074400083B0044614F05CF900281FDD01AA012175
:10745000204627F0EEFE019B052B054610D128465D
:10746000FFF76EFF30B12046094925F0E6FD012007
:1074700003B030BD204625F0AFFD012003B030BD84
:10748000044A0121204618F09BFCE8E70025E6E7C6
:10749000301A00209C0F030030B5012183B005464F
:1074A00014F02EF9002823DD01AA0121284627F037
:1074B000C0FE019B052B04460CD00E4A0121284634
:1074C00018F07EFC2046FFF73BFF0346012043B93E
:1074D00009F012FF2046FFF733FF03460120002B7F
:1074E000F6D02846044925F0A8FD012003B030BDA0
:1074F0000024EFE79C0F0300301A002070B52B4AE0
:107500001368002B94B038DC294D2978044671B3F8
:1075100003AB05AECDE9006300220DF10B03A32000
:10752000FFF7C6FD18B32B788DF83130A422002365
:107530009DF80B508DF830200CA9032204A88DF87B
:10754000325005F093FB04A91A4803F007FF04A882
:1075500005F084FB184B1A78AA4208D02046039AFB
:107560001D70314625F051FD012014B070BD20463C
:1075700025F032FD012014B070BD10490C68013BAC
:107580001360631C5A4202F0030203F0030358BF66
:1075900053420B600A4A0B4B52F824201A2101FB7C
:1075A000043125F032FD012014B070BD8C1900208B
:1075B000E41E0020080E0020E21E0020901900208A
:1075C00094190020A41900202DE9F04FA1B00EAAB3
:1075D0000121044627F02DFE694D02462878002837
:1075E00000F0BC80DFF8B4A10E9B9AF800C0654E95
:1075F0000021CDE90A240DF1440B89461C46A4EB79
:1076000009040A9BCDF820901A2C22464B44A8BFAF
:107610001A220CF1010C0993CDE90642D31C5FFA42
:107620008CFC059308238AF800C004930027A32349
:107630008DF86030069B8DF86100002B8DF862C0DC
:1076400005DD079A09990DF163001EF08DFF059A7B
:10765000002318A9584605F009FB59464A4803F08B
:107660007DFE584605F0FAFA0CF05CF900F11E04B4
:107670005BE0CDE90077A4202978FFF719FD00220F
:107680000DF1370328B19AF800C09DF83610614516
:107690005BD03168042945D00FA9CDE900B1A32002
:1076A0002978FFF705FDA42300283BD02A789DF810
:1076B00037808DF860308DF861200023032218A9EF
:1076C00010A88DF8628005F0D1FA10A92E4803F0B9
:1076D00045FE10A805F0C2FA2C490B78434521D08D
:1076E0002B4A3368126881F8008003EB0208D8F156
:1076F0000002DDF83C902749039302F0030208F0F2
:1077000003084FF01A0058BFC2F1000800FB081030
:107710004A4659461EF028FF039B013333601E4B37
:1077200043F82890012009F0E7FD0CF0FBF8A04297
:107730004FF000020DF136039BD3049B013B0493F1
:107740000BD028789AF800C071E7DDE907290E9C74
:1077500091444C450AD9287851E70B9C20460021DA
:1077600025F0D2FC012021B0BDE8F08F0B9C012157
:10777000204625F0C9FC012021B0BDE8F08F00BFF4
:10778000E41E00208C190020080E0020E21E0020BC
:1077900090190020A419002094190020E31E002055
:1077A0002DE9F0418B88B1F8028006460F4603228E
:1077B000002103FB08F825F00FFD05221F49304684
:1077C00025F023FC7988304625F013FC6FF0020188
:1077D000304625F04DFD06221949304625F015FCAE
:1077E000B988304625F005FC6FF00201304625F0DF
:1077F0003FFD14490422304625F007FC0022414693
:10780000304625F0E9FCB8F1000F10DD7C1DA044E6
:107810002546304614F8011F25F0EBFB2A1F6FF0B8
:107820000101D21B304625F077FD4445F0D13046AA
:107830006FF00201BDE8F04125F01ABDBC0F030056
:10784000C40F0300CC0F030030B583B00A490546CE
:1078500001A80AF07BFD01A80FF06EFD044601A807
:107860000FF076FC21462846FFF79AFF204610F0DD
:10787000E3F8012003B030BDF40C00202DE9F04FF7
:107880000D4685B0144682460FF0A2FC0522214623
:10789000284627F0BEFC3A4A2146284625F05EFCE1
:1078A0004FF0FF31284625F0FBFA364A07462146BD
:1078B000284625F053FC4FF0FF31284625F0F0FA1A
:1078C0006FF0020106460190284625F066FA32B2B2
:1078D00039B203A80FF082FC03A950460FF034FD23
:1078E00003A80FF035FC284A2146284625F036FC2F
:1078F000002E3CDD002F3ADD0026B346B0460FFADD
:1079000088F600240BF10109CDF8008002E0013473
:10791000A74224D009EB0401284625F06AFB6FF04A
:107920000101284625F00DFC4FF0FF31284625F0D7
:10793000B7FA6FF001018046284625F02EFA5FFA6B
:1079400088F3324621B250460FF018FD0028DED0F1
:107950000E492846013427F026FCA742DAD1DDF88B
:107960000080019B08F101089845BB44C7D1284617
:107970006FF0010125F011FA504605B0BDE8F08F17
:10798000BC0F0300C40F0300CC0F0300D40F03008F
:107990002DE9F04184B004460122014602A8FFF718
:1079A0006DFF0221204627F081FC03210546204679
:1079B00027F07CFC6FF0FE0206460421204627F0EB
:1079C00082FC012207460521204627F07CFC02A903
:1079D000804603A80FF028FC2A46334603A9CDE9C8
:1079E00000780A480CF01EFC054603A80FF0B0FB17
:1079F000B5FA85F14909204625F086FB02A80FF06B
:107A0000A7FB012004B0BDE8F08100BF300D0020CD
:107A10002DE9F04184B004460122014602A8FFF797
:107A20002DFF0221204627F041FC03210546204678
:107A300027F03CFC6FF0FE0206460421204627F0AA
:107A400042FC012207460521204627F03CFC02A902
:107A5000804603A80FF0E8FB2A46334603A9CDE988
:107A600000780A480CF0A0FB054603A80FF070FB55
:107A7000B5FA85F14909204625F046FB02A80FF02A
:107A800067FB012004B0BDE8F08100BF300D00208D
:107A900000B583B0844613460022009205480A468A
:107AA00061460AF0F1FD003818BF0120404203B0E2
:107AB0005DF804FB000C002009F01EBC002238B564
:107AC0001146044625F088FB1F4A2049204D2046D8
:107AD00025F044FB1F4A6FF00101204625F0D8FB3A
:107AE0001D4A1E49204625F0D3FB1D490022204691
:107AF00025F0DCFA1B4A1949204625F0C9FB1A4932
:107B00000022204625F0D2FA184A1449204625F0D2
:107B1000BFFB00221449204625F0C8FA29682046F8
:107B200025F08BFA00220121204625F07CFC55F837
:107B3000043F002BEDD1204601F0E4FE2046BDE8D5
:107B4000384001F0EBB900BFF40E0300F0D8FFFF9E
:107B5000BC2E0300E00F0300E80F0300EED8FFFF88
:107B600075660000F00F030041650000F80F030088
:107B700000B583B0014601A80FF0A4FE782201A948
:107B800004480CF0C3FA01A80FF074FE03B05DF8CE
:107B900004FB00BF300D002084460A460248022341
:107BA00061460BF08FB900BF800B002008B50BF0C9
:107BB000B9FE08BD09F0A0BBF0B5012187B00646AB
:107BC00027F074FB58B380EAE075A5EBE0751D4B18
:107BD0000393002D2B46B8BF05F1FF03B3F5803F9B
:107BE00004464FEA232726D2FBB20022EDB263F30C
:107BF000070265F30F22002C63F31742ACBF01218B
:107C00000221002365F31F62009304928DF8141083
:107C10000D48092303AA202110F08CFF10B9002081
:107C200007B0F0BD0949304625F007FA304625F087
:107C30005BFC07B0F0BD064A0121304618F0C0F8E1
:107C4000D2E700BFFFF94205000C00206C390300A9
:107C5000001003002DE9F04184B088461D46012143
:107C60004FF6FF1306461746ADF8083027F01EFB07
:107C7000FF2804461ED80A9B8DF80E304FF0000CEA
:107C80000B9B8DF80F3064F3070C002368F30F2C67
:107C900067F3174C0093082365F31F6C0D48CDF86C
:107CA0000AC00DEB0302202110F044FF40B904B0DC
:107CB000BDE8F081084A0121304618F081F8DAE782
:107CC0000649304625F0B9F9304625F00DFC04B0E0
:107CD000BDE8F081000C0020001003006C390300A7
:107CE00070B5022182B0054627F0E0FA041EACBF51
:107CF00001260226002CB8BF6442FF2C0BD8F523C6
:107D00000022CDE900323146E3B260222846FFF777
:107D1000A1FF02B070BD034A0221284618F050F8B6
:107D2000EDE700BF0010030000B5002383B0F5228B
:107D3000CDE9002319461D22FFF78CFF03B05DF843
:107D400004FB00BF30B5022183B0054627F0AEFA30
:107D5000FF28044622D80321284627F0A7FA124B11
:107D600083FB00230344C2174FF4B471C2EB2323F7
:107D700001FB1302E4B20A4400940C4CD308A4FBA8
:107D800003439B0801FB1323DAB2019228461B121E
:107D90005D220021FFF75EFF03B030BD044A0221DF
:107DA000284618F00DF8D6E7B7600BB6176CC11669
:107DB000001003002DE9F041022182B0064627F0B1
:107DC00075FA80EAE074A4EBE0740028ACBF4FF0D1
:107DD00001084FF00208002CB4BF04F1FF03234652
:107DE000B3F5803F4FEA232718D20321304627F00E
:107DF0005DFAFF28FFB2054616D8EDB20095654240
:107E0000EDB2E4B258BF6C423B4670224146304668
:107E10000194FFF71FFF02B0BDE8F081054A02217F
:107E2000304617F0CDFFE0E7024A0321304617F055
:107E3000C7FFE2E7001003002DE9F041012184B003
:107E4000054627F033FA02210646284627F02EFA87
:107E500086EAE678A8EBE6781F4B0293B8F1FF0FAD
:107E600004461CD884EAE477A7EBE477FF2F8DF86B
:107E70000C8021D8A417002304F0020404EBD6746C
:107E8000009316488DF80D70072302AA20218DF863
:107E90000E4010F04FFEA8B904B0BDE8F08184EAAE
:107EA000E4770F4A01212846A7EBE47717F088FF13
:107EB000FF2F8DF80C80DDD9094A0221284617F0E2
:107EC0007FFFD7E70749284625F0B7F8284625F071
:107ED0000BFB04B0BDE8F081FFF91003000C00209B
:107EE000001003006C39030030B585B0214B0293BC
:107EF0000121044627F0DAF9FF2805461ED80221A1
:107F000020468DF80C5027F0D1F9FF2805462AD8D5
:107F1000032120468DF80D5027F0C8F9FF280546AB
:107F20001BD80023009314488DF80E50072302AA93
:107F3000202110F0FFFD38B905B030BD0F4A0121F6
:107F4000204617F03DFFDAE70D49204625F075F889
:107F5000204625F0C9FA05B030BD084A0321204665
:107F600017F02EFFDDE7054A0221204617F028FF13
:107F7000CEE700BFFFF93003000C00200010030023
:107F80006C390300F0B5012185B0064627F08EF963
:107F900040B380EAE074A4EBE0741B4B0293002C26
:107FA0002346B8BF04F1FF03B3F5803F05464FEA0F
:107FB000232723D26342DBB2E4B258BF5C420023E2
:107FC0009D42ACBF1946032100938DF80E100F4857
:107FD0008DF80C70072302AA20218DF80D4010F0B7
:107FE000A9FD10B9002005B0F0BD0949304625F0C3
:107FF00024F8304625F078FA05B0F0BD054A012195
:10800000304617F0DDFED5E7FFF94103000C0020F4
:108010006C3903000010030030B5F52385B000244F
:1080200046222146CDE9003423460546FFF712FEDD
:10803000042009F061F914480094042303AA2021C4
:1080400010F0D8FDC0B9039B104A9FED117AA2FB36
:108050000302D20A4FF4616101FB123307EE903A3A
:10806000F8EEE77A284667EE877A17EE901A24F042
:10807000B9FF012005B030BD2846064924F0DDFFD8
:10808000284625F031FADEE7000C0020C5B3A291A6
:10809000CDCCCC3D6C39030030B5F52385B0002440
:1080A00047222146CDE9003423460546FFF7D2FD9D
:1080B000032009F021F913480094022303AA202188
:1080C00010F098FDA8B99DF80D209DF80C309FED9B
:1080D0000E7A03EB022307EE903AF8EEE77A284691
:1080E00067EE877A17EE901A24F07CFF012005B026
:1080F00030BD2846054924F0A0FF284625F0F4F9B4
:10810000E1E700BF000C002012A5BD3D6C39030063
:1081100010B584B003AA0121044627F08AF8BDF9FE
:108120000C20014601A80FF0F1FB01A902A80FF0F5
:1081300013FC022302AA03A80A490AF0D7FC0399F8
:108140002046B1F90220043124F05FFF03A80FF0AC
:1081500091FB02A80FF08EFB01A80FF08BFB012012
:1081600004B010BD800B002008B50022012127F0CB
:10817000AAF828B10146054801F07CFE002008BDA0
:10818000024801F08DFE002008BD00BF0005002060
:10819000F8B50BF0D7FB4EF6612604460D4608E015
:1081A0000BF0D0FB001B61EB0501B04271F1000147
:1081B0003CD2204811F07EFA0128F1D001211E485E
:1081C00011F0EEF80A200BF055FC00211A4811F0CE
:1081D000E7F80BF0B7FB46F2A91604460D4608E097
:1081E0000BF0B0FB001B61EB0501B04271F1000127
:1081F0001CD2104811F05EFA0028F1D00BF0A2FB5F
:1082000046F2A916074608E00BF09CFB001B61EB49
:108210000501B04271F1000108D2064811F04AFA96
:108220000128F1D00BF08EFBC01BF8BD4FF0FF30E2
:10823000F8BD00BF90090020A809002010B5022257
:1082400082B00C2100F086FA282028F0AEFC002233
:10825000C021CDE9002104461146094B09F020FB5D
:10826000084821460CF0C8FD08B902B010BD2046F0
:1082700009F032FB204602B0BDE8104028F093BC64
:10828000B1670000A805002000B583B0084901A827
:108290000FF018FB782201A906480BF037FF01A860
:1082A0000FF0E8FA4FF47A7009F026F8EEE700BF15
:1082B000341B0300300D002010B5034B036004464F
:1082C00010F0BCFA204610BD2C39030010B5054B48
:1082D0000360044610F0B2FA204628F064FC204601
:1082E00010BD00BF2C39030070B582B000F074FEE1
:1082F000394806F0F5FEFE2138480AF0EFFF384B0A
:108300005A6811461646D3E90242641A944210D0C4
:10831000344901A80FF0D6FA782201A932480BF0AF
:10832000F5FE01A80FF0A6FA4FF47A7008F0E4FF0A
:10833000EEE72E4A1B689342EAD117F0EDFE0546A0
:10834000002847D02A4924F00CFD284618F076FB77
:10835000284619F05BFE284619F004FC284618F060
:108360006DFC2846FFF7AAFB2846FFF767FF214B65
:1083700022463146284617F0C3FE20B300224FF0B4
:10838000FF31284624F0B0FD1B49044601A80FF038
:1083900099FA1548782201A90BF0B8FE01A80FF050
:1083A00069FA5CB1214601A80FF08CFA0E487822D8
:1083B00001A90BF0ABFE01A80FF05CFA08F01CFF5E
:1083C000002002B070BD284600F0F6FD284600F0FF
:1083D00087FAF3E7FFF758FF00050020800B002025
:1083E0001C700300401B0300300D00203141554C30
:1083F00089820000601B03006C1B030008B5054860
:1084000006F0C8FCBDE80840034A0449014828F0CA
:10841000C5BB00BF00050020100000202184000023
:108420005F4B2DE9F04103F13C02044600F5955005
:10843000C4E90032083001F0FDFF0025594E5A4FC3
:1084400004F6481001F0CEFBA4F81E5904F61810EB
:10845000C4F8186908F098F9A4F8F65804F50F6004
:10846000C4F8F06808F090F904F6BC000DF094F937
:108470004E4BC4F8AC3804F6AC0009F0EFFA04F641
:1084800088000BF017FF04F664000BF013FF04F2F2
:10849000F47001F0C3FE04F2947003F041FF04F5A0
:1084A000ED6002F0AFFF04F5E36001F0DDFFC4F81A
:1084B000007704F5E06010F0C1F9C4F8E87604F53F
:1084C000DD6010F0BBF904F5D06011F029FEA4F8CE
:1084D000225304F54770C4F81C6308F055F9344B77
:1084E000C4F8DC3204F537700DF02CFB314BC4F8C6
:1084F000D03003F12802C4F8D82004F5337504F510
:1085000034700FF011F928460FF00EF904F1EC0366
:108510009D4211D0DFF8A08004F52B7504F1CC0743
:1085200045F81C8C28460DF0D3FBA5F110003C3D0E
:108530000FF0FAF8BD42F3D1002504F1D000C4F8E1
:10854000D060A4F8D65008F01FF904F1A8000CF090
:108550006DFD04F170000BF0E3F904F15400666561
:10856000A4F85A5008F010F904F13C00E663A4F8AE
:10857000425008F009F904F124006662658508F0AC
:1085800003F904F10C00E660658208F0FDF8201D97
:108590006660658108F0F8F82046BDE8F08100BF0C
:1085A0002C3F0300B84003002C390300444403006F
:1085B000D04E0300F44C0300C44C0300A0F10400AF
:1085C0002EE700BF10B50446FFF72AFF204628F02B
:1085D000EAFA204610BD00BF10B5041F2046FFF781
:1085E0001FFF204628F0DFFA204610BDF8B52D4CBD
:1085F00015460746082220680E462B4924F005FD43
:108600002A49206824F0C6FD20684FF0FF3113F09E
:1086100077F806281CD0264A20684FF0FF3126F054
:1086200062FE2368002837D118466FF0010124F05C
:10863000B4FB2049206824F071FD1F49206824F014
:10864000A9FD20684FF0FF3113F05AF806281CD11D
:108650002068394624F0CDFC2068314624F0C9FC5E
:108660002068294624F0C5FC002320681A4603210F
:1086700013F092F800B9F8BD206800224FF0FF31E6
:1086800024F032FC08B1FFF773FA20686FF00101A3
:10869000BDE8F84024F081BB18466FF0010124F0DA
:1086A0007CFBD5E7441A00207C1B0300EED8FFFFBB
:1086B000881B0300E51E0020F0D8FFFF2DE9F84FCE
:1086C000DFF888A01D4D9AF800B01D4C1D4F1E4EBE
:1086D000DFF87C90002380468AF8003018E03B6881
:1086E000013A03F1010C1901226006EB0312DCF1DF
:1086F000000303F00F030CF00F0C705A518858BFA1
:10870000C3F1000CD2E90223C7F800C0FFF76EFFE7
:108710002B7813B1B8F1000F06D12268002ADED100
:108720008AF800B0BDE8F88F00232B70B9F800007C
:10873000B9F80210D9E90223E8E700BFE61E0020DD
:108740003C1A0020401A002058180020E71E002084
:10875000481800200A4B30B418600A4B0A4C1A80A3
:108760000A4A218000230A4D0A4C13700A480B491B
:108770000B4A2B702370036030BC0B601360704792
:10878000441A0020DC1E0020DE1E0020E71E002010
:10879000E61E0020E81E00203C1A0020401A00209F
:1087A000381A0020F0B589B08DE80F002F4D304BFE
:1087B0002C781F88BDF800E0BDF80260CCB9012319
:1087C000BE452B70DDE9022305D12A490C88A41B84
:1087D000B4FA84F464093146274E70463470FFF7CA
:1087E00005FF002401203470FFF768FF2C7009B0EA
:1087F000F0BD9DE80F0004ADBE4585E80F0018D020
:108800001E491F480B680268102B1FD05C1C1344C4
:108810005A420C6003F00F0402F00F0358BF5C4291
:1088200095E80F00174D05EB041484E80F0009B01C
:10883000F0BD104B1B88B342E2D195E80F00124CFB
:1088400084E80F00114B01221A70D0E70132104E5C
:108850001C46534203F00F0302F00F0258BF5A4266
:1088600033680260013333600F23D0E7E81E002035
:10887000DE1E0020DC1E0020E71E00203C1A002027
:10888000401A00205818002048180020E61E00203A
:10889000381A0020104B1B7870B5044613B10F4BEB
:1088A0001B7823B92046BDE87040FFF783B9FFF776
:1088B0007DF90546061904E00A2828BF0A20FFF7BB
:1088C00079F90020FFF7FAFEFFF770F9431BA34286
:1088D000A6EB0000F0D370BDE81E0020E71E0020CC
:1088E000F8B5134D134E012200232A703270194639
:1088F0001A46044612F050FF30B9002401203470AB
:10890000FFF7DCFE2C70F8BD00224FF0FF3120464F
:1089100024F0EAFA07460848FFF72AF917B1384663
:10892000FFF726F96FF00101204624F036FAE4E75C
:10893000E81E0020E71E0020901B030008B5034B33
:10894000196824F056FB012008BD00BF381A00202A
:1089500010B506220446012126F05BFC0E49204694
:1089600024F0DCFB0D49204624F014FC4FF0FF31CD
:10897000204612F0C5FE08B1002010BD2046064971
:1089800024F0CCFB2046012124F044FA2046034980
:1089900024F09BFC002010BDE51E0020F0D8FFFF56
:1089A0002DE9D043141E06460F461BDA1349DFF8A3
:1089B0005090644200204FF00008013C19D202465A
:1089C0000B463046394622F085FC09E042464B46CC
:1089D00022F056FB013CF9D232463B4622F050FBD6
:1089E000BDE8D0830549DFF8189000204FF000085B
:1089F000F0E742464B4622F043FBDEE70000F03F43
:108A000000002440D0B506460F461BF031F9F9F7B7
:108A1000A7FC22F0E5FD3946424204463046FFF706
:108A2000BFFF0A4B002206460F4622F0AFFD10B1F1
:108A300001342046D0BD064B00223046394622F094
:108A400091FD0028F5D0013CF3E700BF0000244071
:108A50000000F03F2DE9F84F80468946F9F780FC89
:108A600082468B4622F084FE52465B4605460E4601
:108A700004460F464046494622F04AF90B4B002275
:108A80008046894622F08CFD48B9084B00224046BA
:108A9000494622F05DFD28B105F0010515B101340C
:108AA00046F1000720463946BDE8F88F0000E03F58
:108AB0002DE9F04704460D469A461646FFF7A2FFF9
:108AC000721E121A294607462046FFF769FFFFF774
:108AD000C1FFDFF84C900C46104905464FF00008E6
:108AE0000020002E14DC22F043FE854274EB0101CD
:108AF00008D3284621460A22002322F009FE013726
:108B000005460C46CAF8007028462146BDE8F087A5
:108B100042464B4622F0B4FA013EE2E70000F03F45
:108B2000000024402DE9F04F8BB0064600200131B3
:108B3000079080460446074606900D4615F8010B3F
:108B40002B2811D008D8202810D0232810D04FF07F
:108B500000094FF00A0B13E02D280CD03028F6D175
:108B6000012107912946E8E70127FBE70124F9E7FE
:108B70004FF00108F6E701210691F3E70BFB09C965
:108B80000D78A5F1300C5FFA8CFEBEF1090F084696
:108B900001F10101F2D92E2D33D00625002B34DA54
:108BA00034462D2104F8011B077823F0004B452F94
:108BB00092465B461046594600F0DD8022F0FAFCF2
:108BC00068BB7A4B4FF0FF325046594622F0F2FC18
:108BD000002844D1754B4FF0FF325046594622F0E1
:108BE000CBFC00283BD1724B724A1AE00CFB0515F6
:108BF00010F8011F30395FFA81FEBEF1090FF5D977
:108C0000CCE700254FF00A0CF2E717B134462B21D0
:108C1000C8E714B134462021C4E73446C4E7664BA4
:108C2000664A472F18BF13461A889B782280A37084
:108C3000E51CAF1BB9450ADD069BA9EB0708002B15
:108C400073D04246202128461FF0AEFE4F46002337
:108C50003846F3550BB0BDE8F08F574BE4E7472F8C
:108C60000CBF452365230593662F4FF0000309933E
:108C70000AD1CDE9005852465B46204623F0A4FFB6
:108C80000546D6E74523EEE707F0DF07452F0DD170
:108C900009ABCDE90183009552465B46204623F09F
:108CA00058FF059A099923F031FFE9E7002D4FF0AD
:108CB00000024FF000035046594608BF012522F03C
:108CC0006FFC40B10E2D2A4609ABA8BF0E225046BC
:108CD0005946FFF7EDFE099A111D05F1FF3301DB3F
:108CE000954210DC09AACDE90182009352465B4609
:108CF000204623F02EFFB8F1000FD2D101462046C6
:108D000023F0D0FFCDE79B1A0093CDF804805246A4
:108D10005B46204623F058FF0546B8F1000F88D186
:108D20000146204623F0BEFFAAE7079BCBB11F4BAD
:108D30004FF0FF325046594622F03CFC88B91B4B9D
:108D40004FF0FF325046594622F02AFC48B92A1B00
:108D5000214604EB08001FF067F842463021204608
:108D600072E73A46314606EB08001FF05DF84246CE
:108D70002021304668E722F01DFC00287FF46DAF0B
:108D80000A4B4FF0FF325046594622F013FC0028A0
:108D90007FF478AF054B4FF0FF325046594622F032
:108DA000EBFB00287FF46EAF014B3DE7FFFFEF7F49
:108DB000415B0300455B0300395B03003D5B03003F
:108DC00070B5194614461D4606461046F9F7C8FA0E
:108DD00022462B4622F0BCFB78B10A4B204625F0F8
:108DE0000041002222F0BEFB38B1074922462B4643
:108DF0003046BDE87040FFF795BE044922462B4639
:108E0000F6E700BF0000E041495B03004E5B030052
:108E1000F0B5ADF2144D054623F0BAFF01AE07469A
:108E20003146284626F061FB002FC8BF01240ADC2A
:108E300029E00922591C31601A703046013426F0AD
:108E400022FBA7421FDB3249284623F0E3FF2146DD
:108E5000284623F0DFFF01221146284624F0E3FADA
:108E60004FF0FF31284624F000F800283AD0012CBA
:108E7000E3D033680DF582629342DAD3304626F0B0
:108E8000D3FA3368D5E733680DF5826293423AD25C
:108E9000591C0A22316030461A7026F0E9FA284639
:108EA0004FF0FF316A4624F01FF8009E0546AEB130
:108EB0000020044601E0A6420ED02B5D0A2B21467D
:108EC00004F10104F7D1814213D812480221FEF7C0
:108ED00063FEA6422046F0D186420FD800200DF254
:108EE000144DF0BD0C49284626F05DF90DF2144DE5
:108EF000F0BD091A2844FEF74FFEE6E7311A284470
:108F0000FEF74AFEEAE7304626F08EFA3368BFE7FE
:108F1000EDD8FFFFC81B03009C1B030010B5084AD7
:108F20000849044624F01AF920460749012224F092
:108F3000BDF82046054A0349BDE8104024F0A8B911
:108F4000CC1B0300EED8FFFF118E0000F4160300C7
:108F500070B50C464969064639B1226B0023920070
:108F600025F01BFA002363612363A16951B1A26B51
:108F700002EB420200239200304625F00EFA002355
:108F8000A361A363E16941B1626A002392003046A4
:108F900025F003FA0023E3616362636B002B0ADDB3
:108FA00000252369304653F82510FFF7D1FF636B86
:108FB0000135AB42F5DC70BD10B54FF0FF31044612
:108FC00023F0F1FF08B1837903B110BD0169204698
:108FD000BDE81040FFF7BCBF38B511F043FF041DDA
:108FE00011F050FF054611F0CFFEAC4204D2044B05
:108FF00044F8043BA542FBD8BDE8384011F08ABED6
:10900000CEFADEC010B511F029FF044611F02AFF98
:10901000031DA34210D20B48002105E071B90433AF
:109020009C424FF0010107D91A688242F6D10433FD
:109030009C424FF00001F7D8002010BD201DC01A3F
:1090400010BD00BFCEFADEC070B50D460446164610
:1090500023F0FAFE294668B1204623F00FFF07EE01
:10906000900AFDEEE77A17EE903AFF2B10D8337096
:10907000002070BD204612F043FB0146204612F04E
:109080004BFB06490246204623F0FBFF012070BD42
:109090000349204623F0D1FFF8E700BFD81B0300A7
:1090A0000C1C0300F8B52DED028B0D460446174647
:1090B0001E4623F0C9FE294610B3204623F0DEFEEB
:1090C00008EE100AF0EEC87A2946C6ED007A20466E
:1090D00012F016FB03280BD1089BB5EEC08ABDEC3D
:1090E000028BF1EE10FA58BF002700201F60F8BD78
:1090F0000A49204623F0A1FFBDEC028B0120F8BDF8
:10910000204612F0FDFA0146204612F005FB044904
:109110000246204623F0B5FFEEE700BF681C0300BF
:10912000341C03002DE9F8432DED028B08EE101AD4
:10913000DFED218A68EE287A054617EE900A14467C
:1091400021F046FFF9F70CF9804618EE100A89461F
:1091500021F03EFF194B06460F4600224046494685
:1091600021F08EFF0B4602463946304621F0D0FDF5
:1091700022F07EFA07EE900A38EE678A28EE288AF7
:10918000BDEEC87A17EE103AFF2B0CD8FDEEE77A49
:10919000237017EE901AFF2905D86170BDEC028B81
:1091A0000020BDE8F8832846054923F046FFBDECC2
:1091B000028B0120BDE8F8830000803B0000704076
:1091C0000C1C030038B51F49044605222020FEF779
:1091D0005FFC28BB054602461B49F020FEF758FC01
:1091E00002220346294620461D4623F0F5FF0121B1
:1091F000204623F089FF154A6FF00101204624F034
:1092000047F85DB11249204623F017FF2046114A66
:109210006FF0010124F03CF8012038BD0E49F2E75F
:1092200001222046002123F0D7FF2046002123F011
:109230006BFF2046054A6FF0010124F029F8012058
:1092400038BD00BFC439030048260300AC1C03002E
:10925000A01C0300B81C0300901C030038B50D4689
:109260006FF00101044612F04BFA06281AD06FF095
:109270000101104A204626F036F86FF0010170B95E
:10928000204612F03DFA0146204612F045FA0A49FE
:1092900003462A46204623F0F4FE012038BD20462E
:1092A00023F07BFD20460022012124F0BCF80020A1
:1092B00038BD00BF881B0300C01C030038B51B4A23
:1092C00004460D461A4923F049FF4FF0FF3120466E
:1092D00012F016FA05281BD0164A4FF0FF3120462F
:1092E00026F001F878B94FF0FF31204612F008FA65
:1092F0000146204612F010FA0F490246204623F09C
:10930000C0FE012038BD6FF00101204623F045FD6D
:109310002A4620464FF0FF3123F020FF20466FF011
:10932000010123F050FD002038BD00BF9C10030058
:10933000EED8FFFF280F0300E81C030010B5012141
:10934000044623F02AFD18492046FFF7B7FF28BB43
:109350000121204623F078FD012198B1204623F019
:109360008DFDDFED127A07EE100A67EE277A2046B0
:1093700017EE901A23F036FE0B492046FFF76EFFDA
:1093800060B910BD204612F0BBF90146204612F02C
:10939000C3F907490246204623F073FE2046BDE884
:1093A000104024F0A1B800BF701103000000DC429F
:1093B000181D03002DE9D04301212DED028B044639
:1093C00023F0EBFC0121204623F03EFD0121002883
:1093D0004DD0204623F052FD08EE100AF2EE088A26
:1093E000C8EE287A17EE900A21F0F2FDF8F7B8FFE0
:1093F000804618EE100A894621F0EAFD254B064604
:109400000F4600224046494621F03AFE02460B46EE
:109410003046394621F07CFC22F02AF908EE100A89
:10942000F1EE087AB4EEE78AF1EE10FA1A49204616
:10943000C8BF38EE688AFFF741FF88B9FBEE0E7AA5
:1094400068EE277A204617EE901A23F0CBFD1249DA
:109450002046FFF703FF18B9BDEC028BBDE8D083AF
:10946000BDEC028B2046BDE8D04324F03DB8204639
:1094700012F046F90146204612F04EF9074902461D
:10948000204623F0FEFDBDEC028B2046BDE8D04314
:1094900024F02AB80000284080110300181D0300A2
:1094A00070B53F4C8AB004AB0021012200932160CB
:1094B00002AB11460546FFF7F5FD10B101200AB0D9
:1094C00070BD05AB02220093114603AB2846FFF79F
:1094D000E9FD0028F2D19DED027AFDEEC77A17EE84
:1094E000901AFF2956D8DDED036AFDEEE67A17EEF5
:1094F000900AFF284ED8049A059E931907EE903AD9
:10950000F8EEE77AC0B2FDEEE77A17EE903AFF2B5D
:1095100040D8F7EE007AB4EEE77AF1EE10FAF7EE03
:10952000007A48BF0122F4EEE76A54BFD2B2049237
:10953000F1EE10FA48BF0226DBB258BFF6B2C9B24C
:1095400032448DF822304FF001038DF81B208DF846
:1095500019108DF820108DF81A008DF821008DF863
:10956000183023604FF007020E4B48BF059607A93D
:1095700020200793FEF78CFA38B92060042206A950
:109580002020FEF785FA002899D00749284623F0C5
:1095900054FD93E70549284623F04FFD8EE700BFB1
:1095A000481A0020FFF910036C3903000C1C03005B
:1095B00030B52DED028B044685B0032123F0EDFB81
:1095C0000321204623F05AFC03210346204608EEDF
:1095D000103A12F095F8032824D1B5EEC08AF1EEC6
:1095E00010FA1FDBDFED277AB4EEE78AF1EE10FA0E
:1095F00018D82046FFF754FF0546F8B1224B1B68E8
:10960000A3B92248019001A907222020ADF8083013
:109610008DF80A30FEF73CFA1D4904222020FEF79F
:1096200037FA03E01B49204623F007FD204605B02A
:10963000BDEC028BBDE8304023F056BFDFED167A5B
:1096400028EE278AFDEEC87A17EE900AFEF734FA64
:109650000E4BADF80850072201A920208DF80A50C2
:109660000193FEF715FA0A49054604222020FEF769
:109670000FFA0DB10949D6E70028FBD105B0BDECC2
:10968000028B30BD00006145481A0020FFF910032D
:10969000CC390300441D030000007A446C390300F8
:1096A00010B5032184B0044623F077FB01210DEBB4
:1096B00001022046FFF7C8FC30B90DF10202022179
:1096C0002046FFF7C1FC20B1204623F00DFF04B077
:1096D00010BD0DF1030203212046FFF7B5FC002861
:1096E000F2D10F49BDF801209DF803300191ADF88A
:1096F000082001A9072220208DF80A30FEF7C8F9BA
:1097000040B92020042269468DF80000FEF7C0F918
:109710000028DCD00349204623F08FFCD4E700BFAB
:10972000FFF930036C39030010B50221044623F021
:1097300034FB2046FFF7B4FE00B910BD2046BDE85B
:10974000104023F0D1BE00BF10B50446FEF720FD47
:1097500000280EDB07EE900A9FED087AF8EEE77A14
:10976000204667EE877A17EE901A23F03BFC012023
:1097700010BD204623F030FC012010BD287E8C3C1B
:1097800010B5012188B0044623F007FB01212046D3
:1097900011F0B6FF032833D004AB0093032203ABD0
:1097A00001212046FFF77EFC28B1204608B0BDE825
:1097B000104023F099BE039902AA2046FFF7B2FC9D
:1097C0000028F2D1DDED047AF8EEE77AFDEEE77AD3
:1097D00017EE903AFF2B26D81548BDF808100590D3
:1097E000DBB2ADF81810072205A920208DF80A3049
:1097F0008DF81A30FEF74CF980B9002008B010BD82
:109800000121204623F03AFB07EE900AF5EE407A5C
:10981000F1EE10FAC0D1002008B010BD0549204675
:1098200023F00BFCC1E70449204623F006FCBCE70B
:10983000FFF941036C3903000C1C030010B5012132
:109840008AB0044623F0A9FA0121204611F058FFFE
:10985000032838D004AB01220093114603AB204605
:10986000FFF720FC28B120460AB0BDE8104023F0E5
:109870003BBE039905AA2046FFF754FC0028F2D10D
:10988000049B013307EE903AF8EEE77AFDEEE77AB3
:1098900017EE903AFF2B29D8BDF814208DF8183018
:1098A000ADF8162005AB93E803000922124B08908F
:1098B0008DF82410202007A90793FEF7E9F880B956
:1098C00000200AB010BD0121204623F0D7FA07EE90
:1098D000900AF5EE407AF1EE10FABBD100200AB002
:1098E00010BD0649204623F0A8FBBCE704492046EA
:1098F00023F0A3FBB7E700BFFFF942056C39030073
:109900000C1C030010B515490446002223F0CEFBC1
:109910002046134A134923F0BBFC2046124900227B
:1099200023F0C4FB2046114A0E4923F0B1FC204627
:109930000F49002223F0BAFB20460E4A094923F0C2
:10994000A7FC20460C49002223F0B0FB20460B4A1E
:109950000449BDE8104023F09BBC00BFC591000046
:10996000A01D0300EED8FFFFB1950000AC1D030061
:10997000B5930000801103003D930000B81D030063
:109980000048704716FCFFFF704700BF70B50446E3
:1099900082B0382027F009F904F108061323324673
:1099A000054624490093244BF6F71EFF0021C4F816
:1099B000F05828460FF066FAD4F8F0080FF0E8F9EE
:1099C00081B2304602F028FC4FF40041304602F0EC
:1099D0002DFCD4F8F00888B194F87238D4F87818CF
:1099E0008BB90FF0CDFBD4F8F00894F8733828B198
:1099F000D4F874185BB100220FF080FBD4F8EC3877
:109A00005BB102B070BD01220FF078FBEBE70FF005
:109A1000B7FBD4F8EC38002BF3D1002240F2FF332F
:109A200004F67C01304602F08FFBC4F8EC0802B06B
:109A300070BD00BF0010024000442C4710B5044622
:109A4000D0F8FC08036801211B6898470121D4F86D
:109A5000FC0810F011F9D4F84818D4F8F4080EF006
:109A60001BFCD4F8F818D4F8F40800220EF03CFCE3
:109A700001210EF0D7F8012384F8703810BD00BF23
:109A800038B50446D0F848080EF058F810B194F8EC
:109A90007038C3B1D4F848080EF050F8054610B934
:109AA00094F8703803B938BDD4F8FC0884F87058BD
:109AB000036829461B689847D4F8FC082946BDE886
:109AC000384010F0D9B82046FFF7B8FFE2E700BFF2
:109AD00038B5044600293CD0D0F8F03823B3C38809
:109AE000264A43F001030221C380C2F88410BFF369
:109AF0004F8FBFF36F8FD0F8F0080FF0F9FAD4F85A
:109B00007818D4F8F0080FF03BFBD4F87418D4F8A8
:109B1000F0080FF035FBD4F8F00810B103689B692A
:109B200098470023C4F8F038D4F8FC0894F870384B
:109B300002680025DBB284F871382946136884F87E
:109B400070589847D4F8FC08294610F095F8002082
:109B500038BDC388DA0705D5D0F8F02823F0010313
:109B6000C38042B194F87138002BF0D02046FFF743
:109B700065FF002038BDFFF709FFF3E700E100E0D3
:109B8000044B186810B1D0F8F03803B17047FFF7F4
:109B9000FDBE00BF4C1A0020FF2906D808B5890079
:109BA000083002F013FB002008BD6FF47A70704794
:109BB00008B5083002F020FB0028B8BF0330801041
:109BC00008BD00BF0346D0F8F00883F873180A46B2
:109BD00038B1D3F8741812B100220FF08FBA0FF019
:109BE000CFBA704770B50446D0F8F0081B4B23601D
:109BF00048B1D4F878180FF0C3FAD4F87418D4F830
:109C0000F0080FF0BDFA164BC4F8083903F18402CE
:109C1000A833C4F82029C4F82839124E002504F6C8
:109C200038100DF081FD04F51260C4F82069A4F825
:109C3000265906F0A9FD04F6041003F051FC04F6C1
:109C40007C0003F0B7F804F1080002F051F8204658
:109C50002660E58006F098FD204670BDDC390300E3
:109C6000A03D0300B840030010B50446FFF7BAFF5B
:109C7000204626F098FF204610BD00BF2DE9F04F8A
:109C8000044685B000251E46644B036027464560A8
:109C900092468B46DDF8389006F008FD604B47F899
:109CA000083B6049032340F2FF323846F6F7D8FC00
:109CB00040F20113C4F878A804F67C0A4AF644423C
:109CC00084F87058A4F8723840F6C231C4F874B8F9
:109CD00084F87158504603F009F90F9BC4F8FC381A
:109CE0005146C4F8EC58C4F8F058C4F8F468C4F805
:109CF000F89804F6041003F0F1FB2B22394604F621
:109D0000081004F049FC484B1A68002A00F08480CF
:109D1000E38843F400535046E380012103F0D2FB73
:109D20000022494630460EF0DFFA03683F495B6A7D
:109D3000C4F84808984700220721D4F84808DFF8FB
:109D400000A1DFF8E8900DF053FF2046FFF776FE04
:109D5000442026F02AFFD4F84818054601F11C06D5
:109D600006F090FC3146024628460DF077F804F5DF
:109D700007612846C4F854580CF09CFE4C2026F08D
:109D800014FF0546D4F8540803685B69984702231A
:109D90000A220146CDE900322846254A01230CF06B
:109DA000C7FDC4F84C58602026F0FFFE0546D4F8E5
:109DB000540803685B699847152302931D4B019370
:109DC0004FF0834301461C4A009328461B4B0CF07E
:109DD00039FBC4F85858442026F0E7FED4F84C1854
:109DE00005462C3125220DF039F804F65C06C4F83E
:109DF000505804F66C08542026F0D7FE534605460A
:109E00004A46394602F0A0FF46F8045F4645F2D1C3
:109E1000204605B0BDE8F08F1C6079E7B84003002C
:109E2000DC39030000442C474C1A002000E02B468C
:109E30000AD7A33D00000C420000AA420000824263
:109E400000007F4300487047C41D0300BFF34F8FDD
:109E50000549064BCA6802F4E0621343CB60BFF3C6
:109E60004F8F00BFFDE700BF00ED00E00400FA05E2
:109E7000704700BF084607F0D7BD00BF10F0BABF5B
:109E8000084607F0CDBD00BF10F0BABF024A034933
:109E900001601060704700BF541A0020003A0300B0
:109EA000104A1149012330B44FF0040C1360002410
:109EB000C2F80041D2F80031002BFBD0D2F80835AF
:109EC000BCF1010C43EA0121F2D10368074C9B6904
:109ED0000125A342556003D130BC084607F0A4BD5C
:109EE00030BC184700D00040ED5EBC0B759E0000F2
:109EF0004FF08053586E704730B4174D0FCD88B077
:109F000001AC0FC495E80700144D03C4002305F805
:109F1000053F19464FF0805322705C6E05204FF0CC
:109F2000010C01EB81026A44B4FBF0F300FB134324
:109F3000B3FBFCF31A440131127905F8012D052910
:109F4000A4EB030400EB80000CEB8C0CE9D103487C
:109F500008B030BC704700BF383A0300581A0020E0
:109F6000002070472DE980488BB0044610F00CFFAC
:109F70008F4B9049904D0022C3F810254E1DC3F819
:109F800014250320C3F81825C3F81C25C3F8202581
:109F9000C3F82425C3F82825C3F82C250A4612F84F
:109FA000013B1F2B86BF03F01F0329464FF0A04142
:109FB00003F5E073964241F82300F0D17F4B7E48D1
:109FC000591D1A46032612F8013B1F2B86BF03F0CA
:109FD0001F0305464FF0A04503F5E073914245F895
:109FE0002360F0D1754A7448012612F8013B1F2BFB
:109FF00086BF03F01F0305464FF0A04506FA03F3A2
:10A000009142C5F80C35F0D16D4BDFF8C4B11F6833
:10A010006C4B6D4A83FB0413E117C1EB63188BFB98
:10A020000403C1EBA3034FF0000A12680493BC467B
:10A03000D1462646454612B14A4540F3AE806348B4
:10A040005D4F0592E646002301244FF0A041CDF874
:10A050000C908446CDE906E3CDE9086500200CF1BB
:10A060000509272800F39480039B042B00F38B80C1
:10A0700049F63F4349F64048504DCDF808C0E64602
:10A0800049F64042DFF82CC1CDF8048004269EF842
:10A0900000A01CF8018B4AFA06FA1AF0010F60D0F2
:10A0A000B8F11F0F67D84FF0A04A04FA08F8CAF8B1
:10A0B0000C85013EEBD2DDF80480B8F1000F0BD027
:10A0C0002E781F2E86BF06F01F06BC464FF0A04C10
:10A0D00004FA06F6CCF808650026019002E0013685
:10A0E000964214D09E42D1F80405F8D195F800C0EC
:10A0F000BCF11F0F86BF0CF01F0CBA464FF0A04AF0
:10A10000013604FA0CF09642CAF80C05EAD10EF1B9
:10A11000010EF145019805F10105B3D10130302858
:10A12000DDF808C09DD1DDE906E30133042BDDE94C
:10A13000086536D0012B32D0022B049A18BF324664
:10A140008BFB020CD017C0EBAC0000EB8000A2EB45
:10A150004002303252B2052002FB00E2A2F1A00C14
:10A1600078E7B8F11F0F0AD84FF0A04A04FA08F8B0
:10A17000CAF808859DE708F01F08BA4695E708F079
:10A180001F08BA46F2E740F69F734FF47A6873E708
:10A190004FF0FF334FF000086EE7FFF757FE2A46F7
:10A1A000CEE7DDF80C90059AF44609F1010942E783
:10A1B00000600040283A030000030050303A0300DA
:10A1C0007C0000201F85EB51501A0020203A03002C
:10A1D0006766666608B5FFF7C5FE00BF08B50846A6
:10A1E000FFF7F8FF08BD00BF4FF0FF30704700BF1A
:10A1F000054B186828B10368044ADB69934202D111
:10A20000704710F0F5BD1847541A0020719E0000E9
:10A21000704700BF0048704716FCFFFF10B5074BA2
:10A22000036003F14002044640F83C2F09F08EFC25
:10A23000204602F07FF8204610BD00BF5C3A0300C4
:10A24000084B10B503F140020446036040F83C2F70
:10A2500009F07CFC204602F06DF8204626F0A3FCB5
:10A26000204610BD5C3A0300094B10B503F14002D3
:10A27000A0F13C0440F83C3C026009F067FC204639
:10A2800002F058F8204626F08EFC204610BD00BF94
:10A290005C3A030010B5074A40F83C2C02F140013B
:10A2A000A0F13C04016009F051FC204602F042F8A4
:10A2B000204610BD5C3A030030B583B0012504464A
:10A2C00000951D4602F0C2F92A46214604F13C00E1
:10A2D00009F080FC034B236003F140022046E26357
:10A2E00003B030BD5C3A030010B50446C0E900126B
:10A2F00083604FF48072042308310C3005F068FA53
:10A300000022012104F1240007F0CCF804F19800A8
:10A310000DF02CFB0023C4E91433A36323622364F0
:10A320006363E3636364A365E364A4F85C3023665A
:10A33000C4F89430204610BDF8B5056A15F0010543
:10A3400043D10646044656F8640B03684FF4006296
:10A35000DF6962630B233146B8472946102284F82F
:10A360008B5084F8805084F8755084F8905004F134
:10A3700081001DF073F829461022606404F1760014
:10A380001DF06CF82368656B1A68E06405F50065DC
:10A39000E5631846136B676C98470544AF4212D3C8
:10A3A000E56C636CAB420ED220680368DB6A9847A9
:10A3B000854208D206490E2230461CF06FF9B0FAE9
:10A3C00080F04009F8BD0020F8BD0120F8BD00BFB5
:10A3D000CC1D030030B58DB00446FFF7ADFF28B9A2
:10A3E000236A23F0010323620DB030BD2D2200212A
:10A3F00068461EF0D9FA2068616B02680B23156A63
:10A400006A46A8472068016801230D6AE16C6A4624
:10A41000A847E5E738B500F124050446284607F0CB
:10A420004BF82046FFF7D6FF2846BDE8384007F036
:10A43000BDB800BF10B5044698300DF01BFA204699
:10A4400010BD00BFC1600020704700BF00487047CA
:10A4500016FCFFFF0048704716FCFFFF014B1880F9
:10A46000704700BFE01E002010B5044A02600023C0
:10A470000446C38006F088F9204610BDB8400300AA
:10A4800010B5064A026000230446C38006F07CF93A
:10A49000204626F088FB204610BD00BFB8400300D0
:10A4A00082B010B58C4684B049688646DCF800005E
:10A4B0000DF1080CACE8030006A981E80C00DDE909
:10A4C0000243DA070EEB630C03D55A105EF8023034
:10A4D0001C5908AB93E803008DE8030006AB0CCBD6
:10A4E0006046A04704B0BDE8104002B0704700BF0E
:10A4F0002DE9F84300251E46144B036004464560D1
:10A5000088461746BDF8209006F0D0F8104B23601F
:10A510002A46C4E90887A662012104F12C0006F04E
:10A52000C1FF00220023C4E91023E388256143F41E
:10A53000804343F004036561A561E563A4F84850D6
:10A54000A4F80490E3802046BDE8F883B8400300F7
:10A55000C03A0300C3885B070CD510B5006A84B00D
:10A56000026800230093146AE0210DF10F02A04756
:10A5700004B010BD704700BF70B5C3885B0784B0DE
:10A5800004460D4608D5006A002302680093166A47
:10A59000E0210DF10F02B047206A2A680168538854
:10A5A000002400940C6A0432E021A04704B070BD7E
:10A5B00070B54B6AD3F80C2393F81343526884B0F8
:10A5C000054603F543700E469047E443B0FA80F326
:10A5D00004F001045B09A34221D101220C21284689
:10A5E0000DF07AF8F3885B0708D5306A002302681B
:10A5F0000093146AE0210DF10F02A047306A2A6827
:10A600000368002100919C6A04320C23E021A047DA
:10A6100010B9284604B070BD28460DF085F82846CC
:10A620000DF054F8284604B070BD00BF70B50C465C
:10A6300082B0054668460DF049F8E38801263343A9
:10A64000E380012007F0ECF9214601A8FFF7B0FFF5
:10A6500001A968460DF070F801A80DF065F8009B9F
:10A660005A88E2B11A79202A1FD1E2885B799206D2
:10A6700001D5392B21D0312B11D0022168460DF0A4
:10A68000EDF8E38823F001036946E38028460DF0E6
:10A6900041F868460DF048F8284602B070BD142E07
:10A6A00006F101030CD01E46CBE7132AE5D05979F9
:10A6B0000E4807F05DF9C11CE0E701231E46C0E724
:10A6C0000122022101A80DF007F8019B43F62002A8
:10A6D0009A80E38823F00103E38001A928460DF066
:10A6E00019F801A80DF020F8D3E700BFDC3A030009
:10A6F000F0B5164683B00D461F4604460CF0E6FF43
:10A70000314601A80DF006F801A92846FFF734FFED
:10A7100058B901A80DF008F857B1294601A8FFF76C
:10A7200085FF01A920460DF007F801A80CF0FCFFF9
:10A73000204603B0F0BD00BF70B582B01646044697
:10A7400001220D46684602210CF0C6FF20460CF09F
:10A75000BDFF009B10225E711A71694601A80CF0C2
:10A76000D9FF01A92846FFF707FF064601A80CF00C
:10A77000DBFF2EB168460CF0D7FF204602B070BD5B
:10A78000294601A8FFF752FF01A920460CF0D4FF8B
:10A7900001A80CF0C9FF68460CF0C6FF204602B0C5
:10A7A00070BD00BF30B5CB889B0783B00C46054613
:10A7B00006D5A068A38928602846AB8003B030BDC9
:10A7C00068460CF083FF0122214601A8FFF7B4FF81
:10A7D00001A968460CF0B0FF01A80CF0A5FF009B92
:10A7E000B3F80730A3810222214601A8FFF7A4FF96
:10A7F00001A968460CF0A0FF01A80CF095FF009B92
:10A80000B3F807302381022B03D1E38843F0200300
:10A81000E3800322214601A8FFF78EFF01A96846C5
:10A820000CF08AFF01A80CF07FFF009BA189B3F810
:10A830000730638149F60412E388914216BF23F082
:10A84000040343F0060343F00203E38068460CF080
:10A850006BFFAEE770B50C4684B0042105460122BB
:10A860000DEB01000CF038FF0126019A40F61203AF
:10A87000744093809671D47101A902A80CF04AFF2C
:10A880003346294602AA03A8FFF732FF03A80CF0BB
:10A890004BFF02A80CF048FF01A80CF045FF04B0E4
:10A8A00070BD00BF10B5012184B00446FFF7D2FF90
:10A8B0000021012005F07CFF04210DEB01000122A5
:10A8C0000CF00AFF019B124A5A6001A902A80CF081
:10A8D00021FF02AA0123214603A8FFF709FF03A8CD
:10A8E0000CF022FF02A80CF01FFF0A2007F098F8D6
:10A8F000606A032100F543700FF0D8F94FF08043F0
:10A900000122C3F8002501A80CF00EFF04B010BD11
:10A9100012070108C388DB0700D5704730B504462D
:10A92000406AD0F80C3390F813535B6883B000F59D
:10A9300043709847ED43B0FA80F005F001054009F7
:10A94000A84213D168460CF0C1FE214601A8FFF7CA
:10A950002FFE01A968460CF0EFFE01A80CF0E4FE02
:10A96000009B5A8822B968460CF0DEFE03B030BD69
:10A970001A79112AF7D15A79092AF4D19A79012A38
:10A98000F1D1DB79032BEED12046FFF78BFFEAE70D
:10A99000C38870B513F0010503D0114B00221A6073
:10A9A00070BD0446406AD0F80C3390F813635B68BE
:10A9B00000F543709847F643B0FA80F006F00106C0
:10A9C0004009B042E9D1064A13681D2B02DC01336D
:10A9D000136070BD20461560BDE87040FFF79ABF58
:10A9E000601A0020C38819B143F00103C380704787
:10A9F00023F001039BB2C380704700BF08B506F087
:10AA00003BFD003818BF012008BD00BF10B504464B
:10AA100008F088FFD4E91032C01A61EB0201B0F5EA
:10AA2000FA7F71F1000105D3E06B0028CCBF002054
:10AA3000012010BD002010BD30B5194B1D688DB030
:10AA400045B3044606A80CF049FB164B02931820A8
:10AA500026F0ABF8144900910146002241F80C4B56
:10AA60000192C26005924A60CDE90A226A46034615
:10AA7000049003CA586099602A680C4992680C488F
:10AA800058618A424FF01203ADF80C3004D102A88D
:10AA900006F022FF0DB030BD02A928469047F6E728
:10AAA0001C1C0020FF030500B5AA000055A40000EF
:10AAB000A1A4000082B010B502A981E80C00BDF885
:10AAC000082040F2FF339A4203D0BDE8104002B0A4
:10AAD0007047BDF80A30052BF7D104462C3006F03C
:10AAE0009BFD002006F0D0FC2046BDE8104002B0DF
:10AAF000FFF7A2BF2DE9F04F8BB098469DF850406C
:10AB0000049404460F460191154608F01BFFA36A02
:10AB1000002B00F0F18006468A4608F013FF6FB163
:10AB2000854278EB0103C0F0E580744A281A68EB8F
:10AB30000101002382428B4180F0DC80012120460C
:10AB4000FFF788FE049B581C0021C0B205F030FEC0
:10AB500008A808F0C1FF0746A06A0368DA694369DC
:10AB60008B46C1680791D3F848150591D3F80413B3
:10AB70000691D3F80413C3F80813614B9A4240F0CE
:10AB8000B180604BC360DFF88C910023A9F80030DE
:10AB9000049B7BB9159B6BB11B6815985B68984744
:10ABA000159B1598DB8813F4807F0CBF03210221CD
:10ABB0000FF07CF8606A032100F543700FF076F81F
:10ABC000514BA06A40221A600368089ADB6B02218D
:10ABD0009847A06A03689B6A98470D3D48F1FF3883
:10ABE000AD1B68EB0A08BF1B6BEB0A0BFF194BEBA5
:10ABF0000B0BEB1B029368EB0B030393019B089E6B
:10AC0000DFF814B100273D46BA464BB3029A0399C8
:10AC1000974275EB010325D2D21B61EB05039345E7
:10AC20007AEB03031CD3A06A03683244DB6B022176
:10AC3000984730BFA06A03689B6C9847861BF6193B
:10AC4000804645F1000508F07DFEB9F8002092B27B
:10AC50003746464632B1019BA9F800A0002BD5D15A
:10AC60005A46E0E7606A002100F543700FF01EF8D5
:10AC7000049921B9159B13B118460FF017F8A06A73
:10AC800003681B6B9847A06A0368DA694369D3F8C5
:10AC90000413C3F808131A498A4226D1079AC260DE
:10ACA000059AC3F84825002200231946104608F0EB
:10ACB00023FFA36A04985B69069AC3F80423033050
:10ACC0000021C0B205F074FD00212046FFF7C2FD4F
:10ACD00008F028FE02460B46C4E9102300200BB002
:10ACE000BDE8F08F074990474DE707999047A36A61
:10ACF0005B69D5E70548F2E70548F0E79F86010064
:10AD000045A400005DA4000000E100E009FCFFFF95
:10AD100016FCFFFFE01E0020BFBDF0FF30B504466B
:10AD200085B0002006F0B0FB2046FFF785FE00222C
:10AD3000002302A8CDE9022308F0F4FE012300223B
:10AD40000146CDE900322046DDE90223FFF7D2FEBD
:10AD5000054604F12C0006F05FFC284605B030BD26
:10AD600010B5044A026000230446C38005F00CFDC0
:10AD7000204610BDB840030010B5064A026000230B
:10AD80000446C38005F000FD204625F00CFF204658
:10AD900010BD00BFB840030070B5054684B000F197
:10ADA00018062C698CB1E278012A10D0022A05F12C
:10ADB000200025D001230A2168460CF041F92B69B7
:10ADC000A3420AD01C46002CEDD104B070BD304621
:10ADD00000F0D6FA2B69A342F4D10B4A0221C2F843
:10ADE0008010BFF34F8FBFF36F8F2B695B6A2B61AE
:10ADF000EB7A013BEB722046116025F0D4FED0E7E0
:10AE000000F0E6FADBE700BF00E100E0104B70B5B0
:10AE100000250446C0E900350E4605F047FC2046F3
:10AE20000C4B40F8183B214600F050FA214604F143
:10AE3000200000F0C9FA40F20762C4E90225064B7F
:10AE4000A680C4E90455E5801C60204670BD00BFA3
:10AE5000B84003002C3B0300641A0020072907D8E0
:10AE6000054A064B525C41720020C3F80C2570471E
:10AE70006FF47A70704700BF483B03000010004039
:10AE800038B505460C46FFF76BF8002834D1642C22
:10AE900034D81C4B2C72D3F80825944202D0EA888F
:10AEA000D20701D4002038BD174A0221C2F8801011
:10AEB000BFF34F8FBFF36F8F0122C3F810011A61E8
:10AEC000D3F81021002AFBD0002001210D4AC3F83D
:10AED0000845C3F800015960D2F80031002BFBD0BF
:10AEE000094B022101200024C2F80C419060C3F8F4
:10AEF000801100201960D6E7044838BD6FF47A70DD
:10AF000038BD00BF0010004000E100E016FCFFFF6C
:10AF100038B543693BB3C27A032A044620D8C288B5
:10AF2000D2074CBFC268114A9A622C2025F03DFE20
:10AF30002C22002105461DF037FD636900225A626C
:10AF4000D4E9043153B11A465B6A002BFBD151623C
:10AF5000E37A65610133E372002038BD2161F7E7D0
:10AF60006FF47B7038BD6FF47A7038BD16FCFFFF4C
:10AF700038B5164BD3F8002122B100210122C3F8C5
:10AF800000119A60114BD3F80C2182B1104C0021B2
:10AF90002068C3F80C11D3F80054C288012D02F0C8
:10AFA000010205D002B1C160084B01229A6038BD90
:10AFB000D3F848355B4202B1C360FFF7A9FF2268AE
:10AFC000024B5269C3F80425EEE700BF00100040B1
:10AFD000641A0020F8B5C388DB0701D50020F8BD4E
:10AFE0000446FEF7BDFF00286BD16569002D5ED0D9
:10AFF0004FF0804200210123C2F800111360D2F803
:10B000000031002BFBD0637A2F4A304DD35CC5F85A
:10B010000C35217A2E4BC5F808150022C5F81025ED
:10B02000C5F81C35A67AFEF79BFF10B9A672C5F8C5
:10B030002465264BDFF8A4C06769264D0020012156
:10B040000826C3F82C050222C3F830154FF6FF7E00
:10B05000C3F81465C3F818C5DFF884C0C3F83425F5
:10B06000C3F83CE5C3F838C54FF0180CC3F854C515
:10B07000C3F80475C3F80463C5F880212A60D3F8C7
:10B08000002242F01002C3F80022C3F80001596008
:10B09000D3F80021002AFBD0E288012142F480424B
:10B0A00000200A43C3F80C019960E28096E72C2047
:10B0B00025F07BFD29462C2205461DF075FC6561B7
:10B0C00096E70548F8BD00BF483B0300001000406C
:10B0D0007469627500E100E016FCFFFF20000402C5
:10B0E0002110010010B50446FEF73AFFE0B9E388ED
:10B0F000DB0701D4002010BD0C4B0222C3F88020D6
:10B10000BFF34F8FBFF36F8F094A0123C2F81001BD
:10B110001361D2F81031002BFBD0E38823F4804375
:10B1200023F00103E380E5E7024810BD00E100E001
:10B130000010004016FCFFFF38B504460D46FEF730
:10B140000FFF70BBE3882DB959071CD49A0721D48F
:10B15000002038BDDD070ED4134A11688807F7D5E3
:10B1600043F002030221E380C2F88010BFF34F8F47
:10B17000BFF36F8FECE72046FFF7B4FFE38843F09F
:10B180000403E380E4E723F00403E3802046FFF7B1
:10B1900021FFDDE7044A23F002030221E38011606E
:10B1A000D6E7024838BD00BF00E100E016FCFFFF13
:10B1B00038B505460C46FEF7D3FE20B9034BAC72FA
:10B1C000C3F8244538BD024838BD00BF0010004018
:10B1D00016FCFFFFC07A70470346006990B10A4928
:10B1E00010B40224C1F88040BFF34F8FBFF36F8FBC
:10B1F0001A69526A1A61DA7A013ADA720C605DF8F9
:10B20000044B7047704700BF00E100E038B50546C9
:10B210000C46FEF7A5FE002850D1002C4BD0237819
:10B22000232B48D8264B0222C3F88020BFF34F8F30
:10B23000BFF36F8F234A0123C2F810011361D2F8C4
:10B240001031002BFBD00021C2F804450123C2F8C5
:10B2500000111C491360D1F80031002BFBD00120F4
:10B260000023184A8860C1F80C31D2F80C31002B49
:10B27000FBD06C691349C2F8044500200123C2F8D1
:10B2800010011361D1F81031002BFBD000200123F5
:10B290000C4AC1F800014B60D2F80031002BFBD002
:10B2A000074B022100200124C2F80C019460C3F86E
:10B2B0008011196038BD6FF47A7038BD024838BD0E
:10B2C00000E100E00010004016FCFFFF0022C0E992
:10B2D0000012704730B54C6883B00546BCB10B46D0
:10B2E000626A5A602146A36A11F8042B01A8033A46
:10B2F00001F0BCFC204625F056FC01A9284601F0CF
:10B30000CDFC01A801F0AAFC284603B030BD0349DA
:10B3100001F0C4FC284603B030BD00BF6C1A002009
:10B32000C1B1232A134615D810B58CB00446033397
:10B3300001208DF804308DF805004FF4807302A8C9
:10B34000ADF806301BF010F9206801A9FFF75EFF89
:10B350000CB010BD6FF47A70704700BF70B5054631
:10B3600008460C4601F0D4FC0646204601F0D4FC09
:10B37000314602462846BDE87040FFF7D1BF00BF06
:10B3800010B5044684B00068FFF726FF0022426231
:10B39000616889B14B6A33B119465B6A0132002B8F
:10B3A000FAD1032A0ADC486201231A4609216846B9
:10B3B0000BF046FE04B010BD6060F5E704B0BDE8D8
:10B3C000104025F0F0BB00BF0022416002707047C2
:10B3D00038B504464068FFF7FFFE01232370054699
:10B3E00004300BF085FE0023237025B12846BDE80C
:10B3F000384025F0D8BB38BD6FF47D70704700BF72
:10B4000000207047094B10B503F140020446036069
:10B41000826018300CF02EFA054A22600023204684
:10B42000E38005F0B1F9204610BD00BF583B030092
:10B43000B8400300002070470A4B10B503F14002EA
:10B4400004460360826018300CF014FA064A226049
:10B450000023E380204605F097F9204625F0A3FB62
:10B46000204610BD583B0300B84003002DE9F041D1
:10B470001D460F4B036000234360044616460F46EB
:10B48000BDF8188005F012F90A4B23604033A36021
:10B49000C4E90376656104F118000CF067FA4022F4
:10B4A0001823A4F80480A262E3802046BDE8F0815E
:10B4B000B8400300583B03002DE9F04F032B87B041
:10B4C00082460D46174619464FF00102B8BF0321C8
:10B4D00005A803930CF000F94A4E4FF014094FF001
:10B4E000000868690121FFF77DFAE8683A68016899
:10B4F0005388CDF800800C6A0432E421A0478346CB
:10B50000002864D13B681B790C2B38D1EB8813F0F1
:10B51000400F0CBF1420642005F0EEFE2869D0F81F
:10B520000C2390F813435268E443B24200F5437091
:10B5300004F0010446D10020844224D100221146A7
:10B540004FF0FF3305A80CF01DF9E868059A016873
:10B550005388CDF800808C6A0432E421A0478346EA
:10B56000C0B9059A386813790079834236D0EC88DF
:10B57000A1061AD5202B0DD15379392B0AD10120E0
:10B5800005F0BAFECAE70120834405F0B5FEBBF121
:10B59000140FC3D1B9F10109A3D168694946FFF776
:10B5A00021FA50460CF092F824E0002BE7D0202B33
:10B5B000F0D153799842E2D0002BE0D0B9F10109E3
:10B5C0008FD1EAE79047B0FA80F04009B4E7012054
:10B5D00005F092FEB9F1010983D1DEE768695946A9
:10B5E000FFF700FA039905A80CF038F905A95046B1
:10B5F0000CF090F805A80CF097F8504607B0BDE89D
:10B60000F08F00BFF9B300002DE9F0410C4684B083
:10B610000546486998461746FEF79CFFE388DB0617
:10B6200011D403AE394630460CF074F84346324626
:10B6300021462846FFF740FF30460CF075F82846B3
:10B6400004B0BDE8F0810122114601A80CF044F8D5
:10B650003B681B79032B019B14BF032206221A713E
:10B6600001A902A80CF056F803210A4806F080F957
:10B6700003AE034602AA21463046FFF71DFF3046BF
:10B680000CF052F802A80CF04FF801A80CF04CF89E
:10B69000C8E700BFB43B0300F0B585B004461746C9
:10B6A0000E460122082101A81D460CF015F820467F
:10B6B0000CF00CF847F02060019F04F05FFEAD0035
:10B6C0007860284604F05AFE01A9B86002A80CF080
:10B6D00021F805F1080302AA314603A8FFF794FFF9
:10B6E00003A920460CF028F803A80CF01DF802A8C6
:10B6F0000CF01AF823685B88082B12D90022204628
:10B700004FF0FF3308210CF05DF82368598820467C
:10B7100008390CF0A3F801A80CF006F8204605B093
:10B72000F0BD03A80BF0D2FF03A920460CF004F8EB
:10B7300003A80BF0F9FF01A80BF0F6FF204605B0B7
:10B74000F0BD00BF30B583B00C46014601A81D46D0
:10B75000FFF7A2FF01994B885BB12046AA00043194
:10B760001AF002FF002401A80BF0DEFF204603B010
:10B7700030BD014CF7E700BF0CFCFFFFA0F1080053
:10B78000FFF7E0BF2DE9F04F804685B068464FEAED
:10B7900083090D4692460BF099FFD8F828304B45A7
:10B7A000A8BF4B4619460122083101A80BF094FFAF
:10B7B00009EB050B4FF0FF330022FF2101A80BF02E
:10B7C000E1FF5D453DD2002601E0AB4539D9D8F80F
:10B7D0002830019FA9EB06049C4245F03060A8BFC9
:10B7E0001C4604F0CBFD7860204604F0C7FD26F02F
:10B7F00003012246B860514407F10C001AF0B4FE70
:10B8000004F1080101A80CF029F801A902A80BF025
:10B8100081FF092302AA414603A8FFF7F5FE03A909
:10B8200068460BF089FF03A80BF07EFF02A80BF01F
:10B830007BFF009B5B8825442644002BC5D1064C2A
:10B8400000E0002401A80BF06FFF68460BF06CFFCE
:10B85000204605B0BDE8F08F0EFCFFFFA0F1080008
:10B86000FFF790BF70B5154682B0012204460E4620
:10B87000684611460BF030FF009B69461D7101A818
:10B880000BF048FF2946094806F072F801AA034662
:10B8900031462046FFF7B8FE01A80BF045FF684689
:10B8A0000BF042FF204602B070BD00BFB43B030066
:10B8B00010B5C3889B0784B0044609D5636A00208D
:10B8C0009AB262F30F001B0C63F31F4004B010BD6B
:10B8D00001A80BF0FBFE0722214602A8FFF7C2FFDA
:10B8E00002A901A80BF028FF02A80BF01DFF019B85
:10B8F0005A88AAB90622214602A8FFF7B3FF02A977
:10B9000001A80BF019FF02A80BF00EFF019B5A884B
:10B9100012B15B7984F8263001A80BF005FFCDE762
:10B92000B3F8050004F03AFD0622A084214602A8DF
:10B93000FFF798FF02A901A80BF0FEFE02A80BF08A
:10B94000F3FE019B5A88002AE6D05B79A28C84F82A
:10B95000263002FB03F3B3F5F83F05DD4FF4F8336F
:10B96000B3FBF2F384F82630616902A8FEF71AFFF0
:10B97000BDF80820E388012ABDF80C2002F5CD426D
:10B9800002F17B0218BF23F0100392B20CBF43F008
:10B99000180343F028034021012A98BF0B4343F0CA
:10B9A0000203A162E380B7E72DE9F04788B00646BD
:10B9B00015460C460122082101A80BF08DFE02A8B5
:10B9C0000BF084FE03A80BF081FE04A80BF07EFEB2
:10B9D0003046FFF76DFF96F826300590B08C04EBEB
:10B9E000850900FB03F3994500F2D280B9FBF0F81A
:10B9F000B4FBF0F200FB08F8B9EB080300FB02FA15
:10BA000008BFA8EB000854454FEA850500F0BA804E
:10BA1000C31A00FB1244B3FBF0F200FB1237002CF8
:10BA20006BD1002F79D1F3881B072CD5C2454CD898
:10BA3000544607AD03E0B38C1C44444545D844F05C
:10BA40004060019F04F09AFC7860204604F096FC68
:10BA500001A9B86006A80BF05DFE012306AA3146D5
:10BA60002846FFF7D1FD294602A80BF065FE2846BF
:10BA70000BF05AFE06A80BF057FE029B5B88002BCA
:10BA8000D9D1454C29E04AF04060019C04F076FC95
:10BA90006060404604F072FC01A9A06006A80BF0AB
:10BAA00039FE012306AA314607A8FFF7ADFD07A915
:10BAB00002A80BF041FE07A80BF036FE06A80BF01B
:10BAC00033FE029B5B88002BDBD0039B5B88002B43
:10BAD00043D1049B5B887BBB002404A80BF024FEAD
:10BAE00003A80BF021FE02A80BF01EFE01A80BF02C
:10BAF0001BFE204608B0BDE8F08707ADA3085246FC
:10BB000031462846FFF7C8FD294603A80BF014FE6E
:10BB100028460BF009FE002F85D007ADBB084A462A
:10BB200031462846FFF7B8FD294604A80BF004FE6D
:10BB300028460BF0F9FD76E704A907A80BF0EAFD0B
:10BB4000079A33681C6A53884946304604329B087A
:10BB5000A04707A80BF0E8FDBEE703A907A80BF074
:10BB6000D9FD079A33681C6A538851469B080432F2
:10BB70003046A04707A80BF0D7FD049B5B88002B3D
:10BB8000AAD0D9E7011B4144A9427FF441AF4AE75B
:10BB90006FF47A74A1E700BF0EFCFFFF38B50446CE
:10BBA0000D46FFF785FEA28C294620469208BDE887
:10BBB0003840FFF7F9BE00BF10B50446FFF778FE26
:10BBC000A38C94F8260003FB00F010BD10B50446CA
:10BBD000FFF76EFEA08C10BD10B504460838FFF7C5
:10BBE00067FEA08B10BD00BF0368074ADB6A934263
:10BBF00009D110B50446FFF75BFEA08C94F82630FF
:10BC000003FB00F010BD1847B9BB000010B5044697
:10BC10000838FFF74DFEA38BA07F03FB00F010BD9B
:10BC200070B50446A0F1080630460D46FFF740FE09
:10BC3000A28B294630469208BDE87040FFF7B4BE9B
:10BC400050F8083C084ADB6A934210B50446A0F15C
:10BC5000080002D0BDE810401847FFF729FEA08B6E
:10BC6000A37F03FB00F010BDB9BB0000034600201A
:10BC7000DA680132DA6070470B68C1601B680846F9
:10BC8000184700BFC068003818BF0120704700BFC8
:10BC9000D0F81808704700BF4B1E032B02D96FF471
:10BCA0007A7070474B1C5B10C0F81818C0F81C382D
:10BCB0000020704700F614000068704710B5044B70
:10BCC000044640F8083B0BF02FFD204610BD00BF96
:10BCD000043C030010B5054B044640F8083B0BF04C
:10BCE00023FD204624F05FFF204610BD043C0300E6
:10BCF000F8B58468104B03600546D4B10F4E104F61
:10BD000008E040F8087B0BF00FFD204624F04BFFC5
:10BD1000AC6874B16068E26B0368AA60DB6898473E
:10BD200023689B68B3422046EBD09847AC68002C50
:10BD3000F0D12846F8BD00BF183C0300D5BC000078
:10BD4000043C030038B50C464FF07E5163681A6816
:10BD500021631269054618469047D4ED067A9FED97
:10BD6000127AD4ED075AC7EE276A05F6140520F0BB
:10BD70000202012A00F1010303EBD3734FEA6303CC
:10BD800095ED006AC4ED096A85EE867AC4E90D0373
:10BD900006BFFEEE006A67EEA67ADFED047A84ED58
:10BDA0000A7AC4ED087A38BD00C07F440000000064
:10BDB0002DE9F04F2DED048B89468FB0044607F036
:10BDC000C1FDD9F80850002D00F09F81D9F81C382A
:10BDD0004FF4007292FBF3F2002A80460F4640F3C4
:10BDE000A58109F1100B9200002158461CF0DCFDE2
:10BDF0000123D04E9FEDD08ACDF8208009979A4636
:10BE00000794CDF810B0A8464F464446D8F83C8079
:10BE1000D4F834B0BBF1000F40F09480214638468E
:10BE2000FFF790FFD4F834B0BBF1000F40F08A80E8
:10BE3000B8F1000FE9D1B9465346DDE90887079C00
:10BE4000DDF810B099F82C18002B40F02A8161B170
:10BE500089F82CA8C9F83888C9F83C78012302224F
:10BE600040F6D6310AA80BF0EBF801224FF400712E
:10BE70000AA80BF031FC09F50162D2ED008AD9F86D
:10BE800018380A9D9FEDAD7A6E88D9F81C1896FB7C
:10BE9000F1F609F50262D2ED007A23F0020268EEB3
:10BEA000A77AB6EE008A012AC7EE879A05F1040543
:10BEB00028EE888A00F024819FEDA19AF0EE488A4E
:10BEC000B1EE488A66B3B8EEC99ADFF87882023ECE
:10BED00002E0D9F81838013EBBEC017AD9F82428E1
:10BEE00058F82330F0EE497AE7EE297A2846F4EE46
:10BEF000C87AF1EE10FA48BFF0EE487AF4EEE87A2C
:10BF0000F1EE10FAC8BFF0EE687AFDEEE77A17EEB0
:10BF1000901A11439847D9F81C381D44731CD8D186
:10BF2000D9F80C0003681B6898470AA920460BF053
:10BF3000F1FB0AA80BF0F8FB20460FB0BDEC048B18
:10BF4000BDE8F08FD4ED0A7AD7F81C38049DF5EEE1
:10BF5000407A4FF40079F1EE10FA99FBF3F909F108
:10BF6000040907EB890909D107F6140393ED007A58
:10BF7000D4ED076AC6EE877AC4ED0A7A049B4B4576
:10BF8000BFF456AF04F1080306970393CDF814806D
:10BF9000CDF804902F46A36894ED0B7A5988A36BD3
:10BFA00091FBF3F207EE902AF8EEE77A94ED0A6A35
:10BFB000019A77EEC77AA2EB070CC7EE866A4FEAC2
:10BFC000AC080AF0010AFDEEE68A18EE90EAC645D2
:10BFD000A8BFC646BEF1000F18BF4FF0000A39D007
:10BFE0003D46029707EE903A5F46F146F34601E080
:10BFF000D4ED0E7A226956F82730F8EEE77A67EE2C
:10C00000877AFDEEE77A17EE900A1044984707EE1C
:10C01000900A94ED087A94ED096AD4ED0C6AF8EE72
:10C02000E77ABBF1010B77EE877A95ED007A67EE40
:10C03000867AA6EEA77AA5EC017A94ED0B7AD4ED78
:10C040000A7A37EE277A84ED0B7AD1D1BB46029F6C
:10C0500007EB890718EE903A984518DDE368CBB1F5
:10C060006168013BE3600B680AA81B6898470AA94E
:10C0700003980BF061FB0AA80BF056FBA36884ED54
:10C080000B8A5988043323610B44636111B1019B0E
:10C09000BB4280D8DDE90587B8F1000F7FF4B5AE6B
:10C0A000C9E609F62803D3ED007AF5EE407AF1EE01
:10C0B00010FA0ED0D9F81C384FF4007292FBF3F24C
:10C0C000002A06DD0BEB82025B46E3EC017A9A4222
:10C0D000FBD100297FF4C9AE0123C9F8347809F5F2
:10C0E00004650026002789F82C38C9F830881A46DC
:10C0F00045E9026740F6D6310AA80AF0A1FFB4E686
:10C10000BDEEC89A9FED0C8ADCE6D9F80C000368F6
:10C110001B68984701224FF4007120460BF0DCFAAF
:10C1200020460FB0BDEC048BBDE8F08F09F1100B79
:10C130005EE600BF580000200000000000C07F4401
:10C14000000000003400002070B506462DED028B83
:10C15000402008EE903A08EE102A0D4624F025FD06
:10C160004022044600211CF01FFC2046164B40F8DC
:10C17000083B0BF0ABFAF8EEE88AB5EE408AF1EE38
:10C1800010FA6560C4ED068A05D12B6828469B69C4
:10C19000984708EE100A00230022C4E9033384ED17
:10C1A000078A63612146E2623046FFF7CBFD2B68C8
:10C1B000B2685B68E2632846B46021469847BDECEC
:10C1C000028B204670BD00BF043C0300B1F5806FB8
:10C1D0000DD207EE901ADFED076AF8EEE77A00F568
:10C1E000026387EEA67A002083ED007A70476FF431
:10C1F0007A70704700C07F4400F50260D0ED007A8D
:10C200009FED047A67EE877AFDEEE77A17EE900AE3
:10C21000704700BF00C07F4407EE901AF8EE677ABF
:10C2200000F50160C0ED007A00207047C0F82418C6
:10C2300000207047406810B5134C08440121C4F831
:10C240000415D4F800140029FBD093B1111FC2F1DA
:10C25000040202EB000C0C4A01EB830E0CEB010311
:10C2600051F8040F1860D2F80034002BFBD0714550
:10C27000F4D1054A0023C2F80435D2F80034002B6B
:10C28000FBD0002010BD00BF00E0014040680D4A17
:10C2900002230144C2F80435D2F80034002BFBD04D
:10C2A0000848C2F80815D0F80034002BFBD0002352
:10C2B000044AC0F80435D2F80034002BFBD000202B
:10C2C000704700BF00E0014000207047C068704721
:10C2D000D0E9023003FB00F0704700BF844608B588
:10C2E0000846DCF80410944661449A001AF03CF9C0
:10C2F000002008BD02680549D2688A4204D1D0E90D
:10C30000020303FB00F07047104700BFD1C20000DA
:10C31000C360024B0360C0E901127047443C030054
:10C32000704700BF6FF47D70704700BF6FF47D7081
:10C33000704700BF10B5C388044A026023F400535D
:10C340000446C38006F012F8204610BD683C030086
:10C3500010B5C388064A026023F400530446C38024
:10C3600006F004F8204624F01EFC204610BD00BF55
:10C37000683C0300036870B55A6C0A4DAA42044633
:10C3800006D15B68084A934208D16FF47D7070BD96
:10C3900090472368044A5B689342F6D02046BDE884
:10C3A000704018472DC30000F9B30000C37D002B77
:10C3B0004CD070B50646006A0368DB6A9847306A5D
:10C3C00003681B6B9847F369D868002820DD06F1E5
:10C3D0002F011F4C0844002511F9012F02F5A2720C
:10C3E000884244F82250F7D11A4D002403E0DA685D
:10C3F000013494420CDA5A6952F8240002685268F7
:10C40000AA42F4D09047F369DA6801349442F2DB2F
:10C410009A68002A13DD0F4D002403E09A68013466
:10C4200094420CDA1A6952F8240002685268AA424F
:10C43000F4D09047F3699A6801349442F2DBF388B0
:10C44000002223F00203F380F27570BD704700BF35
:10C4500000600040F9B300002DE9F04F064685B0BA
:10C46000C3880093F37D006AF5690F4613B1009B02
:10C47000DB0743D5D5F80C90B9F1000F3ADD6A69B6
:10C480004369DFF8D0802E4CDFF8CCB00396CDE9BD
:10C490000105A2F1040E0122984406F12F0C03219C
:10C4A00092460CF8012F8CF805105EF8043F254EDB
:10C4B000187DCB0002F5A27503F1804303F5F83334
:10C4C0004BEA002046F8250008EB0400C3F81005ED
:10C4D0001D48C3F814454A450AFA01F304F104045F
:10C4E000C0F8043501F1010102F10102D9D1DDE901
:10C4F0000105039E009B23F00103F3802B7A134C6C
:10C50000BA1E012A9CBF0133DBB27375C3EB031162
:10C51000337B0F4A8900B2FBF1F202FB03F3A4FB69
:10C520000343DB0BC6E9092303680021DB6B984753
:10C53000336A5B690122DA60B77505B0BDE8F08F38
:10C54000346000400060004000F001408180808045
:10C550000024F40010A1FFBF030001002DE9F843FF
:10C560000546817DFFF778FFEB699A68002A20DD98
:10C57000304FDFF8C490DFF8C48000240AE05A6C22
:10C580004A4549D15B68434543D1EB699A68013418
:10C5900094420EDA1B6953F8246033689A68BA42F1
:10C5A000EDD0002130469047EB699A6801349442FF
:10C5B000F0DBDA68002A20DD1E4FDFF87C90DFF820
:10C5C0007C8000240AE05A6C4A452DD15B684345C3
:10C5D00027D1EB69DA68013494420EDA5B6953F8CB
:10C5E000246033689A68BA42EDD000213046904703
:10C5F000EB69DA6801349442F0DB286A03685B6A0D
:10C600009847286A03689B6A98470123EB75BDE841
:10C61000F88330469847B8E70021304690473368A2
:10C62000B0E730469847D4E700213046904733685A
:10C63000CCE700BF75C300002DC30000F9B30000B4
:10C64000C37D03B17047FFF789BF00BFF8B515463A
:10C65000044652689DF818700E46296805F0B2FE2F
:10C66000124AEB682260124AA7750021052BC4E923
:10C67000075614602176E1752175E1620EDC33689E
:10C6800030469B6B9847206A03684FF47A51DB6C05
:10C690009847226AE37D0749D1600BB12046F8BD77
:10C6A0002046FFF75BFF2046F8BD00BF683C030053
:10C6B000681A0020DDCB000010B50C4A61B9127871
:10C6C00042B102680A49D26A8A420CD1C37D0BB9D1
:10C6D000FFF744FF002010BD0468C17D236B11707B
:10C6E0009847002010BD9047F4E700BFE91E0020E6
:10C6F00041C60000807D70472DE9F04FC769037D7A
:10C70000B968D0F810808B4287B0044680F200816F
:10C710003A69B04E52F8230002681268B24240F003
:10C720000682206A456901226A60627D0133B3FB9B
:10C73000F2FC02FB1C338B42237552DAD7F80CE073
:10C74000BA69BEF1000F02EB43023CDD4FEA410B38
:10C75000A17D049601F0FD0108F106000191B4F8F5
:10C760000880217E029104F1300C002103979A4643
:10C770000646029B10785778032B00F2E981DFE828
:10C7800013F09E008A002D01FD00A06A00FB07F750
:10C7900001F5A87045F82070002F40F0A5800193A6
:10C7A0001CF9010B800000F1804000F5C0408E456F
:10C7B000D0F8107547F480175A44C0F81075D8D1D6
:10C7C000039F049E53463A6952F8230003681B688E
:10C7D000B34240F060810123EB602B6007B0BDE8FD
:10C7E000F08F626A03680021DB6B92009847E16971
:10C7F000CB68002B26DD0025774F04F12F08A946D2
:10C8000002E0CB689D421DDA4A6918F9013F013503
:10C8100002EB850203F5A27352F8040C47F823904B
:10C82000D4E9082305F5A87C52699B0042F82C3016
:10C8300003681B68B342E4D001219847E169CB68E3
:10C840009D42E1DB0B69186803681B68B34240F046
:10C850001E810B6994F930201B685F491B7D02F52E
:10C86000A2701B0243F0011341F8203094F93530D7
:10C87000216ADB004D69920003F1804303F5F83330
:10C8800002F1804202F5C24205F14401C3F81025CD
:10C89000C3F814159FE7019B00FB0880C71B3744B2
:10C8A000013117F8017C002B4BD0A06A00FB07F781
:10C8B00001F5A87045F82070002F4ED16FE7019B5D
:10C8C00007FB086701313F5C002B7FF45EAF002F50
:10C8D00000F0C680A06A01F5A877C0EB002945F8F2
:10C8E000279000283FF45BAF1CF9010B800000F19A
:10C8F000804000F5C0408E45D0F8107527F48017B1
:10C900005A44C0F810753FF45BAF10785778D7E7FA
:10C91000D0E9082351692F4E9A00D1F84435817D22
:10C92000C3EB0323B3FBF2F3C288C3F1FF0342F06E
:10C930000302C362C280FFF78FFDE769237DB968F8
:10C94000EFE6002F73D0A06A01F5A877C0EB0029AD
:10C9500045F8279000283FF422AF1CF9010B800016
:10C9600000F1804000F5C0407145D0F8107527F403
:10C9700080175A44C0F810756FD121E7B4F80A90B7
:10C98000019B059409F1FF39A9EB000008FB006049
:10C990000131C75D002B40F0A280002F40F0BA802B
:10C9A00001F5A870714545F820301CF9010B4FEADC
:10C9B000800000F1804000F5C0405A44D0F8107566
:10C9C00047F48017C0F8107500F08480107857780D
:10C9D000DAE700BF25C3000000600040B4F80A9009
:10C9E000019B0594A9EB0707301A08FB07000131EA
:10C9F00010F8017C002B53D1002F40F09E8001F5F0
:10CA0000A870714545F820301CF9010B4FEA8000F1
:10CA100000F1804000F5C0405A44D0F8107547F44A
:10CA20008017C0F8107555D010785778DAE701F5FF
:10CA3000A870714545F820301CF9010B4FEA8000C1
:10CA400000F1804000F5C0405A44D0F8107547F41A
:10CA50008017C0F810753FF4B3AE107857781BE715
:10CA600001F5A8708E4545F820301CF9010B4FEAFE
:10CA7000800000F1804000F5C0405A44D0F81075A5
:10CA800047F48017C0F810757FF43FAF98E6002197
:10CA90009847E169DDE601219847236A5D699AE6D6
:10CAA0000598806A00FB07F701F5A87045F820702B
:10CAB000002F39D01CF9010B800000F1804000F5F7
:10CAC000C0407145D0F8107527F480175A44C0F85B
:10CAD0001075A9D1DDE90464039F534673E60598F8
:10CAE000806A00FB07F701F5A87045F82070DFB1F8
:10CAF0001CF9010B800000F1804000F5C040714539
:10CB0000D0F8107527F480175A44C0F810757FF4D8
:10CB10005DAFDFE70598806A01F5A877C0EB0024D8
:10CB200045F827400028E3D1059C019338E6002111
:10CB30009047E769237DB968F3E50598806A01F5B8
:10CB4000A877C0EB002445F827400028B2D1EBE7D6
:10CB5000019B07FB086701313F5CF3B93FB3A06A53
:10CB600001F5A877C0EB002945F8279000283FF48D
:10CB700016AE1CF9010B800000F1804000F5C040AA
:10CB80008E45D0F8107527F480175A44C0F81075F8
:10CB90003FF416AE10785778DBE7A06A07FB00F089
:10CBA00001F5A87745F827000028E2D1F7E501F55F
:10CBB000A8708E4545F820301CF9010B4FEA800023
:10CBC00000F1804000F5C0405A44D0F8107547F499
:10CBD0008017C0F81075DDD1F2E500BF024B186870
:10CBE00008B1FFF789BD7047681A002010300AF0BD
:10CBF000BBBB00BF837D10B5044633B1012B0ED003
:10CC0000E3889B0713D5E06A10BD0221FFF724FCDF
:10CC1000E288A37D22F00202012BE280F0D1032101
:10CC20002046FFF719FCE38823F00203E380192074
:10CC300004F062FBE06A10BD10B5044605F07AFB13
:10CC400040B9237B616A044A01FB03F3A2FB03237F
:10CC5000DB0BA36210BD00BF8180808010B504464D
:10CC600000680AF0E9FE204610BD00BFF8B522EAD0
:10CC7000E275044605F10C001F460E4604F062FD05
:10CC800020600AF001FF20680572476026B12A463D
:10CC90003146093019F068FC2046F8BD10B50B6824
:10CCA0000446184623600AF0ABFE204610BD00BFC4
:10CCB000F8B522EAE275044605F10C001F460E465F
:10CCC00004F040FD20600AF0DFFE23681D7220683A
:10CCD000476036B12A4631460930BDE8F84019F0C0
:10CCE00043BCF8BD0068096888420ED008B5037AD5
:10CCF0000A7A9A4201D0002008BD0931093019F0A2
:10CD0000CDFCB0FA80F0400908BD0120704700BF9B
:10CD100000680930704700BF0368187A704700BF89
:10CD200008B50023194605480122FFF7C1FFBDE8F9
:10CD30000840034A0349014823F030BF6C1A002021
:10CD4000100000205DCC000070B52DED028B08EEC8
:10CD5000103A044616460D4609F0BCFCFDEEC87AB2
:10CD60000A4A226017EE903A324684ED138A214631
:10CD70006564A6642846FFF7E7F90146206520466A
:10CD800009F04CFCBDEC028B204670BDA83C0300B2
:10CD9000016170470069003818BF0120704700BF6B
:10CDA00003207047C06B07EE900AF8EEE77A17EEA3
:10CDB000900A70470F4B03F1340210B5044603602C
:10CDC000826030300AF0B0FC04F12C000AF0ACFCB8
:10CDD00004F128000AF0A8FC04F124000AF0A4FCE5
:10CDE000054AA260002304F10800E38103F0CCFCB3
:10CDF000204610BDD43C0300B8400300114B03F1A2
:10CE0000340210B504460360826030300AF08CFCB6
:10CE100004F12C000AF088FC04F128000AF084FCDC
:10CE200004F124000AF080FC074AA2600023E38199
:10CE300004F1080003F0A8FC204623F0B4FE2046CD
:10CE400010BD00BFD43C0300B840030038B5124BFE
:10CE500040F8083C03F13402044640F8282B0AF05D
:10CE600063FC04F124000AF05FFC04F120000AF0E6
:10CE70005BFC04F11C000AF057FC084A2260002306
:10CE8000A4F10805E380204603F07EFC284623F049
:10CE90008AFE284638BD00BFD43C0300B8400300DA
:10CEA00038B5104B40F8083C054603F134020446FF
:10CEB00045F8082928300AF037FC04F124000AF06C
:10CEC00033FC04F120000AF02FFC04F11C000AF0EE
:10CED0002BFC054A226000232046E38003F054FC2B
:10CEE000284638BDD43C0300B8400300F0B50446E2
:10CEF0000025274B274883B02060A360A18104F15F
:10CF00000800E581164603F0D1FB234B236003F1B3
:10CF10003402A26001212A4604F1140004F0C2FA8E
:10CF200004F1280701224FF4007104F124000AF0F3
:10CF3000D3FB38460AF0CAFB04F12C000AF0C6FB0A
:10CF40002946012204F130000AF0C6FB00234FF409
:10CF5000007123660122C4E91215C4E90D5525614B
:10CF600001A80AF0B9FB01A938460AF0E5FB01A8BF
:10CF70000AF0DAFB094A2264AE424FF00003204671
:10CF8000C4E91655C8BFE663A4F8443003B0F0BD49
:10CF9000B8400300E4440300D43C030000C07F44D5
:10CFA000C3895B0770B5456B04465FD42B46E16AC5
:10CFB000002B66D05033081D4A88636302449342B5
:10CFC0000ED3D1ED037A6063F5EEC07AF1EE10FA7C
:10CFD0003DDA04F1140004F05BFB002837DC636BDE
:10CFE000D3ED027ADFED286A19685A686265F5EEBA
:10CFF000C07AF1EE10FA48BFF1EE677A87EEA67AB2
:10D0000000202165E06504F1640104F17005D4EDB0
:10D010000F7AF8EEE77A67EE877AFDEEE77AF8EEB8
:10D02000E76AC4ED167ADA699861012AB8BF01226D
:10D0300007EE902AB8EEE77ADA61C6EE877A143303
:10D04000E1EC017A8D42EED10025284670BD002624
:10D05000AD1B18BF0125666304F1300104F12C00FB
:10D060000AF06AFBC4E91666284670BD00234363D4
:10D0700000F130012C300AF05FFB636BE16A002B9A
:10D0800098D1081D034697E700007A4438B50D464D
:10D090000446FCF775FD2B685A884F2A22D9D3ED38
:10D0A000017AF5EEC07AF1EE10FA1BD404F1140007
:10D0B00004F002FA0DF068FE294604F12C000AF093
:10D0C0003BFB2046FFF76CFF0DF024FEE389DA07F7
:10D0D00006D42069026843F00103E381136898478E
:10D0E000002038BD6FF47A7038BD00BF2DE9F04FD5
:10D0F0002DED068BD1E9167E01F1240589B04FF0A4
:10D1000000092B4602904D4670460C46BE46994695
:10D110007045034603D0E28912F004013DD0204659
:10D12000FFF73EFFD4F858E0E289BEF1000F40F06F
:10D13000FE80002800F04581A563052322F004024B
:10D14000E3640DF110080123A189E28140461A46EB
:10D1500009F076FF04F1140004F028FAD4E916E08F
:10D1600070450346C0F22881E289920700F1BD8034
:10D17000002D40F057810126A56B002D00F0308175
:10D18000626A0021A16302F1040B52887045934446
:10D1900080F2A8800DF1100808E0704580F2D3807D
:10D1A000002D00F0D6800E460DF110089FEDA68AE6
:10D1B000DFEDA69A9FEDA69A039604F1640704F1A9
:10D1C000700AD4ED157AD4ED108A94ED147A666B5A
:10D1D00068EEA78AD4ED0F7A27EE087AF8EEE77AA0
:10D1E00068EEA98A87EE27AACDE9005E3946C446D3
:10D1F000F0EE49AAE8EEC9AAD6E90625013D954216
:10D200008E4601F1040100F0A68007EE902A9EED03
:10D21000007AF8EEE77A67EE877AFDEEE77A17EEA6
:10D22000902A51454CF8042B06F11406E4D1DDE9AF
:10D2300004218A42A8BF0A460699009D8A421646E2
:10D24000A8BF0E469E4235DDAB4500F0AA80D4ED66
:10D25000187A636BFDEEE77ADA68186917EE901AB0
:10D26000904706EE900AF8EE666AB0EE6A7AA8EE8B
:10D27000A67AE06DB4F84410D4ED187ABCEEC77A03
:10D280007AEE277A17EE102AF4EEC87A431C0A4386
:10D29000F1EE10FA25F8022B1846E36506DD77EE6D
:10D2A000C87AF4EEC87AF1EE10FAF8DCB342C4EDB5
:10D2B000187AC9DB009700262F461946254658F8EC
:10D2C00026208A4206F1010447D0032C2646F6D1D7
:10D2D0002C460B46D4F858E08E453D46009F3FF75C
:10D2E00070AF039E002E3FF413AF4B46A946029E3B
:10D2F0001D46B9F1000F00F08A80D4ED107AB4F821
:10D300004420B6EE007A67EE877AD945FCEEE77ADC
:10D3100017EE903A43EA02039BB203D229F8023B8C
:10D32000D945FBD3294630460AF0F4F93EE012F025
:10D33000040103D000283FF400AFFDE6E06D864510
:10D3400003463FF72DAF91073FF5E2AE002D7FF486
:10D35000DFAE2E4610E7019A63E76B6B06EB8602A1
:10D3600003EB820E92000192DEE906C29445ACDA2C
:10D37000DEF814206AB1741C04EB840103EB810114
:10D38000284690476B6B019AE86D1A440146D2F823
:10D3900018C0B200324403EB82020CF10106966120
:10D3A00093E7029E494630460AF0B4F9304609B088
:10D3B000BDEC068BBDE8F08F0126002D7FF4F6AEA4
:10D3C000DAE612F004017FF4B8AEE06D00280346FF
:10D3D000BFF6CBAE5DB301260DF11008E6E60126DF
:10D3E0000DF110080122A16C40460AF075F9414682
:10D3F00048460AF0A1F940460AF096F9626AE06DE3
:10D40000D4F858E002F1040B5D460346BDE604A8DB
:10D410000AF05CF904A928460AF08EF904A80AF07B
:10D4200083F97FE74B46029EA9461D4665E7A56B3B
:10D43000002DD4D0626AA16351880432012602EB28
:10D44000010B0DF11008B1E6000080440000803AA5
:10D4500000000044F0B50C4601F1280785B03946BC
:10D4600006460AF057F9A36B6D4633B1684621466C
:10D47000FFF73CFE68460AF057F90023A36304F166
:10D48000240138460AF058F921462846FFF72EFEB7
:10D4900028460AF049F9206903681B689847E36C3D
:10D4A000002B02DD013BE36413B1304605B0F0BD53
:10D4B000A18901230222284609F0C2FD304605B0A9
:10D4C000F0BD00BFC38919B143F00203C3817047A7
:10D4D00023F002039BB2C381704700BF0160704715
:10D4E000704700BF2DE9F04F91F800B04B78ABF1D9
:10D4F000300BBBF10A0F87B0A3F1300328BF4FF008
:10D50000FF3B092B0C46039200F26883897830397F
:10D510004FF47A72092902FB03F304F1020200F2CC
:10D520005D83642000FB0133022112F801AFAAF1F0
:10D53000300ABAF1090F0AEB8A0000F24F83022980
:10D5400000F048839A4460793038092804F10502D4
:10D5500000F239834FF47A7303FB00F00321642552
:10D5600012F8013F303B092B00F22D83032900F014
:10D570002D83022903EB830100F01B830344607AAF
:10D580003038092804F1090200F20C834FF47A7153
:10D5900001FB00F06425032112F8016F303E092ED3
:10D5A00000F20083032900F00083022906EB8601C4
:10D5B00000F0EE820644627B303A092A00F26F8363
:10D5C000A17B303902EB820209294FEA420200F2C4
:10D5D00066830A440492A07C3038092804F11202C0
:10D5E00000F2CF824FF47A7101FB00F06425032131
:10D5F00012F8017F303F092F00F2C382032900F0A7
:10D60000C382022907EB870100F0B1820744A07EA4
:10D610003038092804F11A0200F2A2824FF47A711C
:10D6200001FB00F04FF0640C032112F8015F303D64
:10D63000092D00F29582032900F09582022905EB5D
:10D64000850100F08382054494F81EC0ACF1300CD3
:10D65000BCF1090F04F11E0100F270824FF47A72DE
:10D6600002FB0CFC03204FF0640E11F8012F303A3E
:10D67000092A00F26382032800F06482022802EB88
:10D68000820000F051826244019294F82220303AE4
:10D69000092A00F2088394F82310303902EB820241
:10D6A00009294FEA420200F2FE828A18059294F894
:10D6B00024003038092804F1240200F22E824FF4AD
:10D6C0007A7101FB00F04FF0640C032112F8019F06
:10D6D000A9F13009B9F1090F00F21F82032900F006
:10D6E0001F82022909EB890100F00B82814494F822
:10D6F00028003038092804F1280200F2FB814FF499
:10D700007A7101FB00F04FF0640C032112F8018FD5
:10D71000A8F13008B8F1090F00F2EC81032900F0FC
:10D72000EC81022908EB880100F0D881804494F84C
:10D730002CC0ACF1300CBCF1090F04F12C0100F24B
:10D74000C5814FF47A7202FB0CFC03204FF0640E8B
:10D7500011F8012F303A092A00F2B881032800F0AD
:10D76000B981022802EB820000F0A681624452EAED
:10D77000030100F1AB81500001300293009202F0EE
:10D78000CFFE009A029B9B1A034483EAE372A2EB4A
:10D79000E372009294F830003038092804F1300226
:10D7A00000F283814FF47A7303FB00F003214FF002
:10D7B000640C12F8013F303B092B00F276810329FB
:10D7C00000F07681022903EB830100F064810344B9
:10D7D00053EA070200F1698158000130029302F018
:10D7E0009FFE029BFF1A0744002FB8BF7F4294F8A8
:10D7F00034003038092804F1340200F245814FF436
:10D800007A7303FB00F003214FF0640C12F8013F20
:10D81000303B092B00F23881032900F038810229BE
:10D8200003EB830100F02681034453EA0A0200F16E
:10D830002B8158000130029302F072FE029BAAEB8A
:10D84000030A8244BAF1000FB8BFCAF1000A94F883
:10D8500038003038092804F1380200F204814FF40E
:10D860007A7303FB00F003214FF0640C12F8013FC0
:10D87000303B092B00F2F780032900F0F7800229E2
:10D8800003EB830100F0E580034453EA050200F155
:10D89000EA8058000130029302F042FE029BED1A2A
:10D8A0000544002DB8BF6D4294F83C00303809287B
:10D8B00004F13C0200F2C5804FF47A7303FB00F0E0
:10D8C00003214FF0640C12F8013F303B092B00F2AA
:10D8D000B880032900F0B980022903EB830100F02E
:10D8E000A680034453EA060200F1AB8058000130E1
:10D8F000029302F015FE029BF61A064486EAE673CE
:10D90000A3EBE673029394F840003038092804F141
:10D91000400200F285804FF47A7303FB00F003218C
:10D920004FF0640C12F8013F303B092B78D80329E3
:10D9300079D0022903EB830169D01E1856EA090247
:10D940006ED47000013002F0EBFDA9EB06098144B2
:10D95000B9F1000FB8BFC9F1000994F8441030398B
:10D96000092904F144044BD84FF47A7303FB01F105
:10D970000322642014F8013F303B092B40D8032ACE
:10D9800041D0022A03EB830231D0CC1854EA0803B9
:10D9900036D46000013002F0C3FDA8EB04088044D7
:10D9A000B8F1000FB8BFC8F10008009B01331AD0CE
:10D9B0007A1C18D0BAF1FF3F15D06B1C13D0029B14
:10D9C000013310D0B9F1FF3F0DD0B8F1FF3F0AD0BD
:10D9D000BBF1040F00F20881DFE81BF09C0190010D
:10D9E000980103019401002007B0BDE8F08F14F8FE
:10D9F000013F303B092B01EB42014FF00102BED940
:10DA00004FF0FF38D1E7022200FB0311B2E712F812
:10DA1000013F303B092B00EB41004FF0010186D95B
:10DA20004FF0FF3999E702210CFB03007AE712F867
:10DA3000013F303B092B00EB41004FF001017FF625
:10DA400048AF4FF0FF3302935DE702210CFB030068
:10DA500039E712F8013F303B092B00EB41004FF052
:10DA600001017FF609AF4FF0FF351DE702210CFBE6
:10DA70000300FBE612F8013F303B092B00EB4100AD
:10DA80004FF001017FF6C8AE4FF0FF3ADFE602210A
:10DA90000CFB0300BAE612F8013F303B092B00EB08
:10DAA00041004FF001017FF68AAE4FF0FF379EE64E
:10DAB00002210CFB03007CE611F8012F303A092A01
:10DAC0000CEB400C4FF001007FF648AE4FF0FF33F7
:10DAD00000935FE602200EFB02CC39E612F8018FBC
:10DAE000A8F13008B8F1090F00EB41004FF0010137
:10DAF0007FF614AE4FF0FF3819E602210CFB080048
:10DB000004E612F8019FA9F13009B9F1090F00EB01
:10DB100041004FF001017FF6E1AD4FF0FF39E6E53E
:10DB200002210CFB0900D1E511F8012F303A092A36
:10DB30000CEB400C4FF001007FF69DAD4FF0FF3233
:10DB40000192A2E502200EFB02CC8EE512F8015FE5
:10DB5000303D092D00EB41004FF001017FF66BAD28
:10DB60004FF0FF3570E502210CFB05005DE512F872
:10DB7000017F303F092F00EB41004FF001017FF69C
:10DB80003DAD4FF0FF3742E5022105FB07002FE5D1
:10DB900012F8016F303E092E00EB41004FF00101F9
:10DBA0007FF600AD4FF0FF3605E5022105FB0600CC
:10DBB000F2E412F8013F303B092B00EB41004FF03B
:10DBC00001017FF6D3AC4FF0FF33D8E4022105FB0F
:10DBD0000300C5E403EB40030121A6E44FF0FF3A44
:10DBE000B1E4039A894BD360DDED007A9DED027AB2
:10DBF000039B019ADA61F8EEE77AB8EEC77AC3EDD3
:10DC0000007A83ED027A049B062B50DC01330CD0A2
:10DC1000049A062A09D8DFE802F09BBDB30808A9D8
:10DC20009F007B4B039A1B681362DFED7A5A9FEDCE
:10DC30007A6A0399794A8A62C7EE256A40F2FF330D
:10DC40009A45A8BF9A469D42A8BF1D462AEAEA7A8D
:10DC500025EAE57524230B63059B022B07EE908ACA
:10DC6000F8EEE77A07EE105A66EEA76A07EE90AA7A
:10DC7000B8EEC77AF8EEE77AC7EE865AC7EE067AAC
:10DC8000C1ED015AC1ED0D7A00F0AB80032B00F01D
:10DC90009A80012B25D0012007B0BDE8F08F4FF00E
:10DCA000FF32049297E44FF0FF320592FFE4049BA9
:10DCB000A3F108020A2AB8D80123934040F2551272
:10DCC00013422BD140F2AA22134240F0988007EE73
:10DCD000907A039A524B5361F8EEE77AC2ED087AD4
:10DCE000A3E707EE909AFDEEE66AF8EEE77A4D4B71
:10DCF000C1ED116ACB63C1ED127ACCE7039A4A4BAE
:10DD0000D36071E7039A494BD3606DE7039A484BA0
:10DD1000D36069E7039A474BD36065E7464B039AA4
:10DD20005361049B0A3B072B6BD801A252F823F0E6
:10DD300023DC000023DC0000BDDD0000BDDD0000B1
:10DD4000B3DD0000B3DD0000A9DD0000A9DD0000A7
:10DD5000039A3A4B536168E707EE907A039A384B7F
:10DD60005361F8EEE77AC2ED087A5EE707EE907A43
:10DD7000039A344B5361F8EEE77AC2ED087A54E720
:10DD800007EE907A039A304B5361F8EEE77AC2EDD2
:10DD9000087A4AE707EE907A039A2C4B5361F8EE23
:10DDA000E77AC2ED087A40E7294B039A1B681362B1
:10DDB0003BE7284B039A1B68136236E7264B039A0E
:10DDC0001B68136231E707EE909A039A234BD363E3
:10DDD000FDEEE66AF8EEE77AC2ED116AC2ED127A5C
:10DDE00059E707EE909A039A1D4BD363FDEEE66A5E
:10DDF000F8EEE77AC2ED116AC2ED127A4BE7194BE1
:10DE00008DE7194B039A1B6813620EE7016F01003F
:10DE10001C00002000401C4600C07F4405EB0000B1
:10DE2000A5E80000BDEA0000E16E0100E56E01001A
:10DE3000B56E0100C96E010009EA000075E8000036
:10DE4000CDE9000091E9000011E9000079E8000047
:10DE50001400002024000020180000205DE90000CC
:10DE6000E1EA000061EA00002000002038B50D461C
:10DE700004463649284609F08FFD28B1344920462A
:10DE800009F06AFD204638BD3249284609F084FD74
:10DE900028B13149204609F05FFD204638BD2F49A1
:10DEA000284609F079FD48B92D49284609F074FD46
:10DEB00050B12C49204609F04FFDE3E72A4920469E
:10DEC00009F04AFD204638BD2849284609F064FD7E
:10DED00048B92749284609F05FFD48B12549204641
:10DEE00009F03AFDCEE72449204609F035FDC9E79F
:10DEF0002249284609F050FD20B12149204609F069
:10DF00002BFDBFE71F49284609F046FD20B11E49F9
:10DF1000204609F021FDB5E71C49284609F03CFDE3
:10DF200020B11B49204609F017FDABE719492846E7
:10DF300009F032FD20B11849204609F00DFDA1E796
:10DF40002946204609F008FD9CE700BFBC1A0020C6
:10DF5000B81A0020B41A0020B01A0020AC1A002011
:10DF6000A41A0020A01A0020A81A00209C1A002041
:10DF7000941A0020901A0020981A00208C1A002071
:10DF8000881A0020841A0020801A00207C1A0020A1
:10DF9000781A0020741A0020701A00202DE9F04130
:10DFA00082B0074668460C4609F0D6FC694601A8CF
:10DFB000FFF75CFF01A9204609F0DEFC01A809F08B
:10DFC00059FC684609F056FC24682A4EB4F9022030
:10DFD000551CA6FB0536AB1B06EB5306B60906EB34
:10DFE000C60306EBC303013B9A4202D002B0BDE870
:10DFF000F08106EB860101220901684609F06CFBFD
:10E00000009A482D02F1040221D904F104080024E9
:10E0100005E00134A64208F1490818D92A4604EB64
:10E02000C40304EBC303002B4146384602F15005FC
:10E0300003DD18F8013C2C2B03D1FFF753FA00281D
:10E04000E7D1684609F070FB02B0BDE8F0813C689A
:10E05000694601A809F05EFB01A92046FFF716F802
:10E0600001A809F061FB684609F05EFB02B0BDE85B
:10E07000F08100BF3970E0C008B55B495B4809F02A
:10E0800021FC5B4A5B49594822F088FD5A495B48AC
:10E0900009F018FC564A5749584822F07FFD584964
:10E0A000584809F00FFC524A5249564822F076FD72
:10E0B0005549564809F006FC4D4A4E49534822F04E
:10E0C0006DFD5349534809F0FDFB494A4949514800
:10E0D00022F064FD5049514809F0F4FB444A454997
:10E0E0004E4822F05BFD4E494E4809F0EBFB404A9A
:10E0F00040494C4822F052FD4B494C4809F0E2FBA4
:10E100003B4A3C49494822F049FD4949494809F000
:10E11000D9FB374A3749474822F040FD464947482E
:10E1200009F0D0FB324A3349444822F037FD4449D4
:10E13000444809F0C7FB2E4A2E49424822F02EFDE2
:10E140004149424809F0BEFB294A2A493F4822F08A
:10E1500025FD3F493F4809F0B5FB254A25493D4883
:10E1600022F01CFD3C493D4809F0ACFB204A214906
:10E170003A4822F013FD3A493A4809F0A3FB1C4AF9
:10E180001C49384822F00AFD3749384809F09AFB03
:10E19000174A1849354822F001FD3549354809F03C
:10E1A00091FB134A1349334822F0F8FC32493348B3
:10E1B00009F088FB0E4A0F49304822F0EFFC304945
:10E1C000304809F07FFB0A4A0A492E4822F0E6FC53
:10E1D0002D492E4809F076FBBDE80840044A054960
:10E1E0002A4822F0DBBC00BFE01D0300BC1A00205F
:10E1F0001000002075780100E81D0300B81A002007
:10E20000581F0300B41A0020601F0300B01A00203A
:10E210003C200300AC1A002044200300A81A002070
:10E2200020210300A41A00202C210300A01A0020A2
:10E23000C02103009C1A0020C4210300981A00206A
:10E2400058220300941A002060220300901A002034
:10E25000F42203008C1A0020FC220300881A0020FC
:10E2600090230300841A002098230300801A0020C2
:10E270002C2403007C1A002034240300781A002088
:10E2800080240300741A002088240300701A0020E0
:10E290006FF47D70704700BF6FF47D70704700BFF2
:10E2A0006FF47D70704700BFC08800F00500003833
:10E2B00018BF0120704700BFC08800F00A00003876
:10E2C00018BF0120704700BFC08810F0030018BFBE
:10E2D00001207047C08800F00C00003818BF0120F2
:10E2E000704700BFC079C0F3800070476FF47D7045
:10E2F000704700BF6FF47D70704700BF03684FF434
:10E300007A729B6B02FB01F1184700BF6FF47D70BE
:10E31000704700BF6FF47D70704700BF08B5036899
:10E32000DB6B9847024BA3FB0030800908BD00BFA0
:10E33000D34D621001610020704700BF6FF47D7003
:10E34000704700BF6FF47D70704700BF0A7170475F
:10E35000704700BF704700BF806B7047406B7047CD
:10E3600001207047C06A003818BF0120704700BF05
:10E3700010B5044622F017FC204610BDC38B990748
:10E3800010B5044606D5436D5BB110BD23F0020302
:10E390009BB2E383626D002AC4BF43F00203E383B0
:10E3A00010BD05F0BFFA626CE38B801A61F10001C9
:10E3B000652871F10001E9D29A07EBD510BD00BFC5
:10E3C0000B4B10B503F1840103F1A80204468161EF
:10E3D00003600262303009F0A7F9064AA261002307
:10E3E00004F11800E38302F0CFF9204610BD00BF0E
:10E3F000A03D0300B840030038B50C4B40F8183C72
:10E4000003F1840103F1A802044601608260183020
:10E4100009F08AF9064A226000232046A4F1180573
:10E42000E38002F0B1F9284638BD00BFA03D0300EB
:10E43000B8400300026870B59369144DAB420446BE
:10E440000E4609D1C38803F005031BB15368104A77
:10E45000934209D10F4870BD98470028FAD022682E
:10E4600053680B4A9342F5D020469847B6FA86F394
:10E470005B098342EED12368074A1B68934201D1AE
:10E48000002070BD314620469847F9E7A9E2000018
:10E49000F9B3000012FCFFFF25C300000268084921
:10E4A000D26B8A4208B505D1406B064BA3FB003006
:10E4B000800908BD9047034BA3FB0030800908BDCD
:10E4C0005DE30000D34D621001207047C068003842
:10E4D00018BF0120704700BF0C4B10B503F1840139
:10E4E00003F1A8020446816103600262303009F042
:10E4F0001BF9074AA2610023E38304F1180002F02C
:10E5000043F9204622F04FFB204610BDA03D0300FA
:10E51000B840030038B50D4B40F8183C03F18401B6
:10E5200003F1A802044601608260183009F0FCF88B
:10E53000074A22600023A4F11805E380204602F078
:10E5400023F9284622F02FFB284638BDA03D0300C2
:10E55000B8400300C388990710B5044606D5C36BBD
:10E560005BB110BD23F002039BB2E380E26B002A93
:10E57000C4BF43F00203E38010BD05F0D3F9E26AA3
:10E58000E388801A61F10001652871F10001E9D288
:10E590009A07EBD510BD00BF1A4B70B503604FF45E
:10E5A00080730446C380184B228100250220C4E9F1
:10E5B00006352071C4E9035504F1180025750E468F
:10E5C00002F074F8114B236003F18402A833A261B6
:10E5D0002362A66201224FF4007104F1300009F0B9
:10E5E0007BF8E38B226BE56200208021043243F448
:10E5F00080432065C4E90D51E26465646565E38389
:10E60000204670BD2C3D0300B8400300A03D030030
:10E6100038B5044621200D460CF0BEFB236B58880C
:10E620000433002D3CD019182748E26BE36CA0FBA3
:10E63000020299424FEA121029D9520907EE902A94
:10E6400006EE900AB8EEE77AF8EEE66AD4ED147AB0
:10E65000DFED1E5AB7EE006AB4EEE77AF1EE10FA7B
:10E66000CCBF94F8542000221A70D4ED147AE36CD5
:10E6700077EE867A0133F4EE676AF1EE10FA48BF5E
:10E68000F0EE657A9942C4ED147AE364E4D8D4E9F3
:10E690000D232120C4E90F23BDE838400CF048BB0E
:10E6A000D4E91121521A07EE902A9FED097AF8EE6B
:10E6B000677A67EE877AFDEEE77A17EE902A824254
:10E6C000D4BF99181918AFE7A38B2EBA0000000029
:10E6D00078C2B93C10B5044605F024F9636B606458
:10E6E00003B1A36B636500212046FFF791FFE38B25
:10E6F000DB0700D510BDFBF743FA04F12001074A00
:10E70000A06A8023FDF720FDE28B016842F0010240
:10E710000968E062E283BDE81040084700442C47E6
:10E72000B1F5806F0DD8B1F5007F08B5C8BFC1F550
:10E7300080618029A8BF80218163FFF7CBFF002083
:10E7400008BD6FF47A70704708B5134BA3FB012323
:10E750001B09162202FB03F39A1807EE102A07EE94
:10E76000901A06EE903AF8EE677AF8EE666AB8EE1E
:10E77000477A37EEC77A77EEE67AB0EEC77AF0EEF0
:10E78000E77AF4EE477AF1EE10FA48BF1A46426390
:10E79000FFF7A0FF002008BDA38B2EBA036810B5B9
:10E7A0004FF47A749B6B04FB01F1164CA34226D103
:10E7B000154BA3FB01C316241B0904FB03F31C190F
:10E7C00007EE901A07EE104A06EE903AF8EE677AD6
:10E7D000F8EE666AB8EE477A37EEC77A77EEE67AF1
:10E7E000B0EEC77AF0EEE77AF4EE477AF1EE10FA7F
:10E7F00048BF1C464463FFF76DFF002010BDBDE815
:10E800001040184749E70000A38B2EBA70B50C469C
:10E8100082B0054608F05AFFE38B9B070DD4236BAB
:10E820000433E36405F07EF8E36AA0641A681846CE
:10E8300013689847284602B070BD04F1300631468F
:10E84000284608F079FF20460121FFF7E1FE01226A
:10E850004FF4007101A808F03FFF01A9304608F00D
:10E860006BFF01A808F060FFD9E700BFA1F120010C
:10E87000FFF7CCBF704700BF436B91ED027AD3ED39
:10E88000007A91ED036AF8EEC76A36EE676A91ED99
:10E89000017AC6EE265AB8EEC77AE7EE257AC0EDC1
:10E8A000147A704738B5436B044648682DED028BE7
:10E8B0000D4693ED008A18B307EE900AF8EEE77A5A
:10E8C00017EE900A15F0C0FFD5ED037A9FED0E6AA2
:10E8D000DFED0E6A07EE100A77EEC87A67EE877AE8
:10E8E00087EE867A77EE087AF4EEE67AF1EE10FAA1
:10E8F00048BFF0EE667AC4ED147ABDEC028B38BDE9
:10E900004FF07E50DEE700BF9A99F93F000000000B
:10E91000D1ED017ADFED0F6A9FED0F7AF8EEE77A1D
:10E9200038B567EEA67A0446C7EE877A0D4617EE2D
:10E93000900A15F051FD636B95ED037AD3ED007AE3
:10E9400006EE900A37EE677AE6EE877AC4ED147A1F
:10E9500038BD00BFD00F494000003443D1ED017AEB
:10E96000F8EEE77A38B5044617EE900A0D4615F032
:10E9700033FD636B95ED037AD3ED007A06EE900AD2
:10E9800037EE677AE6EE877AC4ED147A38BD00BFB9
:10E99000D1ED017A9FED0C7AF8EEE77A38B567EEA3
:10E9A000877A044617EE900A0D4615F015FD636B45
:10E9B00095ED037AD3ED007A06EE900AE6EE877ABB
:10E9C000C4ED147A38BD00BF34FA8E3CD1ED017A23
:10E9D0009FED0C7AF8EEE77A38B567EE877A044651
:10E9E00017EE900A0D4615F097F8636B95ED037AD4
:10E9F000D3ED007A06EE900AE6EE877AC4ED147A3B
:10EA000038BD00BF34FA8E3CCB68426B2DE9F04133
:10EA10004D68D3F8048095FBF8F707EE907AF8EE8E
:10EA2000E77A2DED028B17EE901A04464FF08040E6
:10EA300092ED008A1E6815F0A9FA07EE100A08FB8D
:10EA4000175528EE077A06EB8506BDEC028BD6ED4E
:10EA5000007A67EE877AC4ED147ABDE8F08100BFD2
:10EA6000CB68426B2DE9F041D3E900688C684968B6
:10EA7000013C641A94FBF8F707EE907AF8EEE77A17
:10EA80002DED028B17EE901A05464FF0804092ED67
:10EA9000008A15F07BFA07EE100A08FB174428EEEF
:10EAA000077A06EB8406BDEC028BD6ED007A67EEA2
:10EAB000877AC5ED147ABDE8F08100BF4B6873B169
:10EAC000DB07D0ED147A91ED037A04D4C7EE876AA0
:10EAD000C0ED146A704767EE877AC0ED147A70470C
:10EAE0004B6873B1DB07D0ED157A91ED037A04D44E
:10EAF000C7EE876AC0ED156A704767EE877AC0ED8A
:10EB0000157A7047436B91ED027AD3ED017A91ED5E
:10EB1000036AF8EEC76A36EE676A91ED017AC6EECF
:10EB2000265AB8EEC77AE7EE257AC0ED157A704717
:10EB3000704700BF084602F0DFBB00BF82B010B5CF
:10EB40008C4684B049688646DCF800000DF1080C5C
:10EB5000ACE8030006A981E80C00DDE90243DA070E
:10EB60000EEB630C03D55A105EF802301C5908AB4B
:10EB700093E803008DE8030006AB0CCB6046A0478A
:10EB800004B0BDE8104002B0704700BF82B08DE80D
:10EB90000C00002100F6481002B0FBF713B800BFCC
:10EBA00082B010B502A981E80C00BDF80A30152B1F
:10EBB000044610D8022B1DD9033B122B1AD8DFE8CC
:10EBC00003F025191D371919191919191D191919C2
:10EBD000191919193F0040F6B93293420AD100F5CC
:10EBE00080544FF0FF31D4F8A001BDE8104002B0CE
:10EBF00007F070BCBDE8104002B07047BDE810409F
:10EC0000D0F82C09036802B01B6B1847002100F6EE
:10EC1000640005F0F5FC04F68800002105F0F0FC26
:10EC200004F6AC00BDE81040012102B006F098BD2A
:10EC3000BDE81040D0F83009036802B09B6A18475D
:10EC400000F58054D4F8A001BDE8104002B007F0F0
:10EC5000D5BC00BF10B500F5E3642046FBF7CEFE3F
:10EC600018B12046FBF7D2FE18B9BDE810400CF0F1
:10EC7000BFB82046FCF752F80028F6D110BD00BFFF
:10EC8000064A1368591E11603BB9054A116821B143
:10EC90004189136021F4005343817047280000200C
:10ECA0000000002082B08DE80C00BDF80230152B6A
:10ECB00001D002B0704700F5805002B0D0F8A0013A
:10ECC00007F0A6BC2DE9F04F83B0DDE90CABBDF831
:10ECD0003880002B37D007460E4691461D46BAF1C4
:10ECE000000F33D00F2E02D1B8F1C00F2BD1282046
:10ECF00021F05BFF0446103008F0F0F92680A4F8FC
:10ED00000290182021F051FF0346CDE900AB43F8F3
:10ED10000C5B0021C16059606B460246E160A06057
:10ED200003CB114B50609160536100230022C4E972
:10ED300008233B6848F002085B68A4F80480214679
:10ED40003846984730B903B0BDE8F08F1BF0010F8B
:10ED5000C8D1F8E7204602F0BFFD204603B0BDE869
:10ED6000F04F21F020BF00BF3DEB0000704700BF17
:10ED7000064A1368591E11603BB9054A116821B152
:10ED8000C188136021F40053C3807047280000201D
:10ED9000000000202DE9F04F89B00446FBF776F81B
:10EDA000AF4B0026C4E90136201D01F07FFCAD4BBE
:10EDB000236003F13C0104F10C0804F12409092249
:10EDC00061604046A8490BF029FF04F13C07A749C0
:10EDD0000A2248460BF022FF04F15405A4491A22E6
:10EDE00038460BF01BFFA3491B2228460BF016FFE9
:10EDF00032464146012304F1700004F0F1FD04F1B4
:10EE0000D00A04F1A80006F06BF904F5377B222341
:10EE100049465B22504608F075FF3946122204F538
:10EE2000477758460BF038FC5A465146384600F0B2
:10EE30002FFA04F5D06204F5DD698F4B104604F516
:10EE4000BF6104F5C26203900BF052FA04F5AD62A3
:10EE500004F5AA61484601F013FB04F5986204F535
:10EE60009B6104F5E06001F00BFB04F5E3621046E2
:10EE700028224346009249463A468046FBF738FB33
:10EE80003A462A2304F5ED6700934946434638463F
:10EE9000CDF810800597FCF7E9FA4FF0805304F2A3
:10EEA00094771B6901224FF4FE213846FDF730FAB2
:10EEB000394604F2A47732463846069705F0E4FB5B
:10EEC0000523C4F8D837C4F8DC37C4F8E037C4F8F1
:10EED000E437D4F84436C4F8C837D4F84836C4F810
:10EEE000CC37D4F84C36C4F8D037D4F85036C4F800
:10EEF000D437D4F84036C4F8C437604BC4F8F03780
:10EF000004F5B063C4F8B03704F5B363C4F8B4379C
:10EF100004F5B663C4F8B83704F5B9632946C4F8F4
:10EF2000BC3704F2F47204F5BC6304F2C47804F54F
:10EF3000F66504F5FB671046C4F8C0373A46072368
:10EF4000C4F8EC87C4F8E8570790FBF7B5F901233C
:10EF50001A46CDE9006604F5687104F6640005F010
:10EF60002BFBCDE900660123022204F5866104F63D
:10EF7000880005F021FB03230222012104F6AC00E6
:10EF800006F0AAFB5A4604F59E6B40F6AC53594670
:10EF900004F6BC0006F02AFC092104F50F60FBF71B
:10EFA00035FF082104F6181001F052FA484600F027
:10EFB00067FCC4F82C09484600F044FD069900910E
:10EFC000079BD4F82C29C4F83009014604F6341004
:10EFD00000F0C0FD04F5A4625346019204F5A16A55
:10EFE00004F5A762009204F54A71524604F64810EF
:10EFF000FAF744FE04F59550DDE90332059908302F
:10F00000FBF772F901216681584604F5C5660AF0DE
:10F01000E1FB30460AF04EFB022130460AF05AF975
:10F02000B4F82E36164923F480734846A4F82E36D9
:10F0300009F0C6FB55F8040B01210AF01DFE4545F9
:10F04000F8D155F8040B01210AF016FEAF42F8D1B1
:10F05000012150460AF010FE204609B0BDE8F08FAD
:10F06000B84003002C3F03000090004000A0004087
:10F0700000A0014000B0014000200040883F030094
:10F08000801A060030B587B000224FF480530092FA
:10F0900004460D4602A811468022FDF739F90123E6
:10F0A0000E4A01A902A8FDF719F9019B7BB10B4992
:10F0B00001236A4602A8FDF7BDF804F59550083013
:10F0C000FBF7A8F902A8FDF72BF907B030BD002D1A
:10F0D000F3D102A8FDF724F907B030BD843F030047
:10F0E0004389DA0700F1A280F0B54FF0804243F087
:10F0F0000103D2F800248BB006464381002A00F0B9
:10F1000088804B4A1368013313600021304606F1B2
:10F11000A807FFF7B7FF3846464C01F063FD04F13E
:10F12000F00554F8043F184613B11B681B68984754
:10F13000AC42F6D13046FAF7B3FE3F4B0024CDE99E
:10F14000043404AB93E8030010258DE80300334634
:10F15000224640F2FD3138460295FFF7B3FD374BAA
:10F16000CDE90634C023029306AB93E80300642282
:10F170008DE80300334640F2FD313846FFF7A2FD2B
:10F180002F4B0295CDE908340AAB13E90300224660
:10F190008DE80300334638464FF47F71FFF792FD48
:10F1A0007289284B42F4C0427281E02283F809231D
:10F1B000A021602283F80A1383F81A2383F81B2303
:10F1C00083F8071383F81C13802183F8211383F835
:10F1D0002223402283F8011306F5E36083F802231B
:10F1E00083F80623FBF796FB4FF080420123C2F819
:10F1F00000411360D2F80031002BFBD03368124A73
:10F200005B6893420CD10A2002F076F800200BB024
:10F21000F0BD074B4FF47A701A6002F001FC74E7FE
:10F2200030460A21984700200BB0F0BD07487047D0
:10F2300000000020F01A0020A1EB00008DEB000080
:10F24000A5EC000000E100E035EB000016FCFFFF3C
:10F25000A0F10400FFF744BF10B5044A0260002388
:10F260000446C38001F090FA204610BDB840030068
:10F2700010B5064A026000230446C38001F084FAF8
:10F28000204621F090FC204610BD00BFB84003008E
:10F290002DE9F04F914B85B0036000230446436095
:10F2A000CDE9021201F002FA8D4B23602123A36005
:10F2B00002220323642104F10C000AF05FFA032305
:10F2C0001A46652104F124000AF058FA04F15409A1
:10F2D00003230422662104F13C000AF04FFA04F1F2
:10F2E0006C0B03231F22672148460AF047FA04F1FA
:10F2F000840603231C22682158460AF03FFA0323A0
:10F300000E22692130460AF039FA04F1B40A0323C7
:10F31000252204F19C006A2101900AF02FFA0323B0
:10F320000B226B2150460AF029FA03230A226C2192
:10F3300004F1CC000AF022FA04F1FC0703230922AD
:10F340006D2104F1E4000AF019FA04F58A7503232B
:10F350001E226E2138460AF011FA032317226F216C
:10F3600028460AF00BFA03230C22702104F596704C
:10F370000AF004FA03231122712104F5A2700AF0A5
:10F38000FDF903230122722104F5AE700AF0F6F9AB
:10F3900003230D22732104F5BA700AF0EFF9032359
:10F3A0002222742104F5C6700AF0E8F903231A2218
:10F3B000772104F5D2700AF0E1F904F5EA78032325
:10F3C0002022782104F5DE700AF0D8F903232422E4
:10F3D000792140460AF0D2F9002203237A2104F56C
:10F3E000F6700AF0CBF9032314227B2104F5017097
:10F3F0000AF0C4F903230522862104F507700AF0F8
:10F40000BDF9032310227C2104F50D700AF0B6F932
:10F41000032308227D2104F513700AF0AFF90323BA
:10F4200015227E2104F519700AF0A8F9032316228B
:10F430007F2104F51F700AF0A1F903230F22802118
:10F4400004F525700AF09AF903231822812104F5A6
:10F450002B700AF093F903231322822104F53170F3
:10F460000AF08CF901230622832104F537700AF093
:10F4700085F901232822842104F53D700AF07EF9E4
:10F4800003231922852104F543700AF077F9154BFF
:10F4900002991960A3680198134A0399C4F82C9340
:10F4A000132BC4E9C9BAC4E9CC07C4E9CE6511601D
:10F4B0000CDD454613262B6828465B6C00219847D7
:10F4C000A3680136B34205F11805F4DC2344002299
:10F4D000204683F8402305B0BDE8F08FB840030014
:10F4E000C43F03003C1C0020381C002082688118A7
:10F4F000002A91F8403343F0010381F8403341DDA5
:10F500002DE9F047DFF88090824600F10C0500F20B
:10F510003F364FF0000814E0D3F8003703F44033CF
:10F52000B3F5003F03D1337843F008033370DAF8C2
:10F530000830A4F23E34A4EB0A04A34205F11805F6
:10F540001EDD2F7D344606F8018F2B682846DB69C7
:10F5500098470028EBD11F2F8CBF4B464FF0A0439C
:10F5600007F01F0703EB8703D3F8002702F44032AC
:10F57000B2F5403FD0D1337843F004033370D6E77F
:10F58000BDE8F087704700BF000300502DE9F0414F
:10F5900081681E4B06460844002990F8402322F05B
:10F5A000010280F84023D3F80483D3F80423C3F87E
:10F5B000082325DD164F06F10C0406F55075BF1B18
:10F5C00010E011F0080320464FF0020104BF20466E
:10F5D00019460AF06BFBB26801357B199A4204F1B7
:10F5E00018040DDD23682046DB6998470028F2D116
:10F5F00029784B07E5D5032120460AF057FBEAE7B7
:10F60000024BC3F80483BDE8F08100BF00600040F6
:10F61000C0FCFFFF2DE9F04F064683B0364800924C
:10F620009946B368D0F804B3D0F80423C0F808238F
:10F63000002B3FDD8846B2460024DAF80C209AF809
:10F640002070D2690AF10C052846904760BBDAF8B1
:10F650000C202846126A904730B3BAF8120010F412
:10F66000007130D0B8F1000F1ED0009B002B37D0B6
:10F670001F2F07F01F078CBF204A4FF0A04207F54D
:10F68000E071019252F8211011F4403F0CD110F4B6
:10F69000807F0CBF0321022128460AF007FB019A54
:10F6A0000121B940C2F82015B2680134A2420AF122
:10F6B000180AC2DC104B0022C3F87C21C3F804B343
:10F6C00003B0BDE8F08FB9F1000FEDD028460AF085
:10F6D000EDFAB2680134A2420AF1180AADDCE9E79A
:10F6E000009928460AF0E2FAB2680134A2420AF10F
:10F6F000180AA2DCDEE700BF0060004000030050F3
:10F7000038B50446062911D8DFE801F040044A1252
:10F7100012162D008368034493F84033DB074DD560
:10F720000123002219462046FFF774FF002038BD50
:10F73000FFF72CFF0020FAE7002A45D08568002D4E
:10F74000F4DD01460023488A10F4007F03F1010331
:10F7500001F1180103D0106801301060A5689D42C6
:10F76000F1DC0020E3E781680029DFDD0022438A25
:10F770009C0548BF23F4007302F1010248BF438295
:10F780008A4200F11800F2D10020D0E7FFF7AEFE68
:10F790000122204600231146FFF73CFF0020C6E768
:10F7A0008368034493F84033DD070AD501232046DC
:10F7B0001A461946FFF72EFF0020B8E7FFF796FE1E
:10F7C000AEE7FFF793FEF1E76FF47A7038BD00BF44
:10F7D00010B5044603EB4300C4E902232160800016
:10F7E000012102F00FF8002360602382204610BD43
:10F7F000704700BF10B5034B0360044602F060FB86
:10F80000204610BDE83F030010B5054B03600446D9
:10F8100002F056FB204621F0C6F9204610BD00BF7D
:10F82000E83F0300074B1B68834204D01A6806496F
:10F83000126B8A4203D110B53220FAF793FB1846B7
:10F84000104700BFE81A002025F80000074B1B688E
:10F85000834204D01A680649D26A8A4203D110B59D
:10F860003220FAF77FFB1846104700BFE81A002045
:10F870004DF8000010B5044621F095F9204610BD62
:10F880002DE9F041404D2B6813F0010382B004468E
:10F890000BD03E4D2B68DE0712D53D4E337803B3B7
:10F8A0003C4D286802B0BDE8F08101223A4811467B
:10F8B00007F05AFB01232B60344D2B68DE07ECD494
:10F8C0000323192285213548314E09F057FF0123C2
:10F8D000334A344931482B6021F060F93378002BEA
:10F8E000DED12E4F072002F09BF8384609F0E2FEE9
:10F8F0000221384609F0EEFCFB88322123F48073A4
:10F900002046FB8005F04AF900BB442021F04DF968
:10F910002149204D0522044602F0E0F8224B2360E5
:10F920004C202C6021F041F91B490622804600F052
:10F930007FF81E4B2968C3F80080404602F0F4FBB4
:10F9400028680123337002B0BDE8F081502021F017
:10F950002CF932230522CDE9003221463A460E4BDE
:10F960000C4D804605F000F95420C5F8008021F0C8
:10F970001CF921463C230624CDE900343A46064BC7
:10F98000804605F0E7F9D4E7DC1A0020C01A002011
:10F99000EA1E0020E81A0020E01A0020C41A002005
:10F9A00010000020F1F70000E83F0300EC1A0020EF
:10F9B00010B5034B0360044602F0ACFC204610BDBA
:10F9C0002840030010B5054B0360044602F0A2FC7A
:10F9D000204621F0E8F8204610BD00BF2840030073
:10F9E000074B1B68834204D01A680649926A8A4210
:10F9F00003D110B53320FAF7B5FA1846104700BF07
:10FA0000EC1A0020E1F90000074B1B68834204D088
:10FA10001A680649D2698A4203D110B53320FAF731
:10FA2000A1FA1846104700BFEC1A002009FA00009E
:10FA300010B5044602F09EFA014B2360204610BD2B
:10FA40002840030008B5FFF71BFF014B186808BDED
:10FA5000EC1A002082B010B58C4684B04968864606
:10FA6000DCF800000DF1080CACE8030006A981E801
:10FA70000C00DDE90243DA070EEB630C03D55A10E4
:10FA80005EF802301C5908AB93E803008DE80300D0
:10FA900006AB0CCB6046A04704B0BDE8104002B0F6
:10FAA000704700BF2DE9F04F83B0DDE90CABBDF826
:10FAB0003870002B43D080460E4691461D46BAF161
:10FAC000000F3FD00F2E01D1C02F38D1282021F0B8
:10FAD0006CF80446103007F001FB2680A4F8029071
:10FAE000182021F062F80346CDE900AB43F80C5B27
:10FAF0000021C16059606B460246E160A06003CB03
:10FB0000124B50609160536100220023C4E9082326
:10FB1000D8F800300E4A5B6847F002079342A7808E
:10FB200008D1204601F0D8FE204603B0BDE8F04FD2
:10FB300021F039B82146404698470028F1D103B05A
:10FB4000BDE8F08F1BF0010FBCD1F8E755FA0000BB
:10FB50004DA4000030B58DB0044610982160C4E972
:10FB600001231B49E06004F0B9FDD0B105460DF159
:10FB7000140E00696969AA69EB69F446ACE80F00E4
:10FB8000286A696AAA6AACE807001CE90F008DE8D8
:10FB90000F0020689EE80E0002F084FA284621F04B
:10FBA00002F80C4B1D6885B10B4A0023CDE90523F3
:10FBB00005AB93E80300C0238DE803000293032202
:10FBC000234606212846FFF76DFF20460DB030BDC5
:10FBD000F82503001C1C00204900010070B40B68CC
:10FBE0000468D0E90156E31A07EE903A4B68EB1A25
:10FBF00006EE903AF8EEE66A8B68F8EEE77A66EE83
:10FC0000A66AF31AE7EEA76A012A07EE903AF8EE21
:10FC1000E77AE7EEA76A35DD02EB420201EB8200EC
:10FC2000B0EE666A0C38D1E90323EB1A07EE903A7E
:10FC3000A21AF8EEE77A07EE102A4B69B8EEC77AF7
:10FC400067EEA77AF31AE7EE077A0C3107EE103A5F
:10FC5000B8EEC77AE7EE077AF4EEE67AF1EE10FA3C
:10FC6000B4EEE76A48BFF0EE676AF1EE10FA48BFFB
:10FC7000B0EE676A8842D6D176EE667A70BC17EE2F
:10FC8000900A7047B0EE666A76EE667A70BC17EE40
:10FC9000900A7047F0B585B004AC04E90E000B9BE8
:10FCA000039C002B0E461546864640F3B6800A9903
:10FCB0009FED605A03EB430301EB830C0F46D7E93A
:10FCC0000023EB1A07EE903AB21AF8EEE77A07EE45
:10FCD000102ABB68B8EEC77A67EEA77AE31AE7EE98
:10FCE000077A0C3707EE103AB8EEC77AE7EE077AD4
:10FCF000B1EEE77AFDEEC77AF8EEE77AF4EEC57A70
:10FD0000F1EE10FAC8BFB0EE675ABC45D7D1DFEDAF
:10FD1000493AB7EE002AB0EE633AF0EE632AB0EE4D
:10FD2000634AD1E90072AB1A07EE903AF31B07EE73
:10FD3000103AF8EEE77A8B68B8EEC77A67EEA77AE2
:10FD4000E01AE7EE077A521B1B1B07EE100AB8EE0B
:10FD5000C77ABF1BE7EE077A0C3107EE102AF1EEE7
:10FD6000E75A07EE903AF8EEC76AB8EEE77A07EE80
:10FD7000907AB8EEE76AC5EE257AC6EE254A86EE99
:10FD8000A56AC7EE256A77EEC27AF0EEE45AF4EE81
:10FD9000C47AF1EE10FAB0EEC66AB0EEE67AC8BFE9
:10FDA000B0EE674A8C45E5EEA72AA6EE273AE7EEC5
:10FDB000273AB6D163EE037ABDEEC57AE2EEA27AB7
:10FDC00017EE103AE3EEA37AB1EEE77A7046CEE989
:10FDD0000154CEF80060CEF8183082EE875AC3EE98
:10FDE000075A83EE876AF7EE007AF0EE676AB0EEA4
:10FDF000677AE5EE046AA5EE847AE6EE047AFEEE12
:10FE0000CB6ABEEECB7AFEEECB7ACEED036A8EEDF8
:10FE1000047ACEED057A05B0F0BD9FED067A002399
:10FE2000F0EE473AB0EE473AF0EE472AB0EE474AD6
:10FE3000CCE700BF000000002DE9F04F93B0151E85
:10FE40001190894640F3FB80002205EB45040B46E8
:10FE50006E0001EB840496469446D3E900010C330E
:10FE60008E4453F8041C9C4202448C44F5D19EFB02
:10FE7000F5F392FBF5F407939CFBF5F30293119BCA
:10FE8000079A5A60029A9A6049462A4618461C60A8
:10FE9000FFF7A4FED9F80030D9F80880D9F804108B
:10FEA000099307EE100A6FF0C700C01A0E906FF0AA
:10FEB000C700A0EB0800C3F5C87305900F936FF05F
:10FEC000C700C8F5C8734FF0000E2E44A9F10C020C
:10FED000401A1093C1F5C87302EB860204910A9090
:10FEE000F3467746F2461E460E9B0299CDF804A0D3
:10FEF00018190F9B0D9623440893079BF31803933F
:10FF0000CDE90B74109B03EB010C07EE900A099BE3
:10FF100007990690F8EEE76A1E180A9B66EEA66A35
:10FF20000B44F24607EE903AF8EEE77A049902980D
:10FF3000F0EE665AE7EEA75ACF1805991C4601EB7A
:10FF4000000E07EE90EAF8EEE77AB0EE656AA7EEEB
:10FF5000A76A012D08EB0E00F0EE464A29DD4B465C
:10FF60001969791A07EE901AD968711A05EE101AF4
:10FF7000F8EEE77A5969B8EEC55A67EEA77A411AE2
:10FF8000E5EE057A0C3305EE101AB8EEC55AE5EE2B
:10FF9000057AF4EEC67AF1EE10FAF4EEE47A48BF90
:10FFA000B0EE676AF1EE10FAC8BFF0EE674A9A4207
:10FFB000D6D174EEC67AB4EEE77AF1EE10FA04DD2B
:10FFC000B0EE677A8346BA4601960EF1C80EF44544
:10FFD000B7D103992346C8339942A3D10698089B09
:10FFE000C8308342D64690D1DDE90B74DDF804A019
:10FFF0000D9EA24506D0CDF808B0CDF81CE05446C1
:020000021000EC
:10000000012771E7079B9E4505D0CDF808B0CDF8D4
:100010001CE0012768E7029B9B4503D0CDF808B0A0
:10002000012761E73B4677469E4623B1119BC3E912
:1000300000A7C3F808B0119813B0BDE8F08F0024F2
:10004000029407946E001AE782B02DE9F04FEFB0EA
:10005000014678AC642084E80C00059101F0E0FCD6
:10006000052211460FA807F0B9F8B24910A807F009
:10007000E5F822AB6DA900229A60C3E900220C3397
:100080008B42F9D1059C8DF86820A068DFF8BC92FE
:100090000368CDE91422CDE91622CDE918229B6A26
:1000A00098470546A0680368FF215B6A9847A068E7
:1000B0003C3003F03FFF002243F68C430893934605
:1000C00007920DF1680A06920D95089A43F68C4343
:1000D0009A4200F00181984B9A42C0F2FD80089B41
:1000E000002B00F03581069B0F2B00F03181089A20
:1000F0000C92A2F164031BB20893079A8F4B059DE3
:100100002832D2B2A3FB02139B09C82101FB13239F
:10011000DBB26868079301F0A1FE0446686801F04D
:10012000A5FE14F52A7FC0F2F28014F1C80FC0F2C8
:10013000F980B4F52A7F00F31581C82C40F31A81A9
:1001400003230B93984610F52A7FC0F2E78010F145
:10015000C80FC0F2EB80B0F52A7F00F3FF80C828FB
:1001600040F304810323CDE90933754C0FA807F050
:10017000FBF80DF14F0514AF264603E0AA4506F142
:1001800002060DD015F8013F012BF7D172783178B6
:10019000FF230FA807F0F2F8AA4506F10206F1D1F5
:1001A000079BDDE90A210FA807F0E8F80C9B002B5C
:1001B000C0F28580069B0F2B00F28180099E069D70
:1001C00004E002344C4507F1010721D02378434570
:1001D000F7D16378B342F4D13B780BEB4B0022A903
:1001E000012B4FF0000201EB8000EAD0059B0234A6
:1001F000196801F09BFF0BF1010B01354FF0010372
:100200004C453B705FFA8BFBEDB207F10107DDD186
:100210006420069501F004FCBBF1180F7FF655AF82
:1002200011AC5A4622A920460D9DFFF705FE22ABD0
:10023000CDF804B0009394E80E001BA8FFF72AFD48
:100240001EAB0FCB8DE80F00059E1BAB30680ECBAD
:1002500001F028FFF06820B13A491BAA1C2304F0E2
:1002600075FA059FB868FCF7C1FCBE6810A9204666
:1002700006F0DAFF3C36002340F2DC52CDE90032D2
:1002800021461A46304603F0A5FE204606F060FFE0
:100290004FF47A7001F0C4FBB868FCF7A7FCB868AB
:1002A000036829465B6A984710A806F051FF0FA81B
:1002B00006F04EFF6FB0BDE8F04F02B0704700236C
:1002C0000093059B9868002310301A460FA907F089
:1002D00083F8099E069D79E7059CA068FCF786FCDB
:1002E000A46819493C341BA807F0ECFA78221BA932
:1002F000204603F0EDFE1BA807F0BCFA43F62843A6
:10030000089343F68C430C9300230693F5E60023F1
:1003100010F52A7F0B939846BFF619AF0023CDE95D
:10032000093322E701230B9398460CE70123CDE91B
:1003300009331AE704260300D18AFFFF1F85EB511A
:1003400058400300F82503004C2603008A400300B0
:10035000059B98683C3003F0EDFDC8E60423CDE929
:10036000093302E704230B939846ECE60223CDE918
:100370000933FAE602230B939846E4E684B003AA15
:1003800001900DF107030DF1030013F8011902F8B4
:10039000011B8342F9D1039804B0704740BA80B280
:1003A000704700BF10B5044A026000230446C380B2
:1003B00000F0EAF9204610BDB840030010B5064A27
:1003C000026000230446C38000F0DEF9204620F0DE
:1003D000EAFB204610BD00BFB840030010B5114A2B
:1003E000012384B004461360D2F80031002BFBD007
:1003F0000023C2F80031D2F80835002BB8BF033310
:100400009B1001215160238203F08CFAE268A188DD
:1004100001230244A26068461A4606F011FE04B0A9
:1004200010BD00BF00C00040C38843F4804310B536
:100430000446C38003F076FAA368984271F1000184
:1004400004D32046BDE81040FFF7C8BF10BD00BF71
:1004500070B5094B00250446C0E900350E4600F092
:1004600025F9064A22604FF47A73C4E90253A68044
:100470002561204670BD00BFB840030094400300D2
:1004800010B50023044608F0B3FA024B236020465F
:1004900010BD00BF2C39030070B5A9B380EAE07429
:1004A0001B4E0D4601F1FF3CC4EBE074002186FBBE
:1004B0000423E217C2EBA30202EB8203A4EB430383
:1004C000002BB8BF5B4230338E460CF8013F013140
:1004D0001446002AEBD1002803DA2D236B540EF1C9
:1004E000020100236B542846EFF78AFE01382844A6
:1004F000854207D22B78027805F8012B00F80139E4
:100500008542F7D3204670BD6FF47A74FAE700BFD6
:1005100067666666014B186000207047F01A00207D
:10052000002823DD10B4134C134B226800F1FF3C6C
:10053000002A08BF1A4661460020930983EAD27355
:10054000534083EA121383EA920383EA5203DB07E0
:1005500043EA520202F00103490843EA4000ECD1A9
:100560006045E8D822605DF8044B70476FF47A70FC
:10057000704700BFF01A0020A10D0C00022908B539
:1005800009D90339012904D80368094ADB68934271
:100590000BD1002008BD0029FBD00368044ADB68AA
:1005A0009342F6D001219847F3E700219847F0E7FE
:1005B00015A2000070B584B004AC04E90F00BDF8CA
:1005C0000230012B15D0022B01D004B070BD144CA9
:1005D000144E04F1F00554F8040F30B1C3885B04E5
:1005E00003D503689B68B34217D1AC42F3D104B082
:1005F00070BD0B4C0C4E04F1F00501E0AC42E4D0B0
:1006000054F8040F0028F9D0C3889A04F6D503687B
:100610005B68B342F2D09847F0E79847E5E700BF40
:10062000F01A00208999000011A2000010B4084CB3
:100630000023224602E001333C2B06D052F8041B73
:100640008842F8D1002244F823205DF8044B70471B
:10065000F41A002038B50A4D04462A46002302E069
:1006600001333C2B06D052F8041B8C42F8D10022F7
:1006700045F82320204620F096FA204638BD00BFDA
:10068000F41A002010B5084C20884FF6E853984221
:1006900002D8431C238010BD1520F9F79BFD20884C
:1006A000431C238010BD00BF540200202DE9F041FF
:1006B000304C82B02246002302E001333C2B05D0AF
:1006C00052F8041B0029F8D144F823002A4C23785F
:1006D00013F001030BD1294D2A6842B10093102277
:1006E00001234FF47A60002103F03CF910B102B00D
:1006F000BDE8F0812820D5F80080214F20F055FA80
:10070000C023009301221F4B1021064601F0AEF8D2
:10071000D8F800305B68BB4220D1304601F0DCF8ED
:10072000304620F040FA28202E6820F03EFAC02300
:1007300000930222134B0F21054601F097F833680E
:100740005B68BB4210D1284601F0C6F8284620F06D
:100750002AFA237843F001032370C8E74046314664
:1007600098470028DFD0D8E7294630469847002828
:10077000EFD0E8E7F41A0020EB1E00201C1C00203C
:100780004DA40000B505010010B4084C002322461A
:1007900002E001333C2B06D052F8041B8142F8D111
:1007A000002244F823205DF8044B7047F41A00201F
:1007B0002DE9F04706460F46062813D8DFE800F07B
:1007C0000404041414041400184C04F1F00554F843
:1007D000043F3A463146184613B11B681B699847D7
:1007E000AC42F4D1BDE8F087114CDFF84C90A0F199
:1007F000030AA4F1F0085FFA8AFA08E0BAF1010FDF
:1008000003D8DB680B4A93420DD14445EAD054F833
:10081000040D0028F9D003681D694D45EED03A4615
:100820003146A847F1E700219847EEE7F01A00208B
:10083000E41B002015A200007D050100084600F021
:100840005BBD00BF2DE9F04385B004AC04E90F00A7
:1008500022490D684FF47A72DDE9020100231AF093
:1008600057FF85B3DFF8788006460F464FF0000942
:100870002C46AD69E3689E4277F1000321D363699A
:100880007BB10AF081FAD4E9062323B39A61A36904
:100890000BB1E269DA61C4E90599C4F81C900AF069
:1008A00039FA0AF071FAD8F80030C4F814806BB144
:1008B0001A469B69002BFBD19461C4E906320AF009
:1008C00029FA002DD4D105B0BDE8F083C4E9063380
:1008D000C8F80040F3E763691A60D8E7F41B00200A
:1008E000F81B00202DE9F04FDFF8B09193B004AC75
:1008F00084E80F00D9F800302BB3644BBDF81040EA
:10090000D3F800B0BDF812300293BBF1000F16D03F
:1009100000235F4D039340F2FE3640F2FF38DBF8D0
:100920000C30DBF818701A0CB44298B2134649D058
:10093000DA46BB4650B1844208D0002FEFD1A4F272
:10094000FE33012B57D813B0BDE8F08F12B1029AD5
:100950009A42F2D1DAF814309BB10AF015FADAE9CA
:100960000603002B43D09861DAF8180010B1DAF8CA
:100970001C30C3610023CAE90533CAF81C300AF0F1
:10098000C9F90AF001FA2B68CAF8145053B3184693
:100990009B69002BFBD1C0F818A0CAE906300AF009
:1009A000B9F9002FBBD1CAE77AB1029A9A420CD0AA
:1009B000002FC4D0FB68D7F818C01A0C98B21346A1
:1009C000BB4667464045B3D1EEE7039B43B3002FD8
:1009D000B5D0FB68D7F818C01A0C012198B2039162
:1009E0001346EDE7CAE90633C5F800A0D7E7DAF801
:1009F00014301860B8E7102300932146D9F800405E
:100A0000244B029A08A800F031FF2368224A9B6811
:100A1000934232D108A800F05FFF13B0BDE8F08F19
:100A2000DBF8143093B10AF0AFF9DBE9061343B3F6
:100A30009961DBF8183013B1DBF81C10D961002381
:100A4000CBE90533CBF81C300AF064F90AF09CF9C5
:100A50000F49CBF814100B6853B119469B69002B52
:100A6000FBD1C1F818B0CBE906310AF053F9AEE773
:100A7000CBE90633C1F800B0F7E708A9204698474C
:100A8000C8E7DBF814301960D3E700BFF01B002083
:100A9000F81B0020E508010055A40000E41B00201D
:100AA00070B5EFF31186012383F31188204B1C6886
:100AB0006CB363697BB10AF067F9D4E906231BB311
:100AC0009A61A3690BB1E269DA610023C4E90533D5
:100AD000E3610AF01FF9256886F31188002323617A
:100AE00063620AF0BBF9014628460AF0C7F9EFF342
:100AF0001182012383F311880E4B196821621C6057
:100B000082F31188204670BD63691A60D9E72820F6
:100B100020F04BF828220021044617F045FF0AF088
:100B2000A5F90023C4E900030546A360D4E700BF8C
:100B3000EC1B0020E81B002038B5094B1C6823691A
:100B4000DB0707D5074D286830B1626A426200238F
:100B500063620446204638BDFFF7A2FF2860F4E731
:100B6000041C0020001C00202DE9F04106460F4621
:100B700090461D46FFF794FF0446314643463A46E9
:100B800000680AF085F926680AF068F9011F304606
:100B90000AF072F92068A5B10F490AF06BF90AF062
:100BA000F3F80E4A626113686BB11A469B69002B19
:100BB000FBD19461C4E906320AF0ACF82046BDE8E6
:100BC000F0810749E9E7C4E9063314600AF0A2F8A6
:100BD0002046BDE8F08100BF41120100F81B002053
:100BE0000D1201002DE9F0414E4D2B78DB0782B04C
:100BF0007FD44D4E30600AF035F94C4B0360FFF75F
:100C00004FFF4B4B044618600AF0BEF8494A626138
:100C10001368002B70D01A469B69002BFBD194619E
:100C2000C4E906320AF076F8FFF73AFF424C07684B
:100C300020600AF013F9011F38460AF01DF92368F5
:100C40003E4918680AF016F93468002C4DD0282067
:100C50001FF0ABFFC02300930022394BDFF8E88080
:100C600040F2FF31074600F001FE23685B68434510
:100C700052D1384600F030FE38461FF094FF28204D
:100C800037681FF092FFC023009300222C4B40F2E4
:100C9000FE31044600F0EAFD3B685B68434535D110
:100CA000204600F019FE20461FF07DFF00230F2292
:100CB000002100934FF47A60012302F053FE2820B4
:100CC00036681FF072FFC023009301221D4B0F21D5
:100CD000044600F0CBFD33685B68434510D12046E5
:100CE00000F0FAFD20461FF05EFF2B7843F0010371
:100CF0002B7002B0BDE8F081C4E90633146091E7BF
:100D00002146304698470028EFD0E8E7384621468C
:100D100098470028CAD0C3E720463946984700289C
:100D2000ADD0A6E7EC1E0020E41B002001C0FE5A57
:100D3000041C0020F81B0020FC1B0020B110010047
:100D4000E5080100450801004DA40000024B187899
:100D500000F00100704700BFEC1E0020F0B5314EDE
:100D6000336883B01BB1304B1B78DB0702D42F48AC
:100D700003B0F0BD07460D46FFF7DEFE47EA054328
:100D8000C3604369044683B109F0FEFFD4E906233A
:100D9000002B39D09A61A3690BB1E269DA610023B3
:100DA000C4E90533E36109F0B5FF09F0EDFF204A1E
:100DB000626113685BB31A469B69002BFBD1946197
:100DC000C4E9063209F0A6FFA7F2FE33012B02D8D0
:100DD000002003B0F0BD282036681FF0E6FEC023D7
:100DE0002A4600933946134B044600F03FFD336812
:100DF000114A5B6893420ED1204600F06DFD2046FB
:100E00001FF0D1FE0020E4E763691A60C3E7C4E97C
:100E100006331460D6E72146304698470028D7D0DD
:100E2000EAE700BFE41B0020EC1E002016FCFFFFD9
:100E3000F01B0020E50801004DA4000000B50A4B9E
:100E400093F800E01EF0010F02D100205DF804FBD2
:100E50000028FAD08C461146002AF6D05DF804EB43
:100E600001236246FFF780BEEC1E0020024B18688B
:100E7000B0FA80F040097047F81B002010B5104C04
:100E800023789A0784B004D50E4B1B6873B104B065
:100E900010BD43F002002070012302220F2168469A
:100EA00006F0CEF8074B1B68002BF0D1237823F017
:100EB0000203237004B0BDE81040F9F799B900BFF0
:100EC000EC1E0020F81B00202DE9F0416C4D2C6831
:100ED0002269D10759D46B4E6B4F33683968002BA8
:100EE00048D06069B04200F085808B422B6042D0D0
:100EF00009F0B8FF654B02689A422AD12B689C42E0
:100F00002DD03A6893427AD094422AD0604B6269DD
:100F10009A4226D0206809F0B3FF074609F0B2FFD5
:100F20003F1A09F0AFFF064609F09CFF8642C0F069
:100F30008680A1686368D5F80080CB1A9F426CD880
:100F4000D8F80830D8F800202068BDE8F0410AF051
:100F500003B92D20F9F73EF92B689C42D1D1BDE8A9
:100F6000F0812A68002193681268BDE8F0410846C4
:100F70000AF0F2B829601307BAD52C60FFF77EFF9C
:100F80003368002BFAD02B60B2E7424E20683368FA
:100F900042F0020222611A691C6842F004021A61DE
:100FA00009F074FF0146204609F068FF3768386889
:100FB00009F066FF044609F065FF241A09F062FF94
:100FC000804609F04FFF80453DD3D7E901239B1AA6
:100FD0009C423CD83368996818680AF0FEF82B6880
:100FE000002232601A699207B9D5BDE8F04118684D
:100FF0000AF02DB9A069002818BF034675E71668E6
:1010000009F02CFF011F304609F036FF3B682249EA
:10101000186809F02FFF3A6876E72C6009F032FF74
:10102000606807F1200626F01F0630BB304600F04E
:1010300089FB3118C4E90101C5F8008080E72D2043
:10104000F9F7C8F875E72D20F9F7C4F8BDE7D5F82A
:1010500000802F6009F016FF7868203424F01F0408
:1010600040B9204600F06EFB0444C7E90104C5F80E
:101070000080AFE700F0A4FBF3E700F0A1FBD5E7A9
:10108000041C0020F81B0020FC1B002001C0FE5A9D
:10109000EC1B0020001C0020B1100100034B1B784A
:1010A000DB0700D47047FFF70FBF00BFEC1E002026
:1010B00000B5134C134D85B001E0FFF705FF237811
:1010C000990710D52A683AB1DA07F6D403F002027C
:1010D0004AB129680029FBD123F002032370F9F7F4
:1010E00087F82378F0E743F0020C022201230F2156
:1010F000684684F800C005F0A3FF2378E2E700BF4C
:10110000EC1E0020F81B002070B5374D2C68636979
:101110008BB109F039FED4E90623002B55D09A6132
:10112000A3690BB1E269DA610023C4E90533E36125
:1011300009F0F0FD2C682D4E09F026FE336866613B
:10114000002B4CD01A469B69002BFBD19461C4E95B
:10115000063209F0DFFD33684BB19B693BB10022D9
:101160001C469B690132002BFAD1032A1EDC2B6836
:1011700000221A611C6809F071FE0146204609F040
:101180007DFE09F001FE1A4A296813688B4219D0C6
:101190002BB11A6A91421FD01346002BF9D109F0E6
:1011A000B9FD144B1B78DB0712D470BDE2692068CF
:1011B000936100F005FB606800F002FB204600F040
:1011C000FFFAD4E71B6A1360E9E763691A60A7E7CF
:1011D000BDE87040FFF778BE0A6A1A62DFE7C4E92B
:1011E00006333460B5E700BF041C0020EC1B002070
:1011F000E81B0020EC1E0020034B1B78DB0700D40B
:101200007047FFF781BF00BFEC1E002010B50C46F1
:101210008047A047044B1B78DB0700D410BDBDE816
:101220001040FFF771BF00BFEC1E0020034B1B787E
:10123000DB0700D47047FFF767BF00BFEC1E00203C
:1012400038B50346144610460D4698472046A84731
:10125000044B1B78DB0700D438BDBDE83840FFF7EE
:1012600053BF00BFEC1E002000283AD02DE9F0410A
:101270001D4D2B78DC0702D41C48BDE8F0811C4FC3
:101280003B681A690E465107044601D15A6A42B1B9
:101290001849012332462046FFF766FC0020BDE8CE
:1012A000F081186809F0BBFF3A68136913F002086F
:1012B00013D143F0010313613046A0473B681A691C
:1012C000C3F8248022F0010152071961E6D52B787A
:1012D000DB07E3D5FFF718FFE0E723F00303136113
:1012E000DCE76FF47A707047EC1E002016FCFFFFFD
:1012F000041C00202D12010070B5204E3378DA074F
:1013000003D4BDE8704000F08BBB0546FFF714FC2A
:10131000044602F007FB63692844E0607BB109F0F2
:1013200033FDD4E90623EBB19A61A3690BB1E269FD
:10133000DA610023C4E90533E36109F0EBFC09F04D
:1013400023FD0F4A626113689BB11A469B69002B0B
:10135000FBD19461C4E9063209F0DCFC3378DB0789
:1013600003D470BD63691A60DFE7BDE87040FFF722
:10137000ABBDC4E906331460EEE700BFEC1E0020ED
:10138000F41B00202DE9F041DFF8E880D8F80030A8
:1013900082B01BB1324E3378DA0703D4314802B041
:1013A000BDE8F08105460F46FFF7C6FB45EA074357
:1013B000C3604369044683B109F0E6FCD4E906231F
:1013C000002B40D09A61A3690BB1E269DA61002376
:1013D000C4E90533E36109F09DFC09F0D5FC224A1C
:1013E0006261136893B318469B69002BFBD184613B
:1013F000C4E9063009F08EFCA5F2FE33012B08D8B3
:101400003378DB0701D5FFF75FFD002002B0BDE8B0
:10141000F0812820D8F800801FF0C7FBC0233A468F
:1014200000932946114B044600F020FAD8F800300A
:101430000F4A5B6893420DD1204600F04DFA2046DA
:101440001FF0B1FBDCE763691A60BCE7C4E906334F
:101450001460CFE72146404698470028D0D0EBE7FC
:10146000EC1E002016FCFFFFF01B0020E508010029
:101470004DA40000E41B0020024B1878C0F380004C
:10148000704700BFEC1E0020054A137818B143F0E6
:1014900004031370704703F0FB031370704700BF21
:1014A000EC1E002010B40024C460C0E900115DF8F7
:1014B000044B0272704700BFF8B53A4D2B78DA073B
:1014C00000D4F8BD044609F05FFC2668013E2660A2
:1014D00009F020FC002EF4DAFFF72EFB43690746E3
:1014E00083B109F051FCD7E90623002B4BD09A6158
:1014F000BB690BB1FA69DA610023C7E90533FB6107
:1015000009F008FC09F040FC04F10C037B61E3687E
:10151000002B3BD01A469B69002BFBD19761C7E992
:10152000063209F0F7FB09F02FFC23689E4221DD0B
:101530007B6983B109F028FCD7E90623002B2DD065
:101540009A61BB690BB1FA69DA610023C7E9053317
:10155000FB6109F0DFFB09F017FC134A7A6113689D
:10156000C3B11A469B69002BFBD19761C7E90632CC
:1015700009F0D0FB09F0CEFB2B78DB07A1D5BDE845
:10158000F840FFF7A1BC7B691A60B1E7C7E90633F1
:10159000E760C6E7C7E906331760E9E77B691A60C9
:1015A000CFE700BFEC1E0020F81B0020036810B539
:1015B000C468013303604CB363697BB109F0E4FB99
:1015C000D4E906231BB39A61A3690BB1E269DA611E
:1015D0000023C4E90533E36109F09CFB09F0D4FB67
:1015E0000C4A6261136853B11A469B69002BFBD108
:1015F0009461C4E90632BDE8104009F08BBBC4E930
:1016000006331460BDE8104009F084BB10BD636967
:101610001A60D9E7F81B0020F8B5C468054644B342
:1016200003681A4E0133002762692B6072B109F01A
:10163000ABFBD4E906232BB39A61A3690BB1E26932
:10164000DA61C4E90577E76109F064FB09F09CFB06
:101650003368666193B11A469B69002BFBD1946194
:10166000C4E9063209F056FBEC6814B12B6801336B
:10167000DAE72B7A0BB96B682B60F8BDC4E9063347
:101680003460EFE763691A60D7E700BFF81B0020FA
:1016900000680028B4BF404200207047830770B53F
:1016A0004FEA900645D190B1751CEFF3118E0123DE
:1016B00083F31188D1E90004A04206D20168002911
:1016C00007DB00EB8100A042F8D38EF311880020E5
:1016D00070BD21F000434FEA810C50F82320002A0E
:1016E00000EB81010CDB0FE0134443F00042026089
:1016F00050F82320002A4FEA830C00EB830103DA21
:101700008C4222F00042EFD89D4201D96044D3E7D9
:101710008442DAD902369E4203D200EB8606B442F6
:1017200009D8056825F0004540F8045B8EF3118860
:1017300070BD0136B8E75B1B43F0004346F8043C3C
:10174000F2E700BFF8B5044640B1194D2B783BB124
:1017500020461849FFF7A2FF044620B32046F8BDF3
:10176000154E164A3370176809F07CFB3378EFF397
:10177000118C012181F311880E4A42F8337002EB7B
:10178000C3020B445060C01B800840F0004038602A
:1017900033708CF31188297020460649FFF77EFFCD
:1017A00004460028DAD11420F8F714FD2046F8BDCD
:1017B000ED1E002058190020EE1E0020840000209D
:1017C000B0B10F4B1A68824210B5044602D25B6872
:1017D000834204D8BDE810401E20F8F7FBBC50F847
:1017E000043C002B05DD43F0004344F8043C10BDED
:1017F00070471E20F8F7EEFC54F8043CF3E700BFF6
:101800005819002038B501FB00F52846FFF79AFF6C
:10181000044628B1012303602A46002117F0C4F8CA
:10182000204638BD70B5044608460E46FFF78AFFCD
:10183000054664B158B154F8042C9200B242A8BFD6
:101840003246214614F090FE2046FFF7B9FF2846A5
:1018500070BD00BF08B50846FFF774FF08BD00BFA4
:1018600008B50846FFF7ACFF08BD00BF2DE9F04101
:10187000044610300F4616461D46BDF8188005F088
:101880002DFC00220023C4E9082300212780668064
:10189000A560E160A4F804802046BDE8F08100BFA7
:1018A0002DE9F04104461030884617461E46BDF823
:1018B0001C5005F013FC00220023C4E908230699FC
:1018C000A4F8008045F001056780A660E160A5806E
:1018D0002046BDE8F08100BF83889B0710B5044611
:1018E00003D5806808B11FF05EF9204610BD00BF27
:1018F00082B030B5046A83B006A981E80C0014B345
:10190000236901225BB11C461B690132002BFAD10D
:10191000092A04DD03B0BDE8304002B0704718204A
:101920001FF043F908AB054693E803008DE8030078
:1019300006AB0CCB284605F0F7FB256103B0BDE8EC
:10194000304002B07047054618201FF02EF908AB52
:10195000044693E803008DE8030006AB0CCB204659
:1019600005F0E2FB2C6203B0BDE8304002B07047E6
:1019700030B4D0E9004303F10050013804EBC0005B
:1019800084420AD8034603E09442184605D8134619
:101990001D68A942A3F10802F6D9406830BC70471F
:1019A00010B4D0E9004303F10053013B04EBC30C36
:1019B00064450FD8634603E094429C4607D813461B
:1019C00018688142A3F10802F6D9DCF800005DF83E
:1019D000044B704754F83300F9E700BF10B4D0E966
:1019E000004303F10053013B04EBC30C644513D8DF
:1019F000634603E094429C4607D813461868814228
:101A0000A3F10802F6D9DCF800005DF8044B081ACF
:101A1000B0FA80F04009704754F83300F5E700BF92
:101A200002F054B802F026B8FEF774BDFEF778BD98
:101A300038B5084B04460025C0E90035FEF736FEF0
:101A4000E388054A226043F480532581E3802046E1
:101A500038BD00BFB8400300DC40030010B5044AA5
:101A6000026000230446C380FEF78EFE204610BDB0
:101A7000B840030000897047807A704738B5036822
:101A800081720446DB6A98472368074A9B6A93423F
:101A9000054603D1A07AA072284638BD2046984753
:101AA000C0B2A072284638BD791A010038B5036863
:101AB00001810446DB6A98472368074A1B6A934200
:101AC000054603D120892081284638BD2046984705
:101AD00080B22081284638BD751A0100F8B500256E
:101AE000144B03600446456016460F46FEF7DEFDC4
:101AF000114B236094F8363025631422228123F0A1
:101B00000E03022284F83630A2724FF00113C4E9AA
:101B10000355C4E90555C4E90755C4E90E336762A6
:101B2000A680E580A58684F84050A4F8425020465F
:101B3000F8BD00BFB840030004410300C36813F5BB
:101B4000C87F70B480F28E8090F8362012F00205C3
:101B50000AD0022290F83610B2FA82F2520962F3E9
:101B6000410180F836100125016911F5C87F3FDA7F
:101B700090F83620560743D5042290F83650446931
:101B8000B2FA82F2520962F3820514F5C87F80F836
:101B9000365077DAEAB2150709D5082290F83650A0
:101BA000B2FA82F2520962F3C30580F8365090F817
:101BB0004020032A164608D80132D6B2012E80F8FA
:101BC00040607FD0042E00F08580B0F8422090F86D
:101BD0003650013292B215F0010CA0F842205FD1CC
:101BE000092A20D9013EA0F842C080F840601AE0DE
:101BF000B1F5C87F04DD90F8362012F00402BCD0A5
:101C0000446914F5C87F38DBB4F5C87F04DD90F86B
:101C1000362012F00802C1D090F840603246002D04
:101C2000C7D1002ED1D101FB01F2304803FB0322C2
:101C300004FB042282422ED913F5487F3CDBB3F526
:101C4000487F3CDC11F5487F42DBB1F5487F3CDC46
:101C500014F5487F22DBB4F5487FCCBF0620002076
:101C600070BC7047B3F5C87F05DD90F8362012F0E0
:101C700002023FF46FAF002576E790F83620120796
:101C80008BD4C9E7B4F5C87F91DD90F8362012F007
:101C9000080283D08BE7072070BC70470520FBE764
:101CA0001D2AC0D9002225F0010580F83650A0F881
:101CB000422080F84020B6E7032070BC7047042023
:101CC00070BC7047A0F84260ADE7012070BC70475F
:101CD0000220E1E790F83630002243F0010380F85B
:101CE0003630A0F842200B20D6E700BFFF7002007C
:101CF000D0E9031230B501FB01F1456902FB021284
:101D000005FB0525B5F5800F85B0044616D9038F70
:101D1000002B4CD0B5F5100F25D8012384F83130B5
:101D20002046FFF70BFF0B2814D0A38E834230D040
:101D30000023A08684F8303005B030BD90F83130F3
:101D4000042B55D90023C0E90E332046FFF7F6FED9
:101D50000B28EAD16086024601230D21684605F072
:101D60006FF905B030BD638F83B3B5F1107FD4D95F
:101D7000A38FA3B3B5F1806FCFD9E38F002BCCD164
:101D800001230A220D21684605F05AF90123E38751
:101D9000C3E794F83030618E042B14D80133DBB2E2
:101DA000814284F83030C7D0052BD3D0C4E701235B
:101DB0000C220D21684605F043F90123B5F5100FFB
:101DC0002387AAD9CFE78142C4D1B5E701230822EE
:101DD0000D21684605F034F901236387C5E7012327
:101DE00009220D21684605F02BF90123A387C1E7DD
:101DF0000133DBB292E700BF30B58BB0016A00F16E
:101E000018030CCB02AD00910446416A284605F048
:101E100001F995E80700E38804F10C0523F00203BB
:101E200085E80700E3802046FFF762FF0123A188D1
:101E30001A4606A805F004F900200BB030BD00BF1B
:101E400038B50B680C4605461B6B08460C349847A2
:101E500094E8070085E80700284638BD10B50368F8
:101E600004461B6B9847E06810BD00BF10B50368BF
:101E700004461B6B9847206910BD00BF036810B56E
:101E800004461B6B9847E3889B0701D5A06A10BDE9
:101E90002046EEF731FCA06A10BD00BF036810B504
:101EA00004461B6B9847E3889B0701D5E06A10BD89
:101EB0002046EEF721FCE06A10BD00BF408E70475F
:101EC00010B5044A026000230446C380FEF75CFCA0
:101ED000204610BDB840030000897047D0E90D12BC
:101EE00030B5C36B0446C068091A2069121A6069CC
:101EF0001B1AA06900FB01F189128BB06163E169D3
:101F000001FB02F2216A01FB03F39B129212A2630E
:101F1000E36302AD009304F134020CCA216C28463D
:101F200005F078F895E8070004F1280383E8070036
:101F30000123A1881A4606A805F082F800200BB0FC
:101F400030BD00BF38B5036801810446DB6998479E
:101F50002368074A5B6A9342054603D120892081A2
:101F6000284638BD2046984780B22081284638BD93
:101F7000D91E0100F8B50025114B036004464560E9
:101F800016460F46FEF792FB0E4B23604FF480631C
:101F9000C4E90553C4E9073314224FF48053C4E95C
:101FA0000355C4E90955C4E90B55C4E90D55C4E905
:101FB0000F576564A6802281E3802046F8BD00BFEC
:101FC000B8400300444103002DE9F8430368044688
:101FD0009B6A9847A06A18F0E9FF8046E06A894644
:101FE00018F0E4FF0246206B0D46144618F0DEFFA1
:101FF000424606460F464B464046494619F040F8D1
:102000002246804689462B462046294619F038F854
:1020100002460B464046494618F07CFE32460446CE
:102020000D463B463046394619F02AF802460B4623
:102030002046294618F06EFE11F0C8FD19F0D0FABE
:10204000BDE8F88330B5C58815F0040585B021D109
:10205000036804469B6A9847E288E56022F0020222
:102060004FF4806142F00402C4E90611C4E9081586
:102070000123E280C4E904550322A188684604F0E4
:10208000DFFFE38823F004029B07E28004D52846A3
:1020900005B030BD0148FBE70148F9E715FCFFFF3B
:1020A00014FCFFFF84B030B50DF1100C8CE80E006D
:1020B000C588044600F10C0EBCE80F00AEE80F0026
:1020C0009CE8070045F002058EE80700E580BDE8C2
:1020D000304004B0704700BF01F10C0C10B504464D
:1020E0008646BCE80F00AEE80F009CE807008EE8CB
:1020F0000700204610BD00BFC08800F002007047F6
:10210000C08800F004007047C28800234FF480614B
:1021100022F00202C0E90333C0E90531C0E907112A
:102120004362C280704700BF4164704770B50B685E
:102130000C4682B005469B6A084616469847E26BF5
:10214000216CCDE9002604F1340328460CCB04F0C1
:102150000FFF284602B070BD38B50B680C46054627
:102160009B6A08462834984794E8070085E80700EA
:10217000284638BD70B52DED068B044686B0406C00
:10218000FFF78CFE0646606CFFF778FE2368054675
:102190009B6A20469847E36B0222CDE9003204F1A6
:1021A00034030CCB216C03A804F0E2FEDDED047ACD
:1021B000F8EEE78ADDED057A3046B8EEE7AA12F0D0
:1021C0000BF90346304609EE903A11F0A5FC0346A0
:1021D000284609EE103A12F0FFF8034608EE103ACE
:1021E000284611F099FC68EE887A9DED037A06EE98
:1021F000900AB8EEC77A67EEA97A2AEE088AE7EE67
:10220000267A69EE688AE8EE097AEAEE298A17EEFC
:10221000900A18EE901A11F05FFDDFED0E6ADFED07
:102220000E5ADFED0E7A07EE100A27EE267A87EEB9
:10223000256A77EEC67AF5EEC07AF1EE10FA48BF5D
:1022400077EEA67AFDEEE77A17EE900A06B0BDECBF
:10225000068B70BD0000B443DB0FC9400000B442E0
:1022600030B50368044687B09B6A9847E06B216CE1
:10227000012504F134030CCBCDE9000503A804F0DB
:1022800077FEDDED047AF8EEE77A17EE901ADDEDD1
:10229000037AF8EEE77A17EE900A11F01DFD9FED34
:1022A0000C7ADFED0C6A07EE900A67EE877A87EE0C
:1022B000A67AB5EEC07AF1EE10FA44BFDFED067AE9
:1022C00037EE277AFDEEC77A17EE900A07B030BDD9
:1022D00000003443DB0F49400000B443C3885A0771
:1022E00014D49B0710B5044606D5636C20464BB149
:1022F000BDE81040FFF73EBFFFF7A4FE636C204629
:10230000002BF5D1BDE81040FFF7AABF0048704789
:1023100015FCFFFF10B5044A026000230446C38089
:10232000FEF732FA204610BDB8400300008970471E
:1023300040897047FF299ABF017300206FF47A70BB
:10234000704700BF007B7047704700BF10B50A8917
:102350004C8982B00023CDE9002410311A4604468E
:1023600005F04AF9204602B010BD00BF10B5074B7A
:10237000044640F8103B04F0EBFE054A22600023BF
:102380002046E380FEF700FA204610BD7C410300A2
:10239000B840030010B5094B044640F8103B04F068
:1023A000D7FE074A22600023E3802046FEF7ECF9BF
:1023B00020461EF0F8FB204610BD00BF7C41030004
:1023C000B8400300F8B51F460B4B036000230446DA
:1023D00043600E461546FEF769F92046074B40F864
:1023E000103B2AB231B204F0F9FEFF232373268199
:1023F0006581A7802046F8BDB84003007C410300FA
:102400006FF47D70704700BF6FF47D70704700BF40
:102410006FF47D70704700BF6FF47D70704700BF30
:1024200010B584B003688DF80F20002400941C6A56
:102430000DF10F020123A04704B010BD10B584B008
:1024400004688DF80C20002200928DF80D30246A6B
:10245000022303AAA04704B010BD00BF2DE9F04736
:102460009DF82070002A3DD0002B1D463ADD036800
:102470001E4E14469A68B24280468A4622D11A6994
:10248000DFF86C904A4525D1013D2544013C04E02C
:10249000AC420BD0D8F8002012694A4504F101047F
:1024A000F6D0217840469047AC42F3D117B10020D6
:1024B000BDE8F087D8F80030DB68B342F7D040467B
:1024C0009847F4E79047D8F80030DFF824901A696D
:1024D0004A45D9D05FFA8AF140469047D8F8003093
:1024E0001A69D1E76FF47A70E2E700BF11240100A6
:1024F000192401002DE9F84F9DF82880002A51D0B9
:10250000002B1D464EDD93460268284F9368BB4260
:1025100006460C4633D11369DFF894A0534535D1F4
:10252000B5F1010918D0023D5D440BF1FF3404E020
:1025300004F8011FA54232680DD0536953454FF08E
:102540000B01F5D0002130469847C1B204F8011FB5
:10255000A5423268F1D1CB44536953451DD10B20BC
:102560008BF80000B8F1000F02D00020BDE8F88F12
:102570003368DB68BB42F8D030469847F5E79847A8
:102580003268DFF82CA013695345C9D044F001012B
:10259000C9B2304698473268C2E7012130469847B1
:1025A000C0B2DDE76FF47A70E0E700BF11240100EC
:1025B000192401002DE9F04186B01E469DF8343003
:1025C00007688DF80F2004460D468BB10123009358
:1025D0003F6A0DF10F02B84738B9236800909F6A2F
:1025E0000C9B324629462046B84706B0BDE8F0812C
:1025F000D7F81C80DFF820C09DF80F20E04508D1F7
:1026000000938DF817203F6A01230DF11702B84798
:10261000E2E7C047E0E700BF21240100F0B507680A
:10262000DFF850C0FE6A664585B019D101260096D4
:102630008DF80F203F6A33460DF10F0204460D4618
:10264000B84758B9236800909F6A0DF10E023346CF
:1026500029462046B84708B99DF80E0005B0F0BDE0
:102660000123CDE900330DF10E03B0470028F3D06C
:10267000F4E700BFB5250100024A02600021818015
:10268000704700BFBC41030030B404689DF8085097
:102690000295246A89B2A44630BC604730B404680D
:1026A0009DF808500295A46A89B2A44630BC6047E0
:1026B0006FF47D70704700BF40797047417170477B
:1026C00001B370B506460868904214460D460ED018
:1026D00020B102680D49126E8A420AD134B12368D2
:1026E0000B4ADB6D934208D1002333712C6000202C
:1026F00070BD9047002CF2D1F8E700223146204609
:102700009847F3E76FF47A70704700BF51E3000019
:102710004DE300000EB42DE9F04787B00FAB53F83E
:10272000045B0093297861B3044606E023682046E1
:102730009B6901359847297819B32529F6D1009A64
:102740006B78101D252B009005F102055AD0583BDF
:10275000D9B220291AD81668202B17D8DFE803F041
:1027600097161616161616161616164C3316161635
:1027700016161616161616161616162616161616E9
:10278000570007B0BDE8F04703B0704723683F210A
:102790009B692046984723683F219B6920469847BC
:1027A00023683F219B6920469847C4E716F8011B20
:1027B0000029C0D0236820469B69984731780136AC
:1027C0000029F7D1B7E7002301A93046CDE901334D
:1027D000CDE903330593FDF75FFE9DF80410002952
:1027E000A9D00DF10506236820469B69984716F885
:1027F000011B0029F7D19EE72368F1B29B692046AF
:10280000984798E7236820469B69984793E70127F4
:102810004FF01C084FF008094FF0000A11E0302B70
:1028200033D1BAF1000F1DD0236830219B692046B7
:10283000984709F1FF3919F0FF09A8F104083FF49E
:102840007AAF26FA08F101F00F0101F13003392BBC
:10285000E5DDF7B15731236820469B6998474FF073
:10286000010AE6E7B9F1010F09F1FF32DCD0A8F166
:10287000040826FA08F101F00F0101F13003392BA9
:102880005FFA82F9E5DC302BECD0D9B2E3E7002720
:10289000BEE73731DFE700BFC389DB0600D47047EE
:1028A00010B5044684B0818901230422684604F0EF
:1028B000C7FBE38923F01003E38104B010BD00BF20
:1028C000C388DB0600D4704710B5044684B0818805
:1028D00001230422684604F0B3FBE38823F01003CD
:1028E000E38004B010BD00BFC3895B073FD52DE96D
:1028F000F0418369B3F90270002F84B005460E469B
:1029000015DD002400F1180802E00134A7420ED0C2
:1029100021B2404605F052F8B042F6D10123A98910
:102920001A466846013404F08BFBA742F0D1EB8CC9
:1029300095F824209BB20133B3FBF2F102FB113373
:102940002A8D9BB29A421DD0EA8C296A92B28E548B
:10295000EB84EB69002B03DBEA8C92B2934207D045
:10296000EB8943F01003EB8104B0BDE8F0817047C0
:102970004FF0FF33EB61A98901230222684604F07E
:102980005FFBEDE7A98901230322684604F058FBA9
:1029900004B0BDE8F08100BFC3891B0719D530B56D
:1029A000838EC16A02689BB20446C95C926985B095
:1029B0009047A58E94F83030628EADB20135B5FBEC
:1029C000F3F103FB1155ADB2AA4203D0A58605B0C1
:1029D00030BD70470222012340F2FF31684604F007
:1029E0002FFB236801219B6820469847A58605B0E8
:1029F00030BD00BF2DE9F843B2F1000804464BDDBD
:102A0000458E99464F1E002607E0E26A17F8011F1F
:102A1000D1540136B04565861DD094F83030A08E73
:102A2000691CB1FBF3F203FB121180B22B468DB28D
:102A3000A842EAD1236801215B6820469847B9F192
:102A4000020F10D0B9F1010F14D0B9F1000F01D06D
:102A5000638EDAE7B046236801215B682046984719
:102A60004046BDE8F883494640F2FF30FEF78AFC55
:102A7000638ECAE7638E07E0A18E94F8302089B296
:102A80001A44521A002AC0DDA28E92B29A42F3D89A
:102A9000A28E92B29A1AF5E74FF00008DBE700BF6A
:102AA00070B5C6897307044607D5036800219B6883
:102AB0009847206AFEF784FEE68994F8240026F001
:102AC0000403E381FEF73EFE206260B12368002527
:102AD00046F004065B68E5842585E68129462046A4
:102AE0009847284670BD6FF47B7070BD2DE9F04F9C
:102AF00085B08846C98900AFCC07C7E9003000F12E
:102B0000D6804B07154640F1C380B8F82640B8F888
:102B10002890A4B241F00101A145A8F80E1000F0E0
:102B2000198129684C46D8F82020B1F90230165D89
:102B3000002B70DD4FF0000B4FF0FF3A0FFA8BF1D6
:102B4000284604F03BFF2968B1F902C00BF1010BE4
:102B5000B04208BFA246DC45F0DC98F82400B8F883
:102B60002620013492B294FBF0F600FB1644A242F8
:102B700000F0A480BAF1FF3FD5D0BAF1000FC0F247
:102B80008F80D145C3BF98F82460A6EB0906564450
:102B9000AAEB090606F1080222F007026C46ADEB2B
:102BA000020D0021721C684615F0FEFE1FFA8AF322
:102BB0009945D8F820E098F824006D4618BF0DF12B
:102BC000FF310DD009F10102B2FBF0FC00FB1C2229
:102BD0001EF809C001F801CF1FFA82F94B45F1D167
:102BE000B8F828302946B8F80E500133334425F0A0
:102BF0000105A8F80E5093FBF0F500FB153332B237
:102C00007868A8F8283004F081FEA5467868143763
:102C1000BD46BDE8F08F98F82400B8F8263001349E
:102C20009BB294FBF0F600FB16449C427FF47DAF10
:102C30003B68012B54D03B68022B31D1294607F168
:102C40000C0008F1180404F087FE07F10C0120467F
:102C500004F092FE0121B8F80C00FEF793FB07F197
:102C60000C0004F007FEB8F8262092B202F1FF3AF9
:102C7000002A76D007F10C0004F078FE07F10C0171
:102C8000204604F079FE07F10C0004F0F3FD78E72C
:102C90004046FFF705FF00284ED1B8F80E1034E784
:102CA000B8F80E10786821F00101A8F80E1004F0B1
:102CB0005DFE78681437BD46BDE8F08F3B68012B98
:102CC00008D03B68022B7FF458AFBAF1FF3F7FF486
:102CD00054AFB3E7BAF1FF3F7FF44FAFD8F82020ED
:102CE000B8F826309BB2A342FAD0B1F90230165D93
:102CF000002B27DD4FF0000B4FF0FF3A0FFA8BF15E
:102D0000284604F05BFE2968B1F902200BF1010BA3
:102D1000B04208BFA2465A45F0DC98F8242001349E
:102D2000BAF1FF3F94FBF2F002FB1044D6D0BAF1A7
:102D3000000FBFF626AFB3E778686FF47B7104F03D
:102D4000A1FD63E798F82430013494FBF3F003FB12
:102D50001044C5E73B68012B15D03B68022BA1D17D
:102D60006CE798F8243007F10C0003F1FF3A04F007
:102D7000FDFD07F10C01204604F0FEFD07F10C00FB
:102D800004F078FDF9E62968D8F82020A8E700BF0C
:102D900038B5C5892B07044607D5036801219B6810
:102DA0009847E06AFEF70CFDE58994F8300025F0BD
:102DB0000803E381FEF7C6FCE06230B1002045F075
:102DC00008056086A086E58138BD6FF47B7038BD4C
:102DD0002DE9F0471E46224B03600025214B8360FE
:102DE00004468580C5600830884617469DF82090C7
:102DF000BDF824A0FDF75AFC1B4B23603833A360B9
:102E0000C4E9048704F1180004F0B0FD01364FF066
:102E1000FF3309F10109E361E584424604F1100141
:102E2000A4F80CA084F8246084F830902562E56250
:102E300025856586A5862046FFF742FC3A4604F1C3
:102E400014012046FFF73CFC084B1A6832B1E389B5
:102E500043F480432046E381BDE8F0871C60F6E739
:102E6000F8410300B840030004420300081C00209E
:102E7000F8B50B68B3F902601F1DC389990719D40F
:102E8000002E19DD154643F002021B070446C281DD
:102E900002D4FFF77DFF50B92B4632463946204613
:102EA000FFF7A8FDE38923F00203E381F8BD6FF487
:102EB0007B70F8BD0248F8BD6FF47A70F8BD00BFB2
:102EC0000DFCFFFFF8B51F46C3899C071ED4002ADE
:102ED000154618DD0E46B1B143F002021B07044649
:102EE000C28102D4FFF754FF50B93B462A4631460F
:102EF0002046FFF77FFDE38923F00203E381F8BD5D
:102F00006FF47B70F8BD6FF47A70F8BD0048F8BDBF
:102F10000DFCFFFF10B50446002936D001291BD057
:102F2000022917D1E3895B0739D5E28C238D92B250
:102F3000934219D10221A089FDF710FFE38C94F888
:102F400024209BB20133B3FBF2F102FB1133E361A6
:102F5000FEF7A4F8238D07E0E3895A070FD5E28C2A
:102F6000238D92B29342F7D0216A94F82420C85C52
:102F70000133B3FBF2F102FB1133238510BD204670
:102F8000FFF78EFD0028EAD0E4E7C38959070BD587
:102F9000E28C238D92B29342E6D1064810BDFFF732
:102FA0007FFD0028C1D0D5E7FFF77AFD0028EFD0DC
:102FB000D0E700BF0CFCFFFFF8B51F46C389DC0754
:102FC0004DD4164643F00102C2815A0704460D460D
:102FD00034D51FBB002E1BDD013D10E094F82420EA
:102FE000236A0CF10101013713F80C30B1FBF2F048
:102FF000BE4202FB1011218505F8013F08D0E3898C
:103000005B0722D5E18CB4F828C089B28C45E5D1A4
:10301000E38923F00103E3813846F8BD012F20D175
:10302000002E1ADD013DAF1901212046FFF772FF86
:1030300005F8010FBD42F7D13746E9E7FFF730FD4C
:103040000028C6D06FF47B77E6E72046FFF728FD1F
:103050000028D7D0B4F828C0C0E70027D8E71F4F12
:10306000DAE7022FF9D1E38C228D9BB29A4288BF16
:1030700094F82410E38C8CBF11FA83F39BB29B1A53
:103080009E421CDDE38CA0899BB29A4288BF94F8D3
:103090002410E38C8CBF11FA83F39BB202219F1A98
:1030A000FDF75CFEE38C94F8242016FA83F3DB1B17
:1030B00093FBF2F102FB1133E361FDF7EFFF002E0A
:1030C000CBDD013DAF1902212046FFF723FF05F8B4
:1030D000010FAF42F7D137469AE700BF0DFCFFFF63
:1030E0002DE9F0411446083222F0070200AFADEBA3
:1030F000020D0E46621C002198460546684615F0F2
:1031000053FC4346224669463046FFF755FF0028E8
:1031100008DD02B26946284604F0F8FB2846BD46A1
:10312000BDE8F081284604F021FC2846BD46BDE8F4
:10313000F08100BF38B50C1E06DB0368DB6805466E
:10314000984700B9AC6338BD6FF47A7038BD00BFE2
:10315000C38913F0030F61D143F0030370B5044634
:10316000C38115460E460A4600F11001FFF7A8FA82
:1031700004F114012A462046FFF7A2FAA28E638EBC
:1031800092B29A4288BF94F83010A28E88BF5B1822
:1031900092B29B1A002B04DD236801219B68204614
:1031A0009847236800219B68204698472B681C4A53
:1031B0005B6C93422ED123682A461B693146204618
:1031C0009847236800215B6820469847A28E638E4B
:1031D00092B29A4288BF94F83010A28E86BF5B18D4
:1031E00092B292B29B1A002B04DD236801215B6826
:1031F00020469847A56B002D06DB23682946DB682F
:103200002046984700B9A563E38923F00303002013
:10321000E38170BD022128469847CCE701487047FA
:103220002DC300000DFCFFFF012A22D0022A38B571
:1032300004460D460BD0C38C90F8242011FA83F17C
:1032400091FBF2F302FB1311C161002038BD11465E
:103250008089FDF783FDE38C94F8242015FA83F32D
:1032600093FBF2F102FB1133E361FDF717FF00203E
:1032700038BD6FF47A707047012A0FD038B5144604
:103280000546183004F078FB022C01D0002038BD30
:10329000A8890121FEF776F8002038BD6FF47A7016
:1032A000704700BFC3895B0710B5044606D5E38CA1
:1032B000208D9BB2C01A18BF012010BDFFF7F0FB94
:1032C0000028F4D06FF47B7010BD00BF838E408E59
:1032D0009BB2013BC01A18BF01207047C389DA07AF
:1032E00012D4FF2918BF013110B543F00103044681
:1032F00018BFC9B2C38180F82410FFF7D1FBE3895E
:1033000023F00103E38110BD004870470DFCFFFF6F
:10331000C3899A0712D4FF2918BF013110B543F0B1
:103320000203044618BFC9B2C38180F83010FFF70A
:103330002FFDE38923F00203E38110BD00487047AD
:103340000DFCFFFF90F82400704700BF90F830009C
:10335000704700BFC38913F0010206D1C18C0185FB
:1033600023F00103C381104670470148704700BF36
:103370000DFCFFFFC38913F0020206D1418E818646
:1033800023F00203C381104670470148704700BF15
:103390000DFCFFFFC28C038D92B2934288BF90F860
:1033A0002410C28C8CBF11FA82F292B2D01A7047EC
:1033B000828E438E92B29A4288BF90F83010828EED
:1033C00086BF5B1892B292B2981A7047C08900F01B
:1033D00001007047C08900F002007047094B10B52A
:1033E00003F13802044603608260183004F042FAA8
:1033F000054AA260002304F10800E381FDF7C4F947
:10340000204610BD04420300B840030008B5C06860
:1034100003681B6B9847002008BD00BF08B5C06853
:1034200003689B6A9847002008BD00BF2DE9F04162
:10343000064614461D4607F0A7FCF768767C3B68F5
:1034400038469A6CD3F83C8090470A2C75F10005F9
:1034500038BF0A24021931463846C047BDE8F0415A
:1034600007F058BC70B5044607F08EFCE0680368AE
:103470009B6C9847D4E9083162686060821A9B1897
:103480002362A3681A4441F10001B2F57A7F6162B8
:10349000A26012D3D4E90631013341F10001581C76
:1034A000A2F57A720D4641F10001B2F57A7F1E460F
:1034B0000346F4D2C4E90665A260BDE8704007F097
:1034C00029BC00BF10B50446FFF7CCFFD4E90601C4
:1034D00010BD00BF2DE9F04F466B83B0002EBDF844
:1034E0003410BDF830B09DF838A001913CDDC46ABD
:1034F000074690469946002103E0B14204F11804C2
:1035000032D0258A0131002DF7D13846FFF7AAFFC6
:103510003B6A7A6A18EB030149EB0202BAF1000F29
:1035200027D153465046C4E90030019B63820F9B6C
:103530006361C4E90212A4F810B007F025FC3B6BEC
:1035400033B1D3E90202A168E3688142934105D215
:103550003C6342464B463846FFF768FF07F0DAFB0C
:10356000002003B0BDE8F08F6FF47B7003B0BDE8BE
:10357000F08F43464846D6E7F0B4456BC36A002156
:103580008D4282B001632DDD0A461C8A8CB109B3DD
:10359000D1E90276DC6801949C68BC42019CB4418C
:1035A00018D30132AA4203F1180308D01C8A002C58
:1035B000F0D10132AA4203F11803E6D191B1036AB6
:1035C0008A68D21A0A2AB8BF0A22D31702B0F0BCFE
:1035D000FFF72CBF0132AA420363194603F1180317
:1035E000D3D1EBE702B0F0BC704700BF2DE9F04F3C
:1035F000064689B061B1C468077C23682046DD6B4C
:103600009B6C9847384A0346394620461A44A847D7
:103610003046FFF727FFD6F834C06246002AF46A26
:1036200046DD0025A846012719E0D4E9009A59EAA9
:103630000A0B628A42D1336B4FF00000A342208212
:1036400043D0CDE900EC029704A803F01FFD726B94
:1036500008F101080135AA4204F1180425DD218A88
:103660000029F7D0D6F820E0A368D6F824C0E06897
:103670009E457CEB0009D8D26369DB07EAD5FDF7EC
:10368000FBFE60B1D6E90832184913EB010EA168C0
:1036900042F100007145E16871EB000018D3726BD4
:1036A0000135AA4204F11804D9DCB8F1000FB5D1F4
:1036B000304609B0BDE8F04FFFF75EBF13EB0903DA
:1036C00040EB0A00C4E90230BBE700233363B8E7EC
:1036D000CDE9003201230293052240F2FF3104A814
:1036E00003F0D4FCDBE700BF80969800A0860100C1
:1036F000084B1B6801465BB11A7C114111F00101B6
:1037000003D001211846FFF771BF1846FFF76EBFBF
:10371000704700BF101C0020416BC36A01EB4101E0
:1037200003EBC1018B424FF0000023D21A8AEAB1A9
:103730005A69D2071AD5C0B130B4D3E902428568BC
:10374000AC42C468A2410AD3183399420BD91A8AF1
:10375000002AF9D05A69D407F6D50028EDD11846C9
:1037600018339942F3D830BC704718461833994241
:10377000DCD87047704700BFF8B505460C4607F027
:1037800003FBE86803689B6C98476A682B6A68606B
:10379000821A9B182B62AB681A446B6AAA6043F1C9
:1037A0000003B2F57A7F06466B6212D3AB69E96912
:1037B000013341F1000C591CA2F57A7260464CF1BC
:1037C000000CB2F57A7F1F460B46F4D2C5E90670AD
:1037D000AA60E86803681B6B984707F09BFA002310
:1037E000C4E90063D5E90801F8BD00BF2DE9F8433D
:1037F000DDE908670546144607F0C6FA56EA0703EE
:103800002CD02B6A9B192B626B6A47EB03036B620C
:10381000304639464FF47A72002317F079FFAB69CE
:10382000C318E869AB6140EB0101A868E961104485
:10383000B0F57A7FA86010D3013341F100015A1C22
:10384000A0F57A700E4641F10001B0F57A7F1F466F
:103850001346F4D2C5E90676A8606C602846FFF7E7
:1038600001FE6B6BD5E9080703EB430EEB6A0A30E8
:1038700003EBCE0E4FF0000247F1000773452A63B9
:1038800013D331E08242B94101D2C3E902072A6B66
:103890003AB196689968D268DC68B14274EB02026A
:1038A00000D22B6318339E451ED91A8A002AF9D0FC
:1038B000D3E9004654EA060CD3E90221E2D0A2186B
:1038C00046EB0101824271EB070CE0D214EB020CD3
:1038D000904662468C4646EB0101824271EB070935
:1038E000F4D3C3E9028CD2E7E86803689B6C98477D
:1038F0000446E868094A0368297CDB6B2244984740
:103900002B6B33B1E868697C036804F10A02DB6B56
:103910009847BDE8F84307F0FDB900BF80969800CE
:10392000704700BF064B10B51C682CB12046FFF74E
:1039300099FDD4E9060110BD0020002110BD00BF93
:10394000101C0020064B10B51C682CB12046FFF758
:1039500089FDD4E9080110BD0020002110BD00BF81
:10396000101C002010B5094C246884B064B1019388
:10397000069B03930B4601210092029102462046CA
:10398000FFF7A8FD04B010BD0148FBE7101C0020A4
:1039900016FCFFFF70B50E4D2C68B4B12046FFF742
:1039A00061FD0C4B266A42F2107098472C68204645
:1039B000FFF758FD236A0849053B9B1B42F2107232
:1039C0000020B2FBF3F20A6070BD044870BD00BF76
:1039D000101C00202D0000200C1C002016FCFFFFF6
:1039E00070B5044616461E481E4A63740A230D46E7
:1039F0002060E160636301212674F0201460FDF70C
:103A000001FF00230022C4E90B030023C4E90623BD
:103A1000C4E908232B681449DA698A421AD1134A87
:103A2000EA603146124ADB6B28469847E068036833
:103A30005B6A9847E0680023A36003689B6C984723
:103A4000E36860601A681846936A9847FFF7A2FF18
:103A5000204670BD284605499047E5682B68E0E799
:103A600060420300101C002045A40000F136010054
:103A700080969800F8B5114E3468E4B1104B0546B5
:103A8000186890B92046FFF7EDFCD4E90837ED1827
:103A900047F1000734682046FFF7E4FCD4E9082327
:103AA000AA42BB41F6D30020F8BD05FB00F0054B50
:103AB00098470020F8E70448F8BD00BF101C00201C
:103AC0000C1C00202D00002016FCFFFF4FF47A7321
:103AD00003FB00F0FFF7CEBF064B1B68014613B196
:103AE0001846FFF749BE00220023C0E9002319460B
:103AF00010467047101C002010B5084C246882B096
:103B00004CB1CDE9002302460B462046FFF76EFE7E
:103B1000002002B010BD0248FBE700BF101C0020CF
:103B200016FCFFFF084B1B685BB110B50446184636
:103B3000FFF7F2FD20B1D0E90223C4E90023012000
:103B400010BD1846704700BF101C0020C3880D4AE6
:103B500023F4005310B504460260C3802C3003F0F8
:103B6000F7FA04F1240003F085FE04F11C0003F0D1
:103B700081FE054A226000232046E380FCF704FE14
:103B8000204610BD70420300B8400300C3880F4AAE
:103B900023F4005310B504460260C3802C3003F0B8
:103BA000D7FA04F1240003F065FE04F11C0003F0D1
:103BB00061FE074A22600023E3802046FCF7E4FD13
:103BC00020461CF0F0FF204610BD00BF70420300ED
:103BD000B8400300F8B50025144B03600446456067
:103BE0000F461646FCF762FD114B2360A76004F1F7
:103BF0000C0003F08DF904F11C0003F0B7FE04F192
:103C0000240003F0B3FE04F12C0003F0E1FA4FF4BA
:103C1000405384F822502563A680E3802575C4F8BC
:103C20001650258425852046F8BD00BFB840030006
:103C3000704203002DE9F0410446806884B0012100
:103C4000103003F0ABFC94F92230042B06DCE2695F
:103C5000B4F92010B2F902208A421CDC01335DB2B3
:103C6000A06884F822500368DB69984701308542D8
:103C700002D004B0BDE8F081E169B4F9203000223F
:103C800084F82220B1F90210994233DD01332384F4
:103C900004B0BDE8F08104F11C0003F08FFE04F1D4
:103CA0000C050146284603F045F9064688B394F909
:103CB0002230A068C3F1040301279F400368DB6939
:103CC000984700F1FF38FFB2013E00255FFA88F8FF
:103CD00016F8013F1F4205D10135052DF8D194F9A1
:103CE0002230BBE7A068FF232AB24146103003F020
:103CF00045FBF1E70123A188227568461A4603F0C7
:103D00009FF901231A4640F2FE31684603F098F904
:103D1000AFE72021284603F00DF90646C7E700BFAC
:103D200030B5436AB0F92810B3F9023085688B4288
:103D300085B0044605F1100510DC202100231A4649
:103D4000284603F0E1FB626AB4F92830B2F9022098
:103D50009A4208DB0133238505B030BD243003F0DF
:103D60002DFE0146EAE701230022A188227568465C
:103D70001A4603F065F901231A4640F2FE316846FF
:103D800003F05EF905B030BD10B50446806886B01A
:103D9000103003F0E9FAA068B4F930200023009352
:103DA000103004F12C0103F017FB10B994F83330F4
:103DB00053B994F932303BB1218E01220B44238652
:103DC00084F8332006B010BD01230022A18822759B
:103DD00002A81A4603F034F901231A4640F2FE31D4
:103DE00002A803F02DF906B010BD00BF30B504469F
:103DF0008068B4F93050036887B0DB699847E36A9C
:103E000094F932105B88CB1A03449D4202DC94F88B
:103E100033307BBBB4F93020002A12DCA0680023C9
:103E20000093103004F12C0103F0D6FA94F93220FB
:103E30007AB1218E01230A4484F83330228607B0F8
:103E400030BDA0684942103003F0A8FBB4F930201F
:103E5000E4E70123A188227502A81A4603F0F0F8CE
:103E600001231A4640F2FE3102A803F0E9F894F962
:103E70003220DEE7237D062B10D001230022A1880B
:103E8000227502A81A4603F0DBF801231A4640F215
:103E9000FE3102A803F0D4F807B030BDA06810309E
:103EA00003F062FAE9E700BF037DFBB110B5038BB5
:103EB000C28A04339BB29A4284B00446038313D867
:103EC000037D0022022B028327D0237D032B2BD0DE
:103ED000237D042B24D0237D052B08D0237D062BA6
:103EE00005D0237D072B08D004B010BD70472046B5
:103EF000FFF77CFF237D072BF6D101230022A18849
:103F0000227568461A4603F09BF801231A4640F2D0
:103F1000FE31684603F094F8E6E7FFF78BFED4E73E
:103F20002046FFF731FFD6E72046FFF7F9FECFE73F
:103F3000FFF7BABF10B5037D84B0044633B9A0685B
:103F4000103004B0BDE8104003F00EBA0123002287
:103F5000818802751A46684603F072F801231A46F2
:103F600040F2FF31684603F06BF8E8E70B4609685A
:103F70004988012970B5044614D0002A154624DD6D
:103F8000027D12B1027D012A1DD100261946268527
:103F900004F1240003F0F0FC0323E582268323755B
:103FA000002070BD0021184603F008FD237D014666
:103FB00013B1237D012B06D1A06800231A461030CF
:103FC00003F0A2FAECE7024870BD6FF47A7070BD9E
:103FD00012FCFFFF70B582B0079D002D1ADB04466E
:103FE000007D10B1207D012812D1069EA068F6B296
:103FF0001BB212B21030009603F0EEF915B9002092
:1040000002B070BD00220723E58222832375F6E704
:104010000248F5E76FF47A70F2E700BF12FCFFFF89
:1040200070B5161E82B046DD037D04460D4623B9E9
:1040300009E0FDF7A7F9237D2BB1237D01218B42F8
:1040400040F2FF30F5D1237D03F0FF01002B35D185
:104050002B685B88012B1ED0294601A803F07CFC4D
:10406000324601A92046FFF781FF01A803F002FCB8
:1040700001210720FDF786F9124B984207D0002056
:1040800002B070BD237D012BF9D006F0B1FE237D77
:10409000002BF7D1F3E7284603F090FC237D01467F
:1040A00013B1237D012B0BD1A06800231A461030D9
:1040B00003F02AFAE3E76FF47A70E1E70248DFE7FA
:1040C0000248DDE716FCFFFF11FCFFFF12FCFFFFBB
:1040D00070B5161E15DD037D044613B1037D012B5B
:1040E0000DD1002584F82250258404F11C0003F032
:1040F00043FC0223E68225832375284670BD0248CF
:1041000070BD6FF47A7070BD12FCFFFF70B5161EA3
:1041100082B041DD037D04460D4623B909E0FDF779
:1041200031F9237D2BB1237D01218B4240F2FF30F9
:10413000F5D1237D73BB294601A803F00DFC237D37
:1041400013B1237D012B0CD1002584F82250258446
:1041500001A904F11C0003F00FFC0223E682258371
:10416000237501A803F086FB01210720FDF70AF95A
:104170000B4B984202D0002002B070BD237D2BB9BA
:10418000F9E706F035FE237D002BF4D0237D012BCB
:10419000F7D1F0E70348EFE76FF47A70ECE700BF80
:1041A00016FCFFFF11FCFFFF2DE9F843161E089DCA
:1041B00033DD1F46037D044689460BBB15F1FF0F17
:1041C000C7F1000821D02DB24946258684F83280F7
:1041D00004F12C0003F0B8F80023099A84F8333076
:1041E0009F4218BF37469A4208BF052106F1FF32A9
:1041F00018BF062118462175E7822283BDE8F8839F
:10420000037D012BDAD00648F8E7A0680368DB6974
:10421000984700EB08052DB2D6E76FF47A70EDE70A
:1042200012FCFFFFF0B5151E85B03BDD1E46037D79
:1042300004460F4623B90AE0FDF7A4F8207D30B10B
:1042400094F814C001218C4540F2FF30F4D1237D55
:1042500033BB394603A802F0E7FF0B9B01930A9B8F
:1042600000932A46334603A92046FFF79DFF03A883
:1042700002F06EFF01210720FDF784F80B4B9842F6
:1042800002D0002005B0F0BD237D2BB9F9E706F080
:10429000AFFD237D002BF4D0237D012BF7D1F0E778
:1042A0000348EFE76FF47A70ECE700BF16FCFFFFFE
:1042B00011FCFFFF10B5054B036003F1300204460B
:1042C000C260FDF7CBFB204610BD00BF9442030047
:1042D00010B5064B036003F130020446C260FDF7DF
:1042E000BDFB20461CF05FFC204610BD944203003D
:1042F000C388DB0423D530B5036889B05B6A044604
:104300009847237E70B10B2B12D80133DBB2082BF8
:1043100023760DD8E288012B02F0010113D951B99F
:1043200009B030BD63B1013BDBB2082B2376F1D974
:10433000E288D10732D5930719D509B030BD70474F
:10434000E28802F001010029F7D022F00302E280A6
:10435000A18801230222684602F072FE657E012DCB
:104360002DD0E28802F001010029D9D0E3E7FFF760
:10437000D9FA636940F2DC52C01A61F1000190423F
:1043800071F10001D9D3E388A18843F00203E380EF
:104390000522012304A802F053FECEE7012342F0D8
:1043A0000102A188E28004A81A4602F049FE23898E
:1043B00001332381FFF7B6FA237E6061AAE7FFF796
:1043C000B1FA62690B46801A63F10003B0F57A7F97
:1043D00073F10003A1882B462CBF0422032204A8FA
:1043E00002F02EFEBDE700BF38B5C36900F10C0531
:1043F0000446D868A8421CD020B102681946136848
:104400009847E369A17E1868DA88DD600129456C68
:104410000C4916BF22F4807242F4807292B28D422F
:10442000DA800AD1E08840F40050E08000F001001A
:1044300038BDE08800F0010038BD94F8201018461F
:10444000A847EFE72DC3000038B5044600F10C057E
:1044500028460121FEF732F9E0690A4A03685B68E1
:1044600093420CD16FF47D73A47EE41AB4FA84F401
:10447000284600216409FEF721F9204638BD9847F7
:104480000346F1E7F9B3000038B5C388027C23F492
:1044900000530025C380CD6072B10368094A9B694F
:1044A000934204460AD1084B03603033C360FDF7E2
:1044B000D5FA20461CF077FB002038BD9847002035
:1044C00038BD00BFD14201009442030030F8063CE1
:1044D000027910B523F40053002420F8063CCC6088
:1044E00092B150F80C3C0B4A9B699342A0F10C042A
:1044F0000CD1094B40F80C3C303303602046FDF7EB
:10450000ADFA20461CF04FFB002010BD2046984716
:10451000002010BDD142010094420300F0B50446D2
:1045200085B049B1C388002223F00303C380028110
:104530000276002005B0F0BDC369DB889B05F8D585
:1045400003681B4A5B6A934213D100F10C063046A4
:104550000D460121FEF7B2F8E069164A03685B6870
:1045600093421BD130462946FEF7A8F8002005B03B
:10457000F0BD98470028DCD0E2880123032142F0F7
:1045800001022176E280A1881A46684602F058FDB1
:1045900001232381FFF7C6F96061CAE798472946DE
:1045A000A57E07463046FEF789F8BD42E4D0C0E755
:1045B00049440100F9B300002DE9F84304460F46D1
:1045C00016461D469DF820809DF82490FDF730FA90
:1045D0000A4B23603033E3600023E76184F82090C6
:1045E000A680657684F81A8020462382636123764C
:1045F000FFF7FAFE2046BDE8F88300BF94420300AF
:104600004176704730B50446406885B000220023EB
:10461000CDE9002302680223156922686946A8478C
:10462000184B009A9A4202D1019805B030BD154A44
:10463000A0680023CDE90023E8B14FF48072002187
:1046400014F0B2F99DE8030002AA82E803001346C1
:1046500003CBA26810605160D4E9001003689B6925
:104660009847D4E90102056821686C694023A04796
:10467000019805B030BD4FF48070FDF763F8A0607D
:10468000DBE700BFA10D0C00F8B50023161E836008
:1046900004460B6841600D460FDB08461B689847CF
:1046A0002B6807469B682846984706FB00702060E9
:1046B0002046FFF7A7FF2046F8BD08465B689847ED
:1046C0002B6807469B682846984706FB10702060B9
:1046D0002046FFF797FF2046F8BD00BF2DE9F047C1
:1046E00080468946FFF78EFF60B307463020D8F832
:1046F00000401CF05AFA30220021064614F054F90A
:10470000002F04F1080417DD002504E00135AF4255
:1047100004F1300413D0D8F8040001680C23D1F858
:1047200010A022463146D04731464846EBF7D8FD27
:104730000028EBD1AF4202D03046BDE8F0873046CA
:104740001CF031FA00263046BDE8F0872DE9F04F25
:104750000446A7B008460D4691461F46EBF750FDAC
:1047600000F10108B8F1100F00F2F580202F00F2DF
:10477000F28029462046FFF7B1FF064648B13A4687
:104780004946103011F08AFF002874D030461CF0E2
:104790000AFA4246294602A811F0E6FE49463A4680
:1047A00006A811F0E1FE2046D4F80090FFF72AFF9A
:1047B0003022804600210EA814F0F6F8A0680028E8
:1047C00000F0C0804FF48072002114F0EDF8B8F1D1
:1047D000000F40F3BD80002708251AAE01976068DE
:1047E00002680C23D2F810A00EA905EB0902D047ED
:1047F00002A90EA8EBF774FDA36800283FD00DF1C5
:10480000380E03EB050ABEE80F00B446ACE80F0013
:10481000BEE80F00ACE80F009EE80F008CE80F0028
:10482000B346DC46BCE80F00CAF80C3026AB9C450A
:104830000AF1100A0BF1100B4AF8100C4AF80C1C84
:104840004AF8082CEDD10137B84505F13005C6D13D
:10485000019A002A48D0D4E9001003689B69984760
:10486000D4E90102056821686C694023A047002053
:1048700027B0BDE8F08F30461CF095F9F7E7394ACC
:10488000CDE91A28324603CA18605960A3680DF1B1
:10489000080E03EB050ABEE80F00B446ACE80F00B3
:1048A000BEE80F00ACE80F009EE80F008CE80F0098
:1048B000B346DC46BCE80F00CAF80C3026AB9C457A
:1048C0000AF1100A0BF1100B4AF8100C4AF80C1CF4
:1048D0004AF8082CEDD101370123B845019305F1C1
:1048E00030057FF47CAFB3E7B8F1050F36D008EBA5
:1048F00048021201083208F101031B93194B1A9365
:10490000334603CBA76838607960A76802AD1744C7
:104910000FCDB4460FC60FCD0FC695E80F0086E841
:104920000F0065460FCDFB6026AB9D4207F11007D7
:104930000CF1100C47F8100C47F80C1C47F8082C29
:10494000EFD188E74FF48070FCF7FCFEA06039E7F8
:1049500008221AAECFE76FF47A7089E76FF47B70A4
:1049600086E700BFA10D0C0003681B6B184700BF52
:1049700001892DE9F0414FF47A76044606FB01F1F6
:104980002148FDF70DF8214BA17AA3FB00239B09D9
:1049900023811F48FDF704F8656CA0722B68B4F8FA
:1049A0004C805F6AE38813F4807320D14146284627
:1049B0002022B84728BB606C016810234D6AB4F808
:1049C0004C102222A847E0B9656CA17A2B681048E8
:1049D0005E6AB4F84C40FCF7CBFF60F07F03DBB2BB
:1049E000232221462846B04758B9BDE8F0812189E5
:1049F000054806FB01F1FCF7BBFF40F00703DBB203
:104A0000D4E70448F1E700BF08430300D34D621028
:104A1000584303000EFCFFFF10B5034B0360044630
:104A2000FDF74EFA204610BDD042030010B5054BED
:104A300003600446FDF744FA20461CF0B4F8204613
:104A400010BD00BFD042030008B5C288034641B97B
:104A5000900504D522F4007242F48042DA800020EE
:104A600008BDD105FBD5016822F4824242F40072F0
:104A7000C96AC2808847002008BD00BFF0B5C3885E
:104A8000DA0585B005463BD4026843F48243D26A16
:104A9000C38090470127324EA86C0268C4795268DF
:104AA000E443B2424FF0000304F0010423D19C42DE
:104AB0004FF027020BD1686C95F84C1003681B6B04
:104AC000984710F0080006D11FB905B0F0BD002FBF
:104AD00042D00127E0E7686C012106220368CDE996
:104AE0000021A822DC6AB5F84C1002ABA04748B1FF
:104AF0001C4805B0F0BD9047B0FA80F35B09D6E7DB
:104B00000027C8E7BDF90830BDF90A20BDF90C102F
:104B1000A87A002BB8BF1F33002AB8BF1F3252112A
:104B20000029ADF80A2010FB02F24FEA6313C2F12C
:104B30000002B8BF1F314911ADF80830AA6110FB5F
:104B400003F32A68ADF80C105B4210FB01F0EB6137
:104B5000536B286228469847002005B0F0BD00BF7F
:104B6000F9B300000EFCFFFFF8B504460E461546EB
:104B70001946BDF81C20BDF81870FCF7AFFF064BB6
:104B800023600023C4E91165E380A4F84C7020463B
:104B9000FFF7EEFE2046F8BDD042030008B50368DB
:104BA0000F221B6BC9B29847A0F13300B0FA80F016
:104BB000400908BD03689B6A184700BF018938B5E2
:104BC0004FF47A75044605FB01F11548FCF7E8FE41
:104BD000144BA3FB00239B0999B205FB01F1238130
:104BE0000F48FCF7C5FEC3B2A06CE2880168D2058D
:104BF0004D6AB4F8501058BF43F003036022A84731
:104C000058B9A06CE3880268B4F85010546AC3F332
:104C100000236222A04700B938BD034838BD00BF59
:104C2000B8430300D34D62100EFCFFFF10B5034BD9
:104C300003600446FDF76EFB204610BD8843030069
:104C400010B5054B03600446FDF764FB20461BF0DE
:104C5000AAFF204610BD00BF8843030008B5C288E4
:104C6000034641B9900504D522F4007242F4804213
:104C7000DA80002008BDD105FBD5016822F482420C
:104C800042F40072C969C2808847002008BD00BF95
:104C9000F0B5C388DA0585B005463AD4026843F416
:104CA0008243D269C38090470127284EE86C02688E
:104CB000C4795268E443B2424FF0000304F00104A7
:104CC00022D19C424FF067020BD1A86C95F850108E
:104CD00003681B6B984710F0080005D117B905B0A1
:104CE000F0BD87B30127E1E7A86C01210622036824
:104CF000CDE90021E822DC6AB5F8501002ABA047EC
:104D000048B1134805B0F0BD9047B0FA80F35B0995
:104D1000D7E70027C9E7BDF90C30BDF80A10BDF888
:104D200008204FF66A7003EB830311FB00F112FBBE
:104D300000F2C3EB031328685B00C46AEB63C5E9A8
:104D40000D122846A047002005B0F0BDF9B30000C1
:104D50000EFCFFFFF8B504460E4615461946BDF891
:104D60001C20BDF81870FDF705F9054B2360C4E958
:104D70001265A4F850702046FFF720FF2046F8BDCA
:104D80008843030082B08DE80C00014802B07047F0
:104D900016FCFFFF002070470029806903DD10B179
:104DA0000139406AFBD1704782B010B58C4684B09F
:104DB00049688646DCF800000DF1080CACE80300F9
:104DC00006A981E80C00DDE90243DA070EEB630C6B
:104DD00003D55A105EF802301C5908AB93E8030063
:104DE0008DE8030006AB0CCB6046A04704B0BDE8DD
:104DF000104002B0704700BF002979D0F0B5846937
:104E000085B006460D463CB969E0A3889B0708D5E6
:104E100091421BD0646A24B3AB8821682A68980742
:104E2000F3D49142F6D1A268AB689A42F2D1EA6813
:104E3000E3689A42EED1B4F90420A388002A02DA8A
:104E4000C3F30E03A3802C4805B0F0BDA968A06889
:104E500002F03AFE0028DDD0EA68E3689A42D9D130
:104E6000E9E7B7692A88002F3AD038463B4600E088
:104E70000B461988914216D2596A18460029F7D173
:104E80009F420AD0596A69625D62012340F2FD3196
:104E9000684602F0D5F80020D6E7398891421AD941
:104EA0006B62B561F1E71946034607E048886C88F4
:104EB000A042E5D2486A0B4630B1014608889042CC
:104EC000F4D09F42DED1E8E78F42DBD14B88A3428A
:104ED0000B46D7D9E4E7D5D16C883946F6E70A887E
:104EE000B561012340F2FD31684602F0A9F8D2E72E
:104EF0006FF47A70704700BF16FCFFFF002940D0A6
:104F000070B5846984B0002C38D00D46002605E0C9
:104F1000A268AB689A420DD0646A34B3AA88A388A9
:104F200053409907F8D49207F2D5A968A06802F017
:104F3000CBFDF8B12B8813B122889A42ECD16B8853
:104F400013B162889A42E7D1A38822886FEA43436B
:104F50006FEA5343A3804FF47F71012368461E44D8
:104F600002F06EF8646A002CD8D1002E06DD2046CF
:104F700004B070BDAB889B07CED4C9E76FF47A70DC
:104F8000F6E76FF47A7070472DE9F04183885D078A
:104F900082B0064603D59C062ED4D80639D443F0F9
:104FA0000403B38006F1100506F1180815E0F76850
:104FB0000097A047B388DA061BD5346ACCB194E8D1
:104FC0000F00D4F810C085E80F00C6F820C02046B6
:104FD0001BF0E9FDFCF762F8B388B46899070ED4BA
:104FE00013F0010F95E80F00E1D1A047B388DA066E
:104FF000E3D423F00403B38002B0BDE8F08198E865
:10500000030095E80C008DE80300204602F040FD07
:10501000D0E706F1180393E8030006F110030CCB68
:105020008DE803003046FCF763FCE5E730B51B4B29
:105030008DB003F120020446C260036006A802F0AE
:105040004DF80F23182002931BF0AFFD144A0025E2
:10505000CDE900250246034642F80C4BC560556079
:105060006A46CDE9040503CA0E4A5A615860996040
:105070002046122302A9ADF80C30CDE90A55FFF7FE
:105080003DFF02A8FCF728FC074BE36004F10C008D
:105090006582FBF779FB20460DB030BD004403006C
:1050A0000D530100A94D0100B8400300A0F10C0010
:1050B000FFF7BCBF10B50446FFF7B8FF20461BF052
:1050C00072FD204610BD00BF10B5A0F10C042046B3
:1050D000FFF7ACFF20461BF066FD204610BD00BF69
:1050E00070B5264B264A002582B004460260C0E90E
:1050F000025305610C30FBF7D9FA224B236003F110
:105100002002E260C4E9065528202562E5841BF0F0
:105110004CFD0646103001F0E1FF1B4B33601820B8
:105120001BF043FD194A00920246019542F80C4BD0
:10513000C56055606A460346C6E9020503CA144ABB
:10514000586099605A61C223C6E908553146204625
:10515000B380FFF751FE48B90E4B1A6812B12046D2
:1051600002B070BD20461C6002B070BD3046FCF736
:10517000B3FB30461BF017FDEEE700BFB84003005D
:10518000E8430300004403000F0002000D53010038
:10519000A94D01001C1C00202DE9F04184691CB3BD
:1051A0004FF0000807464646A3881A042546646A5D
:1051B00005D42E46002CF7D14046BDE8F0815B07B0
:1051C000F7D47EB17462BB680BB128469847284675
:1051D000FCF782FB28461BF0E6FC08F10108002CD6
:1051E000E2D1E9E7BC61EEE7A0464046BDE8F081C8
:1051F000F8B58469002C43D00D46164601270CE013
:10520000A38803F0C003A3F1C003B3FA83F35B09DF
:10521000B34215D00027646A3CB323882988994299
:1052200001D0002BF7D163886A889A4201D0002B05
:10523000F1D1FBF78BFD0028E2D10123B342E9D184
:10524000B4F90430B4F804E0002BE3DB95E80F0078
:1052500004F1100C1EF0400F8CE80F0007D0204620
:10526000FFF792FE646A002CD7D13846F8BDFBF7F1
:105270006DFD0028F3D021460348FBF7F5FFCAE790
:1052800001273846F8BD00BF894F0100F0B5012263
:1052900083B0076A04460D46FFF7AAFF10B9E38CF6
:1052A000092B01D903B0F0BD18201BF07EFC05F1DD
:1052B0000803064693E803008DE80300304695E8AE
:1052C0000C0001F031FF05F05FFD67B13B69336110
:1052D0003E6133695BB1E38C0133E38403B0BDE825
:1052E000F04005F017BDE3693361E661F2E726623D
:1052F000F1E700BF82B008B502A9C1E90023FFF7BA
:10530000C5FFBDE80840002002B0704782B038B544
:10531000044604A981E80C00FFF73EFF05F034FDC8
:10532000E5691DB3E38C2A69E261013B9BB212B3CC
:10533000E38405F0EFFC04E0E38C013BE38405F03B
:10534000E9FC002229462046FFF752FF28461BF0C1
:105350002AFCFBF78BFD80B105F016FDE5692DB148
:105360002B69E361002BE7D12362E5E7BDE8384014
:1053700002B005F0CFBC2262DAE7BDE8384002B0E7
:10538000704700BF024B1888421C1A80704700BF4C
:1053900056020020C08800F00300A0F10300B0FA1C
:1053A00080F04009704700BF82B010B58C4684B0D1
:1053B00049688646DCF800000DF1080CACE80300F3
:1053C00006A981E80C00DDE90243DA070EEB630C65
:1053D00003D55A105EF802301C5908AB93E803005D
:1053E0008DE8030006AB0CCB6046A04704B0BDE8D7
:1053F000104002B0704700BF10B5034B0360044675
:10540000FCF72CFB204610BD4444030010B5054BAF
:1054100003600446FCF722FB20461BF0C4FB204639
:1054200010BD00BF444403002DE9F04F83B0DDE917
:105430000CABBDF83870002B43D080460E46914629
:105440001D46BAF1000F3FD00F2E01D1C02F38D129
:1054500028201BF0AAFB0446103001F03FFE2680F6
:10546000A4F8029018201BF0A0FB0346CDE900AB86
:1054700043F80C5B0021C16059606B460246E16055
:10548000A06003CB124B5060916053610022002357
:10549000C4E90823D8F800300E4A5B6847F00207D9
:1054A0009342A78008D12046FCF716FA204603B0A5
:1054B000BDE8F04F1BF077BB2146404698470028D7
:1054C000F1D103B0BDE8F08F1BF0010FBCD1F8E7BC
:1054D000A95301004DA4000082B070B588B00CA99A
:1054E00081E80C004689BDF83050BDF83230B54235
:1054F000044616D0022B27D0052B55D0012B0BD1FB
:10550000A389AB4203D1E38843F00203E380E3883D
:1055100003F00103002B74D108B0BDE8704002B065
:105520007047022B86894CD0052B2BD0012BF3D151
:10553000C288B54242F00103C38000F0C18003F08D
:105540000203002BE8D05CE0C388DB0763D4A389A7
:10555000AB4200F08180A37B012BDDD1012303222C
:10556000294604A801F06CFD6389A2899D423ED1C1
:105570009542E38834D023F001039BB223F0140357
:10558000E380C9E7C288B54242F00403C38000F05B
:105590009B8003F00803002BBED0A18801230522C5
:1055A00004A801F04DFDB7E78389AB4203D1E3883E
:1055B00043F00803E380E38803F00403002BABD03F
:1055C000EBE7AE4200F08480E38803F0020313BBF4
:1055D000E388D80602D4A27B012A4AD0AE42CAD1BF
:1055E00023F003039BB223F01C039BB205E095421A
:1055F00092D1E38823F00A039BB223F02003E380D7
:105600008AE701231A46A18804A801F019FD23891D
:105610000133238180E70123A1880222684601F03B
:105620000FFD63899D422FD0A289AA4241D0A18853
:105630000123032204A801F003FD6389B34203D1CF
:10564000E28842F01002E280A289B2428ED1E18863
:1056500041F02001E18089E7E288910602D4A37B32
:10566000012B0ED0B5421346C4D122F0020293B2F0
:10567000B9E703F00402002A3FF470AF01230422CB
:105680006EE702F00802F6E7E28802F00401002962
:10569000CDD0B34211D0A389B342C8D102F00802E1
:1056A000002AC4D0A1880123042204A801F0C8FC68
:1056B000C3E7E28802F00801E9E702F00402EFE73D
:1056C00042F00302C28022E742F00C02C28072E77D
:1056D000E38803F001037AE72DE9F047DFF87C90D7
:1056E00086B004461F460E461546FCF7A1F9D9F8C8
:1056F00000C0184B23604FF00008A7806681A58189
:1057000084F80E80BCF1000F1FD0134B04934FF0B0
:10571000C00ACDF8148004AFCDF808A097E80300C4
:1057200023468DE80300424631466046FFF77CFE83
:10573000CDF808A097E803008DE803004246D9F8A9
:10574000000023462946FFF76FFE204606B0BDE85D
:10575000F08700BF44440300D95401001C1C002002
:1057600081737047C3889A0610B5044608D4406A0E
:1057700003682146DB699847E38843F02003E38010
:10578000DB0606D4D4E90A309842B4BF00200120D9
:1057900010BD002010BD00BF10B50446406A074B85
:1057A0000168236003F130020B6AE26021469847EA
:1057B0002046FEF77FFD204610BD00BF6C4403006D
:1057C00010B50446406A084B0168236003F13002BB
:1057D0000B6AE260214698472046FEF76BFD2046A3
:1057E0001BF0E1F9204610BD6C440300F0B5002623
:1057F00083B01D46174601230A89CDE90066044699
:10580000FEF7DAFE0B4B23603033C4E90A566762B9
:10581000E3602046FFF7A6FFB54207DAE3884FF4BE
:10582000FA72C4E90A6243F01003E380204603B031
:10583000F0BD00BF6C44030038B5044600F10C0510
:1058400028460121FCF73AFFE0690A4A03685B68D1
:10585000934207D128466FF47D740021FCF72EFF98
:10586000204638BD9847002104462846FCF726FF0D
:10587000204638BDF9B3000070B5044600F10C06AF
:1058800030460D460121FCF719FFE069094A03681B
:105890001B68934205D130460021BDE87040FCF7FB
:1058A0000DBF2946984730460021BDE87040FCF7FF
:1058B00005BF00BF25C300001F4AB0F806C04B005B
:1058C00030B51CF0100F82FB034E4FEAE373C3EBBD
:1058D0006E130BD14FF0620C0CFB01F182FB014205
:1058E000C917C1EB62111944C16230BD826AF2B9B5
:1058F0006222114C02FB01F184FB015EC26AC917EE
:10590000C1EB6E11013A1944C2628162002AECD1E6
:1059100001EB810384FB0324DB17C3EB6413023127
:105920000B442CF0100C8362A0F806C030BD9142ED
:10593000B8BF1146DCE700BF1F85EB5110B5044628
:10594000FEF7A2FD606A036821461B6A9847E38858
:1059500023F020030020E38010BD00BF38B50446CB
:10596000A0F10C052846FEF78FFDA06903682946C3
:105970001B6A984734F8063C23F02003002024F8E3
:10598000063C38BD30B4456B002D16DD8446021D43
:10599000002302E00133AB420FD052F8044F8C4297
:1059A000F8D16A1C02335CF82220013DCCF8345057
:1059B000002030BC4CF8232070476FF47A7030BC64
:1059C000704700BF82B010B58C4684B049688646E7
:1059D000DCF800000DF1080CACE8030006A981E832
:1059E0000C00DDE90243DA070EEB630C03D55A1015
:1059F0005EF802301C5908AB93E803008DE8030001
:105A000006AB0CCB6046A04704B0BDE8104002B026
:105A1000704700BF38B5456B0A2D1CD0002D844659
:105A200008460EDD0CF10402002301E09D4208D07F
:105A300052F8044F844203F10103F7D16FF47A70F6
:105A400038BDAB1C01354CF82300CCF83450FFF7BF
:105A5000F3FE002038BD6FF47B7038BD82B02DE9B5
:105A6000F04708A981E80C00426B002A804619DD46
:105A7000324F051D0024012604E00134A24283F8C0
:105A800030600FDD55F8043FD8690168896CB94270
:105A9000F3D08847D8F834202B680134A24283F829
:105AA0003060EFDC0120FBF7BBFFD8F83000DFF8F7
:105AB00090A003681B68534537D10026D8F83420DE
:105AC000B146002A27DD002408F10405274602E03C
:105AD0000134A2421ADD55F8040F90F83030002B43
:105AE000F6D0FFF7A9FE2A6801283146104602D0F9
:105AF000936AB34203DC82F83090FFF7DDFED8F8FA
:105B000034200134A24207F10107E4DC164417B146
:105B1000B6F57A7FD5DDD8F8300003681B685345A9
:105B200006D1BDE8F04702B0704701219847C4E7AD
:105B3000BDE8F047002102B0184700BFED56000055
:105B400025C30000F0B5214B1D68214B8DB00446E4
:105B500003606DB306A80126A78801F0BFFA1820DC
:105B6000ADF80A60ADF808701BF01FF8242102465A
:105B700001960091EC4603460490BCE8030042F80D
:105B80000C4B0026DE6056605860996000200021B2
:105B9000CDE90A011222ADF80C202A680596926818
:105BA0000C490D4858618A420CD102A8FBF794FEBB
:105BB0000A4A226000232046E380FAF7E5FD2046EA
:105BC0000DB0F0BD614628469047EEE71C1C002052
:105BD000A844030055A40000C5590100B8400300C3
:105BE00010B50446FFF7AEFF20461AF0DCFF204652
:105BF00010BD00BF70B5074B00250446C0E9003555
:105C00000E46FAF753FD044B23602563A6806563B7
:105C1000204670BDB8400300A84403000020704730
:105C2000704700BF704700BF0020704700487047B2
:105C300016FCFFFF002070474160704740687047C6
:105C40000048704716FCFFFF704700BFC1607047F7
:105C5000C068003818BF0120704700BF0023C36030
:105C6000704700BF006903681B6918470069036833
:105C70005B691847006903689B6918470346006918
:105C800059600368DB691847C06810B103681B6876
:105C900018470148704700BF12FCFFFFC06882B080
:105CA0008DE80C0018B1036802B01B68184702B0F9
:105CB000704700BFC160704710B5044601F006FD93
:105CC000204610BD10B504461AF06DFF204610BDE9
:105CD00010B5054B036003F13802044682601830AA
:105CE00001F022FD204610BD5445030010B5074BBE
:105CF000036003F1380204468260183001F014FD9D
:105D000020461AF050FF204610BD00BF5445030046
:105D100082B010B58C4684B049688646DCF8000035
:105D20000DF1080CACE8030006A981E80C00DDE9E0
:105D30000243DA070EEB630C03D55A105EF802300B
:105D40001C5908AB93E803008DE8030006AB0CCBAD
:105D50006046A04704B0BDE8104002B0704700BFE5
:105D60004B7F10B504462BB109690B681B68984737
:105D7000204610BD0B77183101F0CCFC204610BD39
:105D800030B5457F85B004463DB1C068E8B10368D1
:105D90001B6805B0BDE83040184701690B686846CC
:105DA0001B689847694604F1180001F0C5FC684675
:105DB00001F0BAFC0123A28A2377684640F2FF3142
:105DC00001F03EF9284605B030BD0148FBE700BFB1
:105DD00012FCFFFFA0F10800FFF7D2BF406810B12E
:105DE00003681B6818470148704700BF12FCFFFF9B
:105DF00038B50B4B0A680446002503F13800526899
:105E00002360C4E90351A060084604F108019047EB
:105E10002069656003682946DB699847204638BDDC
:105E20001045030038B5124B0A680446002503F1FB
:105E3000380052682360C4E90351A060084604F1A9
:105E4000080190472069656003682946DB69984727
:105E5000084B236003F13802A26004F1180001F03E
:105E600035FC4FF48073A582A383204638BD00BF64
:105E70001045030054450300417741B92DE9F04135
:105E8000858A82B004461DB102B0BDE8F08170473A
:105E9000FFF778FA204BA082D3F800800746B8F1CC
:105EA000000FF1D028201AF080FE0646103001F0D5
:105EB00015F940F2FF333380778018201AF075FE11
:105EC000164A00920246019542F80C4BC560556097
:105ED0006A460346C6E9020503CA114A586099603A
:105EE0005A6100220023C6E90823D8F800300D4A81
:105EF0005B6812219342B18008D13046FBF7ECFC7D
:105F0000304602B0BDE8F0411AF04DBE3146404681
:105F100098470028B8D0F0E71C1C00209D5C0100C9
:105F2000115D01004DA4000010B50549054A8160CE
:105F3000002304460260C380FAF726FC204610BD09
:105F4000C0450300B840030010B50749074A816007
:105F5000002304460260C380FAF716FC20461AF0BC
:105F600022FE204610BD00BFC0450300B84003001C
:105F700090F84430012B08D9C388DB0610B50446DD
:105F800002D590F845300BB110BD70474830FBF793
:105F90007FFB0028F8D10F4B1868FDF793FAD4E97E
:105FA0001632C01A61EB0201322871F10001EBD305
:105FB000E068E388026823F01003D269E3800121DE
:105FC0009047E388022223F0200384F84420E380F2
:105FD00010BD00BF101C00202DE9F04FC1682DED51
:105FE0000A8B0B688FB080461B6805A89847D8F8C5
:105FF0000C00059A036804321B690092984730F040
:106000000403824600F0C881082800F0CA81DFED51
:10601000CB9A4FF480730127C8F81830059B5B8832
:10602000B3FBF7F30193002B00F0CB814FF0000995
:106030009FEDC39ADFEDC38A9FEDC3BADFEDC3BA0C
:10604000DFEDC3AA9FEDC5AACDF80890D8F8185087
:10605000019B9D4200F31481009C25440022A5422F
:10606000CDE90A22CDE90C2240F2B781CDF80C80AF
:10607000B84EDDF808909346904603E09DF82C80DA
:10608000DDF828B056F82A3020469847002818BF77
:1060900049F00109B8F1000F00F01C815845C0F229
:1060A00019819DF83430002B00F00B810C9B984235
:1060B000C0F207813C44A542E0D8DDF800B00A9B5D
:1060C000CDF808900022D14647F6FE74DA4698468D
:1060D00093460DE00C99884200F0EC805845C8BF0B
:1060E0000FFA80FBBA44A042B8BF04B2554512D99A
:1060F00056F82910504688474045EBD19DF82C10A2
:106100000029E7D000210DEBC101BA44002055451C
:1061100081F82C00ECD804F128035B45DDF80C80F5
:10612000CA465A4600F3F280121B02EBD272531099
:106130006FF0270B1BB2002208EE103AABEB040302
:10614000009CCDF80C80D146934692469846204656
:1061500056F8293098473C44404420EAE070A54274
:106160000BF1010B00FB00AAF1D8524692FBFBF2A7
:1061700007EE902AF8EEE77ADDF80C80F5EE407A2B
:10618000F1EE10FACA4600F12181B1EEE7CAB8EE8D
:10619000C88A98ED097A28EE298AC8EE097A67EE4E
:1061A000877AC7EEA87A17EE900A0EF04DFB07EE3D
:1061B000900AB3EE047A67EE877A98ED0A7AF4EEE5
:1061C000C77AF1EE10FA08D4F0EEE76AF4EE4B6A03
:1061D000F1EE10FA98BFB0EE677AB8F80630D8F84A
:1061E000182088ED077A43F02001A8F806100199DD
:1061F000891A0191009911440091990707D4D8EDAB
:10620000047AF4EEC77AF1EE10FA00F186805A07AC
:1062100007D4D8ED057AF4EEC77AF1EE10FA00F360
:106220009F8098F83C30002B5BD0D8ED107AF4EECC
:10623000CC7AF1EE10FA01D588ED10CADFED467A7E
:10624000B4EEE7CAF1EE10FA56DCD8F83830023B6B
:106250000B2B07D8D8ED107AF4EEEB7AF1EE10FAAA
:1062600080F28E80D8F8343088ED10AA00220133F5
:10627000C8E90D3288F83C20019B002B7FF4E6AE84
:1062800008F148042046DDF80890FBF701FA0028E1
:106290007EDDB9F1000F40F08980B8F80630DB06EA
:1062A00000F1888005A801F03FFA0FB0BDEC0A8B21
:1062B000BDE8F08F9DF8341000293FF40FAF0121A5
:1062C00021E701230DEBC3034FF00102986283F82D
:1062D0002C20EFE601238DF83430CDF830B00023C8
:1062E000F0E7B4EEEACAF1EE10FAAEDDD8F83430D9
:1062F000132BAADD88ED10CAD8F8383000210133FD
:106300000122C8E90D1388F83C20B5E7631C1BB2D5
:106310001B1B03EBD3735B100AE70123B8F80410CF
:10632000022206A800F08CFEB8F8063023F0040321
:1063300043F00203A8F8063073E700BF0000804373
:1063400000FEFF46ACC5A737FFFF7F7F00009643E6
:1063500000004843580000200000C8420000000030
:1063600001231A46B8F8041006A800F069FEB8F830
:10637000063023F0020343F00403A8F8063050E788
:10638000B8F804100123082206A800F059FE69E7B6
:10639000B9F1000F86D180E78023F7EE009A02273B
:1063A0003AE65FED129A4023042735E62046FBF7D4
:1063B00033F977E7094B1868FDF784F8C8E9160147
:1063C00070E708F14800FBF763F966E717EE900AFB
:1063D0000DF0D8FB0CEE100AD9E6FFDE101C0020F1
:1063E00008B590F84430012B0CD9C388DB0603D5DF
:1063F000FFF7F2FD002008BD90F84530002BF7D1E3
:10640000002008BD013380F84430002008BD00BFE3
:1064100008B590F83C30012B0ED930F8023CDB0671
:1064200004D50838FFF7D8FD002008BD90F83D30AE
:10643000002BF6D1002008BD013380F83C3000204D
:1064400008BD00BF2DE9F843002598461F4B0360A7
:10645000456004460E461746BDF82890FAF726F91F
:106460001B4921602831A1602A462946E66004F1D3
:106470004800FBF717F8E388DDED097AA4F84450EB
:1064800043F4005343F01103E3803368C4ED0A7A08
:106490005A68DDED087AA4F804900023E3612364D0
:1064A0000123236384F82C3080233046C4F8148001
:1064B0002761C4ED097A6563A56384F83C5004F153
:1064C0000801A36190472046BDE8F883B840030067
:1064D0009845030070B5434E044630680D46FCF7FE
:1064E000F1FFE388C4E91601D80608D4E06843F058
:1064F0001003E38003680221DB699847E38899066B
:1065000026D594ED077ADFED387ADFED386A77EE3D
:10651000677A6A1C67EEA67A08BF236BF5EEC07A2D
:1065200018BF2B46F1EE10FA0BD4022B14D19FEDBD
:10653000307AF4EEC77AF1EE10FAD8BFB0EE677A8F
:1065400001E0022B04D0B5EE407AF1EE10FA03D14F
:1065500004F14800FAF7B0FF3068FCF7B3FFD4ED60
:10656000076ADFED217A9FED217A76EEE77A6B1CE0
:1065700067EE877A08BF256BF5EEC07AF1EE10FA68
:10658000C4E9160123D49FED1A7AF4EEC77AF1EE2E
:1065900010FAC8BFF0EE477A022D1DD0B2EE027A93
:1065A000F4EEC77AF1EE10FA0EDBB3EE056AF4EE04
:1065B000C67AF1EE10FA07D877EEC77ADFED0D6AEA
:1065C000B7EE087AE7EE876A16EE900A70BD022DE4
:1065D000FAD1DFED096AF7E7F0EE676A16EE900A86
:1065E00070BD00BF101C0020000050420000AA40F7
:1065F00000007F43000018420000000090F8452092
:1066000001324FF0FF3180F84520FFF763BF00BF34
:1066100090F84530013B80F8453070478162704703
:10662000806A003818BF0120704700BF806870473B
:1066300081600020704700BFF0B5CB680D6A9D42B5
:10664000A8BF1D4683B00C46012201F11007064683
:10665000294601A801F040F801A9384601F06CF87C
:1066600001A801F061F82069A1692A4604300FF001
:106670007BFF236AA2695B1B2A44002B2362A26171
:1066800018D1636A002B23DD013B6362BBB1E36970
:1066900062692362002BA26104DDA06A03681B68A3
:1066A0009847236A43B13946304601F033F8304603
:1066B00003B0F0BDF1DCF6E7636A002BF3D194F888
:1066C0002C30002BEFD004F13000FAF76FFFEAE72F
:1066D000F5D0DCE738B504460C4B40F8103B04F12C
:1066E000300500F0F3FF002201212846FAF7DAFE18
:1066F000002101224FF480732846C4E90223246458
:10670000A162FAF7D9FE204638BD00BFCC45030090
:1067100010B50446806A88B1002A0FDD73B1C4E960
:10672000051101684FF0000C096884F82CC0636201
:10673000C4E90722884794F82C3003B910BD04F14E
:106740003000BDE81040FAF7B7BE00BF00787047D0
:1067500090F90000704700BF00887047B0F9000052
:10676000704700BF0068000A704700BF0068001251
:10677000704700BF0068704700687047017070473D
:1067800001807047018070470A120B14017042703B
:1067900083707047016070470160704740697047BF
:1067A00008299ABF416100206FF47A70704700BFDA
:1067B0002DE9F04FD1ED087A89B00C46FDEEE77A6D
:1067C0000490CDED037A00F081FF206903681B6916
:1067D0009847656980460DB96061054621690135B4
:1067E0000B6805EBD5756D101B68029506A89847D8
:1067F0006369069A08F1010606EBD6760133761036
:1068000003EBD373578897FBF6F7B6EB630F07FBE1
:1068100005F205927ED00599012207A800F05CFFE1
:10682000049807A900F088FF07A800F07DFF049BEB
:1068300006981A68002F00F1040B02F104056EDDC2
:106840004FF00009DFF8E0A0CDF804905AF82820B6
:106850005846904794F82820B34422B1019B034442
:106860000193039BC01A07EE900A94ED077A636ABE
:106870006269F8EEE77A284667EE877A09F101093E
:10688000FDEEE77A17EE901A1943264B53F82220B3
:106890009047029B4F451D44D8D194F82830F3B15E
:1068A000DDED017A94F82930B8EEE77A07EE907AB8
:1068B000F8EEE77AC7EE276A3BB1F6EE007A66EEAD
:1068C000A76A94ED087AE7EE276AA2690123C4ED6E
:1068D000086A84F8293072B9012384F82A30DDE986
:1068E0000441204600F0BAFF06A800F01DFF204634
:1068F00009B0BDE8F08FFDEEE67A039917EE903A05
:106900005B1A002BB8BF5B429A42E8DD012384F892
:106910002A30E4E7049806A900F00EFF87E7002379
:106920000193BAE73400002058000020017070473E
:106930002DE9F0410446DDE9068716461D46FFF7BE
:1069400057FA114B23603833A360214604F12C0021
:10695000FFF768FA0023B8F1080F84F8285085F093
:10696000010598BFC4F8148000229F4208BF45F07B
:1069700001052262E66184F82A50636284F82930B6
:10698000A7612046BDE8F081F84503002C30FFF7F1
:10699000F7B900BF2430FFF7F3B900BF10B5074BBC
:1069A000036003F13802044682602C30FFF790F94F
:1069B0002046FFF749F9204610BD00BFF845030007
:1069C000084B10B503F138020446036082602C3096
:1069D000FFF77EF92046FFF737F920461AF0E3F873
:1069E000204610BDF84503004369586903681B69D8
:1069F000184700BF4369586903685B69184700BFBF
:106A000003460022C3E9061208461A62704700BF17
:106A10002DE9F041074600F1140400F13C06002581
:106A200054F8043F18464BB11B681B6A9847A842AC
:106A300004DD206803681B6A98470546B442EFD11D
:106A4000786903682946DB69BDE8F041184700BF53
:106A500000F1140300F13C0253F8040F78B110B4B4
:106A6000C4688C4208D093420DD053F8040F00281C
:106A7000F9D0C4688C42F6D15DF8044B704793425C
:106A8000EAD10020704700205DF8044B704700BF3A
:106A9000436910B50446586903689B699847D4ED6B
:106AA000067A07EE100AF8EEE77AC7EE277A17EEB5
:106AB000900A10BD0164704770B50C460546FFF79B
:106AC000BDF8A04200D170BD21462846FFF7B4F8BA
:106AD000686903682146DB68BDE87040184700BF5D
:106AE00010B5054B036003F13C0204468260FFF7DA
:106AF000ABF8204610BD00BF3C46030010B5064B66
:106B0000036003F13C0204468260FFF79DF82046D3
:106B10001AF049F8204610BD3C460300094B10B559
:106B200003F12C020446C0E900320C3000F0FCFDF9
:106B3000054A62600023201D6381F9F725FE204687
:106B400010BD00BF84460300B8400300F0B583B019
:106B500001F10C07044601A80D4600F0B7FD01A99C
:106B6000384600F0F9FD064601A800F0DDFD5EB1F3
:106B700069690B6801A81B68984701A9384600F0AD
:106B8000DBFD01A800F0D0FD3946204600F0C2FD33
:106B9000204603B0F0BD00BF70B5036C82B0044660
:106BA0002BB11B7803F0FF000BB902B070BD04F1EC
:106BB000140504F13C0655F8043F184613B11B6850
:106BC000DB6A9847B542F6D101A800F07FFD01A924
:106BD00004F10C0000F0B0FD01A800F0A5FD014893
:106BE000E3E700BF12FCFFFF0A4B10B503F12C02D4
:106BF0000446C0E900320C3000F096FD064A62609F
:106C000000236381201DF9F7BFFD204619F0CBFF5B
:106C1000204610BD84460300B840030038B50B4B36
:106C200040F8043C03F12C02044640F8082B00F025
:106C30007BFD074A22600023251FE3802046F9F7E9
:106C4000A3FD284619F0AFFF284638BD844603004F
:106C5000B840030038B500F114020D46002352F885
:106C6000044FAC4204D001330A2BF8D1002038BDC8
:106C7000026906330021013A40F82310026175B120
:106C80002B68094A9B6A93420BD1084B2B603C331B
:106C9000AB602846FEF7D8FF284619F084FF012094
:106CA00038BD28469847FAE7FD6A01003C460300D4
:106CB00038B50A4B40F8043C054603F12C02044663
:106CC00045F80429083000F02FFD054A2260002312
:106CD0002046E380F9F758FD284638BD8446030076
:106CE000B8400300F8B5074600F11403002453F838
:106CF000045F2DB101340A2CF9D100263046F8BDCD
:106D0000242019F052FF0646082019F04EFF0C4BC4
:106D10004560014603603046FFF76AF8094B3A695F
:106D200033603C330634B36001231A4447F82460CF
:106D3000C6E9063535627761F5603A613046F8BDDF
:106D4000E44403003C4603002DE9F04F8B6985B015
:106D5000012B0190904655D04B69586903681B6917
:106D60000C469847471CD8F80030A1695D8807EBAE
:106D7000D7777F10064695FBF7F5012295FBF1F1D9
:106D800003A801FB077100F0A7FC039907FB05F5B9
:106D900001F1040A002D514624DDDFF87C90043512
:106DA0004FF0040BD8F8000059F8263058449847A3
:106DB000D4E90732A169013310448B42C4E907309A
:106DC0000ADB90FBF1F1134B504653F826309847FD
:106DD0000023C4E90733BA440BF1010B5D45E1D14F
:106DE00003990431AAEB010103A800F037FD03A9C0
:106DF000019800F08FFC03A800F096FC019805B004
:106E0000BDE8F08F114600F085FC019805B0BDE8A3
:106E1000F08F00BF340000205800002030B50D4630
:106E200049690B6885B004461B6902A8984702A906
:106E300003A800F06FFC4FF0FF33294603AA00932C
:106E400020460023FFF780FF03A800F06DFC02A896
:106E500000F06AFC204605B030BD00BFF8B504461E
:106E6000114B12480026C4E90003A660201D0D4600
:106E70001746F9F71BFC0E4B23602C33636004F1BB
:106E80000C0000F023FC2822314665612781266131
:106E9000266404F1180011F087FD2B6828465B6812
:106EA000214698472046F8BDB8400300D844030067
:106EB00084460300B1F5007FA4BFC1F57F710331A3
:106EC000490088B2704700BFC1F58063034AB3F53B
:106ED000007FA8BF0B4632F813007047CC46030072
:106EE00088B2704728B180B211FB00F0C0F30900EE
:106EF000704741F6EF6011FB00F0C0F309007047E6
:106F0000B1F5007F40F2FF30A8BF0020704700BFFE
:106F1000024A11687E22C0E9001270477C000020FE
:106F2000034A034692E8030083E8030018467047CB
:106F3000141C0020A1F120035E2B07D80068052255
:106F40006FF09F0311FB0231084470470020704727
:106F5000034A044B11687E22C3E90012704700BF48
:106F60007C000020141C00200170427043607047B8
:106F700082B010B401AC84E80C0001AA03468C4630
:106F800007CA9DF8104083E8070094B19CF80100FF
:106F900018B149425242C3E90112DCF80420022A26
:106FA0002BD0032A30D0012A13D0012C19D0022C67
:106FB00004D05DF8044B184602B07047D3E90112C3
:106FC0005DF8044B494252421846C3E9011202B02F
:106FD0007047D3E90021012CC2F10002C3E900127D
:106FE000E5D1D3E900109A685DF8044B5242C3E939
:106FF00000019A60184602B07047D3E90012494276
:107000005242C3E90012D0E7D3E900125242C3E969
:107010000021CAE782B010B582B004AC84E80C004D
:10702000069B00930B78019304AB0CCB0446FFF74F
:107030009FFF204602B0BDE8104002B0704700BF7D
:1070400070B582B00180428004461D46FCF77AFC90
:10705000C4E9020115B9204602B070BD094B1D6894
:10706000002DF8D02A68084B16689E42F3D004F130
:10707000080393E803008DE80300284694E80C0019
:10708000B047E8E71C1C0020854D010070B582B0B8
:107090009DED067B9DF82030018080ED027B04464B
:1070A000428013B9204602B070BD0A4B1D68002D06
:1070B000F8D02A68084B16689E42F3D000F1080306
:1070C00093E803008DE80300284694E80C00B047DD
:1070D000E8E700BF1C1C0020854D010010B500230F
:1070E00003600446FCF72EFCC4E90201204610BDF3
:1070F00030B50B4B1C6883B024B12168094A0D6878
:10710000954201D103B030BD00F10802034692E878
:1071100003008DE8030020460CCBA84703B030BD28
:107120001C1C0020854D010082B038B5002504A943
:107130000560044681E80C00FCF704FC04AB0FCBAF
:10714000256184E80F002046BDE8384002B0704752
:1071500010B50446006800F06FFC204610BD00BF6B
:107160002DE9F84317460622804601FB07200E460C
:107170001D46FAF7E7FAC8F8000000F085FCD8F8D9
:1071800000401FFA87F96680A4F80490BDB1A6B14B
:10719000B945A8BFB9460634B9F1000F0DD0002794
:1071A0002946204632460FF0DFF9D8F80030013783
:1071B0005B88B94535441C44F2D1BDE8F88316FB21
:1071C00009F22946A01DBDE8F84311F0EDBB00BF50
:1071D000014B0360704700BFAC4C030051EA02034F
:1071E0002DE9F041044618D4062001FB02000E46AA
:1071F00015460FFA81F817B2FAF7A4FA206000F0EA
:1072000043FC206808FB07F2468085800021063099
:1072100011F0CAFB2046BDE8F081024B0360204616
:10722000BDE8F081AC4C030010B50B68044618466D
:10723000236000F0E5FB204610BD00BF2DE9F041C2
:10724000064684B000296AD00A780D46002A6CD020
:107250004FF0000C0B46E6466046644606E00A2AFC
:10726000204451D0002413F8012F42B1A2F1300183
:107270000929F4D813F8012F0124002AF6D10FFAB6
:107280008CF2002A48DB0FFA8EF3002B44DB062138
:1072900013FB02101FFA8CF21FFA8EF3174603FB42
:1072A00002F49846FAF74EFA306000F0EDFB3068D1
:1072B00022464780A0F804800021063011F074FBBC
:1072C00037682B780637DBB101AC22464FF0000857
:1072D00004E002F8013B15F8013F8BB1A3F1300146
:1072E0000929F6D9A24282F80080F4D9204611F08B
:1072F0000DFA07F8010B15F8013F2246002BEDD1DE
:10730000304604B0BDE8F0818445B8BF8446002013
:107310000EF1010E0446A6E7064F3760D1E7054B94
:107320000360304604B0BDE8F0811446904617462D
:107330000620B7E7AC4C03000346024A00681A6017
:10734000704700BFAC4C030038B50B6804460068BA
:10735000984206D00D4600F06FFB2868206000F0D0
:107360004FFB204638BD00BF00684388828800215B
:10737000063003FB02F211F017BB00BF0068B0F843
:1073800002C0614511DA00B5B0F804E0724509DACF
:1073900051EA020E06D408440CFB0202002093714D
:1073A0005DF804FB6FF47A70FAE76FF47A70704757
:1073B0000368588881420BDAB3F804C0624507DAE3
:1073C00051EA020C04D40B4400FB0232907970475E
:1073D0006FF47A70704700BF2DE9F84F0746884672
:1073E00039689DF82800B1F802C0624541DA8D88FD
:1073F000AB423EDAD8F80040668802EB060ABAF1E2
:10740000000F36DDB4F8049003EB090BBBF1000F5D
:107410002FDD002A30DBACEB020AB245A8BFB24632
:10742000002B5DDBED1AA945A8BFA946A51D22EAE0
:10743000E272002B01F10606C8BF0CFB03221644C2
:1074400040BBB9F1000FC8BF044613DD29463046E2
:1074500052460FF089F8D8F800305B881D443B682D
:1074600001345B884C451E44F0D104FB0AF0BDE8B2
:10747000F88F0020BDE8F88FE245A8BFE246002B58
:10748000C2F1000E3ADBED1AA945A8BFA946A51D19
:107490007544CCE7B9F1000FEBDD4FF0000E7046FC
:1074A0000AF1FF3BBAF1000F10DD6B1EB44605EB8D
:1074B0000B0213F8014F14B18CF8004001309342D5
:1074C0000CF1010CF5D13968D8F8004063880EF151
:1074D000010E1D444B88CE451E44E3D1BDE8F88F14
:1074E000AB45D9464FF0000EA8BFA946A51D06FB27
:1074F00013EE754422EAE2728E1DA0E7AB45D94631
:10750000A8BFA946A51DF2E72DE9F043044683B0C4
:10751000684615461F460E46FFF702FD23685A8847
:10752000954237DA9B889F4234DA1F2E32D9019B6D
:107530009E422FDC31466846FFF7FCFC10263A4697
:10754000471DAE464FF0000C21684B889E4511DA6E
:10755000B1F80480424546FA0CF971440ADA90F811
:10756000008003FB021108EA0903003B18BF012356
:107570005B428B710CF1010CBCF1050F0EF1010E99
:10758000E2D10130B84202F10102DAD1002003B0A9
:10759000BDE8F0836FF47A70F9E700BF03682DE966
:1075A000F0410E1E5F8824DDBE429A8803F1060476
:1075B00018DAA2B18046BF1B0025A1193A46204621
:1075C0000EF0D2FF3246E019002111F0EDF9D8F8A3
:1075D00000305A889B8801359D421444EDDB002021
:1075E000BDE8F08107FB02F20021204611F0DCF932
:1075F000F5E76FF47A70F3E72DE9F84F00AFD1F8B3
:107600000090FD6ABE6A1C461D44B9F8023002EBC8
:107610000608984582463EDAB8F1000FD8BF984672
:10762000B9F80460B54202DA002DC8BF2E4603FB4C
:10763000042206FB08F3073323F00703ADEB030D29
:1076400009F10605A6421544EB46C8BF6B460CDDA2
:107650004246294618460EF087FF0134B9F8022049
:107660000346A64215443344F2D10FFA88F10029AB
:107670000ADB32B2002A07DB50465B46FFF770FD9B
:107680005046BD46BDE8F88F044BCAF8003050465E
:10769000BD46BDE8F88F9846C2E700BFAC4C03007A
:1076A00008B5064B0648186000F0AAF9BDE8084086
:1076B000044A0549014819F071BA00BF201C002096
:1076C000AC4C03001000002051710100014B03601D
:1076D000704700BFB44C030070B50D1E04460CDDAE
:1076E000281D1646FAF72EF8206000F0CDF9206824
:1076F000012E458005D0204670BD054B0360204615
:1077000070BD2A460021043011F04EF9204670BDAC
:10771000B44C030010B50B6804461846236000F013
:107720006FF9204610BD00BF10B50446006800F098
:1077300083F9204610BD00BF38B50B6804460068C9
:10774000984206D00D4600F077F92868206000F0D6
:1077500057F9204638BD00BF0068096888420ED03E
:1077600008B54A8843889A4201D0002008BD0431F8
:1077700004300EF093FFB0FA80F0400908BD0120FC
:10778000704700BFB2F1000C19DB0068428808B5F1
:107790001FFA8CFE96450FD833EA230328BF134601
:1077A000A2EB0C029A4200F10400A8BF1A46604402
:1077B00011F0FAF8002008BD6FF47A7008BD6FF47C
:1077C0007A707047002B70B50D46164602DA0368D2
:1077D0005B889B1A002E20DB006842889919914231
:1077E0001BDCB14219DBC3B135F0004115D0594261
:1077F000A94213DAAB4211DD0430002D06441FDB31
:107800005C1B22467119304610F00EFB2A463019D7
:107810000021BDE8704011F0C7B870BDB1B28A4216
:10782000FBD333EA230328BF1346921B04309A424A
:107830003044A8BF1A46BDE87040002111F0B4B82A
:107840005A193146701B6D4210F0EEFA2A46304646
:107850000021BDE8704011F0A7B800BF002906DB89
:1078600003685A888A4202DB5980002070476FF40F
:107870007A70704710B50446006800F0DDF82046C5
:1078800010BD00BF30B50B4685B0054601A91846AE
:10789000F8F702FE01A8E8F7B3FC04460530F9F753
:1078A00051FF286000F0F0F828682246448001A9C2
:1078B00004300EF059FE2B682344002228461A712A
:1078C00005B030BD70B5044611B10B780D461BB93B
:1078D0000D4B2360204670BD0846E8F791FC064634
:1078E0000530F9F72FFF206000F0CEF8206832460F
:1078F0004680294604300EF037FE236833440022C8
:107900001A71204670BD00BFB84C0300F8B505469B
:1079100049B10B780C4633B1084697B21646E8F7E2
:107920006FFC874203D90B4B2B602846F8BD701DB6
:10793000F9F708FF286000F0A7F82868324647806A
:10794000214604300EF010FE2B68334400221A71D9
:107950002846F8BDB84C030010B50B68044618461D
:10796000236000F04DF8204610BD00BF014B0360BE
:10797000704700BFB84C030038B50B680446006878
:10798000984206D00D4600F057F82868206000F0B5
:1079900037F8204638BD00BF0068096808B54A8836
:1079A00043889A4201D0002008BD04310430E8F732
:1079B00097FCB0FA80F0400908BD00BF002907DB42
:1079C0000368B3F902208A4202DD0B44187970473C
:1079D0000020704708B5064B0648186000F010F804
:1079E000BDE80840044A0549014819F0D7B800BF6E
:1079F000241C0020B84C0300100000207578010002
:107A000003884FF6FF729BB2934214D0012B10B53E
:107A1000044601D0DB0702D41E20F2F7DBFBBFF3E4
:107A20005B8FD4E85F3F0233C4E8523F002AF8D1AD
:107A3000BFF35B8F10BD704703884FF6FF729BB298
:107A4000934218D0012B10B5044610D0DB070ED599
:107A5000BFF35B8FD4E85F3F9A1EC4E8512F002923
:107A6000F8D1BFF35B8F9BB2032B05D010BD1E2056
:107A7000F2F7B0FBECE770472046BDE8104000F09D
:107A800001B800BFF9F79CBE03230380704700BF15
:107A900082B030B583B006A981E80C0008AB8646F9
:107AA000844693E803005EF8045B8DE8030006ABB0
:107AB0000CCBDCF8144071462846A04703B0BDE863
:107AC000304002B0704700BF08B502680B689A42A8
:107AD00001D0002008BD1022043104300EF0DEFD7C
:107AE000B0FA80F0400908BD04207047042914BF93
:107AF00001480020704700BF16FCFFFF8268054B5D
:107B0000106993FBF0F007EE900AF8EEE77A17EEB3
:107B1000900A704740420F00837D43F02003837535
:107B2000704700BF807DC0F34010704710B50C3126
:107B30000446FFF7EFFD204610BD00BF807D00F03A
:107B40001000704730B5837D13F0100483B002D16C
:107B5000204603B030BD054601A8AC68FFF7B6FD6E
:107B600003F012F9E37D7F3304EB830101A8FFF7F3
:107B7000E3FD1D4C03F0CEF80023E87D1A4602F128
:107B800051010901615801B10133904202F1010232
:107B900027D0082AF3D1154B019A141D48F6880CFA
:107BA000E15A6145234411D052881444AA68927D59
:107BB000520003E0985A604505D00B46A34203EB00
:107BC0000201F7D39B1AB3F900302B822C8A01A84B
:107BD00024B2FFF7A9FD24EAE474A4B2204603B05E
:107BE00030BD013B5B00D7E7007000402EF8FFFF7F
:107BF000072914D8032A12D810B4C37D01761B01BB
:107C000003F1804342EA012403F5E043427644F461
:107C100080540020C3F818455DF8044B70476FF49A
:107C20007A7070478176704710B5044680690368A2
:107C300000219B6B9847A06903684FF47A51DB6C75
:107C40009847A07D216901280346B8BF012303EBB3
:107C50008303B1FBF3F3B3F5807FA8BF4FF48073C8
:107C60005B1047D000225B1002F10102FBD107EE4E
:107C7000901AF8EE677AB3EE007A012867EE877AF9
:107C80002BD9082AA8BF08220123934007EE103AF7
:107C9000F8EEC76A184A87EEA67A0021C2F8F415F2
:107CA000A0690168C4F80432CB6B0021FDEEC77AED
:107CB00017EE902A9847A369104A5B691048012182
:107CC0000224C3F80012C2F8084503F5A074C2F8F4
:107CD0001845C2F81C05D96010BD012303FA02F152
:107CE00006EE901A0449F8EEE66AC1F8F42587EE2C
:107CF000A67AD5E71A46BAE70070004000F00140C6
:107D0000047000402DE9F04F85B00025CDE9002337
:107D1000D04A0260456004460E46F8F7C7FCCE4ADA
:107D2000DFF84C8322602832A260A661C4F81C8070
:107D300004F11C06A581646204F12800FFF7C6FC6B
:107D4000314604F1380684F832503046FEF76AF8BE
:107D5000A26A84F8335002275288E28530464FF4F5
:107D6000007629462686A786A58584F83650FEF734
:107D700083F804F15809C4F85880246604F16400BB
:107D8000FFF7A4FC494604F1740984F86E50484694
:107D9000FEF748F8626E48464FF0010984F86F908C
:107DA0005288A4F86A202946A4F86C60A4F8707080
:107DB000A4F8685084F87250FEF75EF804F1940A53
:107DC000C4F89480C4F89C4004F1A000FFF77EFC46
:107DD000514604F1B00A84F8AA505046FEF722F842
:107DE000D4F8A02084F8AB705288A4F8A6202946C5
:107DF0005046A4F8A860A4F8AC70A4F8A45084F885
:107E0000AE50FEF739F804F1D00AC4F8D080C4F8B7
:107E1000D84004F1DC00FFF759FC514604F1EC0AAC
:107E200084F8E6505046FDF7FDFFD4F8DC205046BC
:107E30004FF0030A84F8E7A05288A4F8E22029460C
:107E4000A4F8E460A4F8E870A4F8E05084F8EA50DC
:107E5000FEF712F804F5867BC4F80C81C4F81441CF
:107E600004F58C70FFF732FC594604F5947B84F8D6
:107E700022515846FDF7D6FFD4F81821042184F882
:107E800023115288A4F81E2129465846A4F82061DF
:107E9000A4F82471A4F81C5184F82651FDF7ECFFD6
:107EA00004F5A47BC4F84881C4F8504104F5AA70D5
:107EB000FFF70CFC594604F5B27B84F85E51584636
:107EC000FDF7B0FFD4F85421052184F85F115288E2
:107ED000A4F85A2129465846A4F85C61A4F86071B8
:107EE000A4F8585184F86251FDF7C6FF04F5C27B2F
:107EF000C4F88481C4F88C4104F5C870FFF7E6FB30
:107F0000594604F5D07B84F89A515846FDF78AFF0C
:107F1000D4F89021062184F89B115288A4F8962168
:107F200029465846A4F89861A4F89C71A4F8945185
:107F300084F89E51FDF7A0FFC4F8C081C4F8C84181
:107F400004F5E07804F5E670FFF7C0FB414604F560
:107F5000EE7884F8D6514046FDF764FFD4F8CC2182
:107F6000072184F8D7115288A4F8D2212946404627
:107F7000A4F8D871A4F8D46104F5FE78A4F8D0511F
:107F800084F8DA51FDF778FFA7194046FFF79EFB0A
:107F90003846FFF79BFB019BA380009B2361A682D1
:107FA00031462A46C4F80492A57584F8085203A8FD
:107FB000FFF792FB4FF0FF332A46882103A8FFF713
:107FC000E1FB03A94046FFF7B7FB03A8FFF7ACFBB3
:107FD000A18A224E2A4603A8FFF77EFB4FF0FF330B
:107FE0002A46882103A8FFF7CDFB03A93846FFF7EF
:107FF000A3FB03A8FFF798FB194BE57580271C60CE
:10800000C6F88070BFF34F8FBFF36F8F154A164BC2
:108010001649C3F800552320C3F8F0A5C3F804039C
:10802000C2F808952046C2F81015C2F81435FFF7BB
:10803000FBFD86F80753A069C6F8807103683760B6
:108040005B6A9847A06903681B6B9847204605B098
:10805000BDE8F08FB8400300F44C030000E100E0FD
:10806000281C002000F00140007000400471004016
:10807000C44C030090F80832002B40F0B2802DE988
:10808000F043594F85B0D7F840260092D7F84426E0
:108090000192D7F848260292054603F0FF00C7F880
:1080A000FC0F0123D7F8FC2FC7F8FC3F009BC7F853
:1080B0004036019BC7F84436029AC7F84826032386
:1080C000C7F80005C7F8F0352323C7F80433AE46D8
:1080D000A87506460246804616E05FFA89F6AE7538
:1080E000BEF834309EF833405BBA43F4805307EB5C
:1080F00004149BB2082AC4F818350EF13C0EC1F8DE
:108100001025C1F814851ED0C2EB021405EB8404BF
:10811000110194F832C0130101F180411CF01004E8
:1081200006F1010901F5E04102F1010203F180438A
:10813000D3D103F5E043082AC3F810450EF13C0EF5
:10814000C3F81445E0D116B905B0BDE8F083264E5A
:1081500001242846C6F80045FFF766FDEF7DA98A91
:1081600000227F3703A8FFF7B7FA05EB87074FF028
:10817000FF330022882103A8FFF704FB03A9384638
:10818000FFF7DAFA03A8FFF7CFFAEA7DAB7DD5F85F
:10819000041205EB820203FB01F1D2F8FC2103F18A
:1081A0000043A1400432013BC6F82C2602EB4302F7
:1081B000AB8A93FBF1F301FB03F32341C6F830369E
:1081C0000A4B34600321C3F8041548F6880185F88A
:1081D000084213889BB28B42FBD0012005B0BDE85A
:1081E000F0830120704700BF0070004000F00140A4
:1081F00007EE901AB7EE007AF4EEC77AF1EE10FAB5
:1082000010B5044606D49FED1F7AF4EEC77AF1EE5E
:1082100010FA10DD23681C4A9B6993422BD1A26897
:108220001A4B126993FBF2F307EE903AF8EEE77AF5
:1082300017EE900A10BDC7EE276A806890F80832E2
:10824000FDEEE66ADBB1124B0322C3F80825114AA2
:10825000D2F80034DB07FBD40123936090F8083296
:10826000002BFBD1C0ED046AFFF704FF2368064A28
:108270009B699342D3D02046BDE810401847C0ED1B
:10828000046AC7E700247449FD7A010040420F00E8
:1082900000F0014000700040F9B18B7DDA0601D595
:1082A0000020704790F8083210B573B10C4B0D4A9E
:1082B0000324C3F80845D2F80034DB07FBD40123BC
:1082C000936090F80832002BFBD18B7D43F01003B4
:1082D0008B75FFF7CFFE002010BD6FF47A707047EA
:1082E00000F0014000700040F8B50D460446097DDD
:1082F00014481746F9F772FB58B1297D1148F9F770
:1083000037FB461E37B93701BF1B04EB870404F166
:108310001C00F8BDC6EB061104EB81011C312046A0
:10832000FFF7BAFF2B68084ADB6D93424FEA061746
:1083300002D100232373E7E72846002204F1080155
:108340009847E1E7204D03004DE3000019B38B7D12
:10835000DA061ED590F80832BBB1104B104A10B5A2
:108360000324C3F80845D2F80034DB07FBD401230B
:10837000936090F80832002BFBD18B7D03F0EF0364
:108380008B75FFF777FE002010BD8B7D03F0EF03A8
:108390008B75002070476FF47A70704700F00140D1
:1083A0000070004010B5837D0229044603F01003DD
:1083B00003D0012900D85BB910BD002BFCD1806827
:1083C0002146FFF769FFA37D43F01003A37510BD9D
:1083D00080682146FFF7BAFFA37D03F0EF03A37582
:1083E00010BD00BF38B50C460546097D0F48F9F7AA
:1083F000F5FA90B1217D0D48F9F7BAFA431EC3EBA7
:1084000003139C0004F11C0129442846FFF79EFF3A
:108410002B1993F83220D206FBD42B7B1BB12B688F
:1084200028469B699847002038BD00BF204D0300B7
:10843000A0F10800FFF7D6BF10B5F9B190F80832E7
:1084400003F0FF0173B11B4B1B4A0324C3F808451B
:10845000D2F80034DC07FBD40123936090F8083293
:10846000002BFBD1154B164A197013681549C3F33D
:10847000C0101B0608700CD4002010BD114B1B78D7
:1084800083B90E4B1B78002BF6D0FFF7F3FD0020CD
:1084900010BD8023C2F88030BFF34F8FBFF36F8FC2
:1084A000002010BD064B80221A60044B1B78002B65
:1084B000E2D0EAE700F0014000700040F01E00202A
:1084C00000E100E0EF1E00202DE9F04F0546807D21
:1084D00085B0C00699460E9FAB7E55D5002B54D172
:1084E0000E687388B2EB530F4FEA63044FDA043619
:1084F00006EB440406EB4206A046023CA21B5210C7
:1085000092FBF9F309FB1322002AF5D1B4F90030EC
:108510002B82AB7D9B063AD5B9F1010F4ED0B5F950
:108520001200EB68011DB045B3F802B019442ED912
:1085300005F10C0314464FEA49099246019307E0FE
:10854000B5F912205A4518D0B04520D9B5F9120016
:1085500058451FD0B6F900200134BC4292444E4425
:10856000EED19AFBF4FA21F802AB6A8A023212B217
:1085700000245A456A82A246E6D105F11C0000910A
:10858000FDF7FEFB0099DFE70BB1013BAB7605B0D1
:10859000BDE8F08F0122B5F9141003A8FFF79CF88D
:1085A00003A90198FFF7C8F803A8FFF7BDF8E96829
:1085B00000236B82B1F802B00431CBE705F10C0067
:1085C000FFF7BAF8EB685B886B8205F11C0005B019
:1085D000BDE8F04FFDF7D4BB2DE9F043434BD3F892
:1085E000042185B006461AB9D3F81431002B43D0C4
:1085F00096F817803D4F08F1010303F00103F3756E
:10860000D7F8341608F17F0806EB88084900404681
:108610000024FFF723F9A14606F11C0504E001340C
:10862000082C05F13C051CD004F151031B01FB583B
:10863000002BF4D0414603A8FFF76CF8D6F80422CB
:10864000B37D009228464A4603A9FFF73DFF013457
:1086500003A8FFF769F8082C09F1010905F13C05A9
:10866000E2D1224BD3F8042112B10022C3F8042135
:108670001E4BD3F8142132B91C4CD4F8003163B925
:1086800005B0BDE8F0830022184CC3F8142186F829
:108690000822D4F80031002BF2D0F57DB18A0135E3
:1086A00005F0010505F17F07002203A8FFF714F884
:1086B00006EB87074FF0FF330022882103A8FFF75E
:1086C00061F806EB850603A93846FFF735F803A8DD
:1086D000FFF72AF8D6F8FC3100220433C4F82C3610
:1086E000C4F8002105B0BDE8F08300BF0070004071
:1086F000024B186808B1FFF76FBF7047281C0020B5
:10870000F8B5134B036003F128020546826000F5BB
:108710000070FFF709F805F5FE70FFF705F80D4F3B
:1087200005F5EE742E1F44F81C7C2046FDF7D0FAA8
:10873000A4F110003C3CFEF7F7FFB442F3D1064A27
:108740002A6000232846EB80F8F71EF82846F8BD7B
:10875000F44C0300C44C0300B8400300F8B5154BBB
:10876000036003F128020546826000F50070FEF701
:10877000DBFF05F5FE70FEF7D7FF0F4F05F5EE7432
:108780002E1F44F81C7C2046FDF7A2FAA4F110002D
:108790003C3CFEF7C9FFB442F3D1084A2A600023EB
:1087A000EB802846F7F7F0FF284618F0FCF928463A
:1087B000F8BD00BFF44C0300C44C0300B8400300F4
:1087C0001B4A436991420BD800214FF0CC72C3F889
:1087D0000015C3F824250622C3F8002500207047A1
:1087E000144A914217D9144A914210B44FF0C8600C
:1087F0004FF0000408BF4FF0C462C3F80045C3F84F
:10880000240508BFC3F82425062200205DF8044B88
:10881000C3F80025704700214FF08062C3F80015AF
:10882000C3F824250622C3F800250020704700BFA6
:108830008FD003007F1A0600801A0600704700BF21
:1088400010B5044618F0AFF9204610BDF0B585B05C
:108850001E468DF80F209DF82C3002680093176A91
:1088600001230DF10F0204460D46B84738B92368BD
:1088700000909F6A0A9B324629462046B84705B0B9
:10888000F0BD00BFC3688B4210B504460ED003692B
:108890008B420BD023793BB12368094A9B6B9342EF
:1088A00020460AD118F07FF9002010BD236800226D
:1088B000DB6B114620469847ECE79847002010BD37
:1088C00041880100C368002B3CD070B504460069A4
:1088D000002836D0036801211B689847E0680368C8
:1088E00001211B6898470420F9F79CF80025E068EF
:1088F000036802219B689847014600BB2069036812
:108900001B6898470420F9F78DF820690368012156
:108910001B68984701350420F9F784F8092DE6D142
:10892000E068036800211B6898470420F9F77AF88B
:10893000E0680368BDE870401B6801211847002DFE
:10894000EED170BD704700BF38B50B4604461546E2
:1089500000F10C011A46F9F7B3FE2A4604F11001A2
:108960002046F9F7ADFE6269E3680025C2F80055BC
:10897000F3B12369E3B101212046F9F79FFE0621F7
:10898000E06801F05DF90621206901F059F92046FF
:10899000FFF798FFE068036802219B689847206909
:1089A000036802219B68984729462046F9F786FE0E
:1089B0000A20F9F737F8D4E90423B2B1157DE2684B
:1089C00082B1107DC3F808554FF0CC710622C3F870
:1089D0000C05C3F824150A20C3F80025F9F722F87E
:1089E000002038BD4FF0FF30ECE74FF0FF35E6E7F1
:1089F000F8B504461D460E461746F9F73DFE114BE5
:108A000023600023C4E9023323615DB1284602F0EC
:108A10009FFA606160B13A4631462046FFF794FF05
:108A20002046F8BD012002F0B1FA60610028F2D1C1
:108A30005A20F1F7CFFB3A4631462046FFF784FF34
:108A40002046F8BD704D0300F0B543698EB283B087
:108A50009C590546002C56D1334F0BE0D3F84825DE
:108A600092B9632C4FDC0A20F8F7DCFF6B699A5946
:108A7000002A48D1D3F824212ABBBC4223D0D3F802
:108A800050210134002AE9D1632CECDDD3F86021B8
:108A900052B1D3F80022D10506D5D3F848211AB92E
:108AA0000122DA610024DEE7D3F86021002ADAD05F
:108AB000D3F800229205D6D5D3F80421002AD2D1CA
:108AC00001225A61EEE7D3F8C414C3F8C41400229B
:108AD000C3F82421D3F82421019201220199134CD7
:108AE0001A625A6101E0013C16D00A20F8F79AFF99
:108AF0006B69D3F80431002BF5D0A8680C4C30B961
:108B0000204603B0F0BDA86800240028F8D0F8F78C
:108B100089FF204603B0F0BD2B682A69DB6BE9684A
:108B200028469847E9E700BFE1930400A0860100CA
:108B30000EFCFFFF70B44469C1F3470189B0C4F86B
:108B400088150021C4F80411D4F804510695069D37
:108B5000C4F82411D4F824510595059DC4F860117A
:108B6000D4F860510495049DC4F85C11D4F85C51AC
:108B70000395039DC4F85011D4F850510295029DFD
:108B8000C4F84C11D4F84C519DF830600195019D0A
:108B9000C4F84425C4F84835AEB14FF480720123BF
:108BA000C4F80022A360D4F8482132B12362C4F88B
:108BB0004811D4F848310793079B4FF4A47109B0CA
:108BC00070BCFFF741BF4FF400720123C4F80022CC
:108BD000A360D4F848212AB94FF4827109B070BC5F
:108BE000FFF732BF2362C4F84861D4F848310793D5
:108BF000079BF1E770B54469C1F3470188B0C4F839
:108C000088150021C4F804110546D4F80401069023
:108C10000698C4F82411D4F8240105900598C4F8E6
:108C20006011D4F8600104900498C4F85C11D4F881
:108C30005C0103900398C4F85011D4F850010290DD
:108C40000298C4F84C11D4F84C019DF830600190A2
:108C50000198C4F83425C4F83835E6B101232360FF
:108C6000D4F8482132B12362C4F84811D4F848310D
:108C70000793079B4FF4AE712846FFF7E5FE18BB3C
:108C80006B6901224FF4A4712846DA6108B0BDE88F
:108C90007040FFF7D9BE4FF480520123C4F8002280
:108CA0002360D4F848213AB94FF48271284608B0BD
:108CB000BDE87040FFF7C8BE2362C4F84861D4F82D
:108CC00048310793079BEFE7014808B070BD00BF2C
:108CD0000EFCFFFF0C4B10B503F12C0103F1380221
:108CE0000446C0E9021203603030FEF71DFD04F1B6
:108CF0002C00FEF719FD054A226000232046E38080
:108D0000F7F742FD204610BDB84D0300B840030000
:108D100038B5446991F814C000234FF0FF3504EBD7
:108D200083020133D2F86015614508BFC2F860556F
:108D3000042BF4D1037C13B103689B69984700208E
:108D400038BD00BFA0F10C00FFF7E2BF0E4B03F1EE
:108D50002C0103F1380210B50446C0E90212036089
:108D60003030FEF7E1FC04F12C00FEF7DDFC074A91
:108D700022600023E3802046F7F706FD204617F027
:108D800012FF204610BD00BFB84D0300B8400300DD
:108D90004369D3F80805704707EE101ADFED1A6A29
:108DA000C6EE877A8446B0EE677ABEEECE7A17EECC
:108DB000102AB2F5004F22DB0023013342FA03F1FF
:108DC000B1F5004FF9DA072B1CDC01FA03F2002A97
:108DD000B8BF0F32121107EE902ADFED0B6ADCF8F4
:108DE0001400F8EEE77AC0F80C3586EEA77AC0F8E2
:108DF00008150020CCED097A8CED087A70471146F1
:108E00000023E4E7014870470024744900407AC415
:108E100007EE901AB0EE677ABEEECE7A844617EE71
:108E2000102AB2F5004F22DB0023013342FA03F18E
:108E3000B1F5004FF9DA072B1CDC01FA03F2002A26
:108E4000B8BF0F32121107EE902ADFED0C6ADCF882
:108E50001400F8EEE77AC0F80C3586EEA77AC0F871
:108E600008150020CCED097A8CED087A7047114680
:108E70000023E4E76FF47A70704700BF0024744960
:108E8000406A704743690020C3F81015704700BF5F
:108E900043698176C27649B1012004213022C3F8AA
:108EA0001405C3F80012C3F8042370473022C3F836
:108EB0001415C3F80012C3F80823704770B590F971
:108EC0002930044682B0C069002B39D10D46A0B9C3
:108ED000A37E7BB1637E6BB1E37E5BB9636922489D
:108EE00003EB411301220821C3F82005C3F8241520
:108EF00084F82920002002B070BD616B0B6805F179
:108F00000B061B6801A804EB8606984701A93046AA
:108F1000FEF712FC01A8FEF707FC04EB850263696B
:108F2000D26AE169508803EB451304324010C3F85C
:108F300020250139C3F824050120E16102B070BD8C
:108F4000626901235360D2F80431002BFBD0002367
:108F5000637623850028CDD023680138DB69E06182
:108F6000204698470020C6E76019002038B5C3693D
:108F7000817E01330446C36119B1637E63B1002071
:108F800038BDFFF79BFFC8B1636901229A60A37ED9
:108F9000002BF2D1002038BD012594F82810657609
:108FA0002046FFF78BFF94F828302B442B4084F8A1
:108FB00028303BB9636901229A60E0E7E37E002B29
:108FC000E5D0E1E7E36913B900236376D7E72946E3
:108FD0002046FFF773FF94F82830013303F00103B4
:108FE00084F82830002BEFD1E4E700BFA0F108009F
:108FF000FFF7BCBF38B5134B1C6834B16369D3F8B5
:10900000102172B9D3F8143103B938BD002584F8A2
:10901000285001212046FFF751FF6369C3F814511E
:1090200038BD012384F8283000212046FFF746FF91
:1090300063690022C3F81021D3F81431002BE4D067
:10904000E4E700BF2C1C002038B5134B5C6834B13A
:109050006369D3F8102172B9D3F8143103B938BD5C
:10906000002584F8285001212046FFF727FF636977
:10907000C3F8145138BD012384F82830002120465C
:10908000FFF71CFF63690022C3F81021D3F81431E5
:10909000002BE4D0E4E700BF2C1C002038B5134BB4
:1090A0009C6834B16369D3F8102172B9D3F81431D4
:1090B00003B938BD002584F8285001212046FFF768
:1090C000FDFE6369C3F8145138BD012384F82830CC
:1090D00000212046FFF7F2FE63690022C3F8102149
:1090E000D3F81431002BE4D0E4E700BF2C1C00209F
:1090F000426900230376C2F800357047032A35DC45
:1091000070B50C4602F5AC754169237D51F82520F8
:109110009A42064616D0236816491A6E8A4219D119
:109120001A6815498A421CD1DB6D144A7169207D89
:1091300041F82500934207D100233374E38843F0BC
:109140000803E380002070BD002206F10C012046D8
:109150009847F3E720469047236807491A688A42F0
:10916000E2D00021204690472368DDE76FF47A7053
:10917000704700BF51E3000025C300004DE300002D
:1091800070B505680F4C2A6AA24218D1446984461A
:10919000087D00234FF0FF3604EB83020133D2F841
:1091A0006015814208BFC2F86065042BF4D19CF8B9
:1091B000103013B1AB6960469847002070BDBDE820
:1091C00070401047118D0100C3688B420AD070B502
:1091D00005460C46164613B103681B6E9847267168
:1091E000EC6070BD704700BF90F804C01CF0020F27
:1091F00030D000292BDB002A29DD002B27DDB42904
:10920000A8BFB42109B2C1EB411C01EB8C0C4FEAA1
:10921000CC0C11494FEA9C0CA1FB0C1C02EBD27147
:10922000A3EB61034FF47A7101FB03F310B44FEA2F
:109230009C0C046802FB0C32084B246BD11783FB97
:109240000232C1EBA21123465DF8044B18476FF4BC
:109250007A70704702487047176CC116D34D621080
:1092600016FCFFFFC08800F00500003818BF012081
:10927000704700BF037D1F2B8CBF0A4A4FF0A042EE
:1092800003F01F03D2F81415012202FA03F30B4274
:1092900006D1C08800F00A00003818BF01207047CE
:1092A0001046704700030050C08810F0030018BF3C
:1092B00001207047C08800F00C00003818BF012062
:1092C000704700BF03684FF47A729B6B02FB01F199
:1092D000184700BF027D41711F2A8CBF0D4B4FF014
:1092E000A04302F01F0203EB82030129D3F8000719
:1092F00020F00C0207D0022908BF40F00C02C3F88E
:1093000000270020704742F00402C3F80027002025
:10931000704700BF00030050D0F8103521EA030168
:10932000C0F81815704700BFD0F810350B40C0F8D2
:109330001835704738B5037D04461F2B03F01F0016
:109340004FF0010202FA00F28CBF13484FF0A04028
:109350000D46D0F81435134201D0002038BD91B924
:10936000C0F80C251146FFF7DFFFD0F81435134283
:109370000FD0236820461B6E9847236829461B6838
:1093800020469847E9E7C0F808251146FFF7C4FFD3
:10939000EBE7024838BD00BF0003005012FCFFFF9E
:1093A00038B5C3889B0704460D4604D5C06838B35A
:1093B000F9F782F920BB236820461B6E9847207D71
:1093C000012300F01F0293409DB11F2827D91E4999
:1093D000C1F808351C4B03EB8203E288D3F8001771
:1093E00042F0020241F00101C3F800170020E280C0
:1093F00038BD1F281AD84FF0A041C1F80C3512E033
:10940000227D012302F01F018B409DB11F2A8CBFDA
:109410000D4A4FF0A0420020C2F8083538BD4FF089
:10942000A041C1F808354FF0A043D4E70649C1F880
:109430000C35CFE71F2A8CBF034A4FF0A042002013
:10944000C2F80C3538BD00BF0003005038B50379B1
:109450009A071FD5C3885B07044617D50E4B1868BB
:10946000C0B101222146FEF73FFF054690B1E068FA
:1094700010B1F9F721F918B9E38843F00403E38048
:109480002846FEF75FFBC0F30F1038BD03681B6E64
:109490009847E3E7014838BD3C1C002016FCFFFF5D
:1094A000C3881B0739D570B51D4D1E4C28682DED9E
:1094B000028B08EE101AFFF76BFCF8EE487A08EE04
:1094C000900A17EE901A2868FFF7A2FCF8EEE88AD7
:1094D00004F108062388286808EE103AFFF758FCC4
:1094E00007EE900AB8EE488AF8EEE77A67EE887AD7
:1094F00087EEA87ABCEEC77A17EE103A24F8023B42
:10950000B442E7D1084B0749186808220123FDF748
:10951000FFF8BDEC028B002070BD0448704700BF0F
:10952000481C0020401C00204C1C002016FCFFFFA3
:1095300008B5C3881B0701D4064808BD064B186848
:10954000FFF79EFC07EE900AFCEEE77A17EE900A12
:1095500008BD00BF16FCFFFF481C00200368244A1A
:109560009B6A934210B5044630D1C3885B052CD466
:10957000E068B0B1F9F7A0F898B9E068E38802684C
:1095800043F480631268E38021469047194BE168F9
:109590001A6802B10C329142237D1BD00022E26096
:1095A00000E0237D1F2B8CBF134A4FF0A04203F035
:1095B0001F0302EB8303E288D3F8001702F4306242
:1095C00021F44031C3F80017E28010BD984700280D
:1095D000CED010BD094A4FF0FF0C101D12F9011B2F
:1095E000994208BF02F801CC9042F7D1D6E700BFFC
:1095F000E5E20000481C002000030050800000202D
:1096000002680F49D26B8A4208B513D1C3881B0781
:1096100001D40C4808BD0C4B1868FFF731FC07EE6D
:10962000900AFCEEE77A094B17EE900AA3FB003094
:10963000800908BD9047054BA3FB0030800908BD99
:109640003195010036894100481C0020D34D62103D
:1096500070B50568154E6A6CB24204461FD10B46C0
:10966000017D43711F298CBF114A4FF0A04201F0C8
:109670001F0102EB8102012BD2F8000720F00C0140
:109680000AD0022B08BF40F00C016B68C2F800172B
:109690002046BDE87040184741F00401F5E79047C7
:1096A000256820466B68BDE870401847D5920100D8
:1096B0000003005038B5C388DB07044613D5C068E3
:1096C00010B1F8F7F9FF70B1237D1F2B45D9294A56
:1096D000D2F8102503F01F030120984010400038F5
:1096E00018BF012038BD236820461B6E9847227D95
:1096F0001F2A2FD91F4B204802F01F0C03EB8C03AD
:10970000D3F8001721F00301C3F80017E18841F0F6
:109710000101E18021684D6C6179854223D1D3F844
:109720000047012924F00C001AD0022908BF44F098
:109730000C00C3F800071F2A8CBF0E4B4FF0A0434C
:109740000120D3F8103500FA0CF01840003818BF8B
:10975000012038BD4FF0A043CDE74FF0A042B7E75E
:1097600040F00400E5E72046A847227D02F01F0CE8
:10977000E1E700BF00030050D592010038B515465F
:109780004FF48072C280018100220E4903712F2D97
:109790004FF00103C0E903220446057501604371DF
:1097A0000CD80949094B41F825404FF00042C3F855
:1097B0000423074B402220461A6038BD3220F0F7C0
:1097C00009FDEEE7FC4D0300501C00200060004046
:1097D00000E100E00379DB0748D52DE9F041C388BB
:1097E000DA0682B004460D4636D4236820461B6E46
:1097F0009847012D236851D05B682046984723681D
:109800002420DF6D17F0D1F90023CDE90033214684
:10981000012322890546FAF7CFFE3C4B9F4205F112
:109820000C062CD1E3689E4222D01BB1236820464F
:109830001B6E9847E388E66023F40063012243F03F
:1098400011032A74E38056F80C3CDB69A6F10C0086
:1098500002B0BDE8F0411847C3F3C0238B42C4D126
:10986000C668BBB1002EEED13368FFDE28487047D2
:10987000E38823F4006343F01103E380E3E7314618
:1098800001222046B847E388E66823F4006343F0EA
:109890001103E380002ED6D13368FFDE3420D3F8E5
:1098A0005C8017F082F91B4B21461A6840F6AC53D6
:1098B0000746FBF79BFF154B984507F10C0617D1A0
:1098C000E3689E420DD01BB1236820461B6E98476B
:1098D000E3883D7443F4016343F00103E660E380F1
:1098E000B1E7E38843F4016343F00103E380AAE7AF
:1098F00031462A462046C047E388E66843F40163C0
:1099000043F00103E380002E9DD1ADE7C991010032
:1099100016FCFFFF381C0020C188C1F3C021FFF7EF
:1099200059BF00BF10B5C388590684B0044614D48B
:109930009A060AD41B0606D5236923B1012004B078
:10994000BDE81040184704B010BD01232189022250
:109950006846FDF775FBE388ECE7018900230522E3
:109960006846FDF76DFBE3684BB1D96A029ADA628B
:109970006846521A0023CDE90223FDF7B9FBE388BC
:10998000D6E700BF10B5C388590684B0044614D486
:109990009A060AD41B0606D5236923B1002004B019
:1099A000BDE81040184704B010BD012321890322EF
:1099B0006846FDF745FBE388ECE7018900230422B4
:1099C0006846FDF73DFBE3684BB1D96A029ADA625B
:1099D0006846521A0023CDE90223FDF789FBE3888C
:1099E000D6E700BF2DE9F04BD0F8204584B00646FD
:1099F0006CB3DFF890800D4601274FF01F0BB4FACF
:109A000084FCABEB0C03E91807FA03F258F8219039
:109A100024EA0204B9F1000F17D0B9F8062012F0B9
:109A2000E00F06EB83030ED0D3F8002782F48032D8
:109A3000C3F80027D3F80037DA0348461CD5FFF7F0
:109A400071FFB9F80620930508D4002CD5D14FF04A
:109A5000FF33C6F8203504B0BDE8F08BF7F70CFDF6
:109A60000028F2D00123052240F2FF316846FDF7BD
:109A7000E7FA002CC1D1EAE7FFF784FFB9F8062026
:109A8000E1E700BF501C002008B5094BD3F87C214A
:109A900002B908BD0021C3F87C114FF0A040FFF7C8
:109AA000A1FFBDE8084003482021FFF79BBF00BF8E
:109AB0000060004000030050C38813F0E00F70B551
:109AC00004460D461FD103685B689847237D1F2B12
:109AD0008CBF364E4FF0A04603F01F0306EB830207
:109AE000D2F8001721F44031C2F80017D2F800175D
:109AF000002844D141F40031C2F8001701229A40F5
:109B0000E388C6F820255A0616D5032D41D0E06813
:109B1000036821461B689847E388002223F0E0038E
:109B2000E2609BB2022DE3802ED0012D2FD143F0B5
:109B30008003E380002070BD23F0E003032D9BB27F
:109B4000F0D143F04003E380302017F02EF8214697
:109B5000054609F0B5F9F9F7F5FE2368144ADE6DFC
:109B6000E86296421CD1E268954210D012B11B6E99
:109B70002046984701232B71E560002070BD41F419
:109B80004031C2F80017B9E743F02003E38000201A
:109B900070BD23F0E00343F04003E380002070BD7C
:109BA000012229462046B047F1E700BF00030050DC
:109BB000C9910100032908B50FDC002909DC19D17E
:109BC000C38803F0F00333B103681B6E984700208D
:109BD00008BDFFF771FF002008BD04290AD1036802
:109BE0000749DB6A8B4208D1C188C1F3C021FFF766
:109BF000F1FDF0E76FF47A7008BD9847EBE700BF1E
:109C00001999010038B5036804465B680D4698470A
:109C1000E3885B0609D42368084A5B6D93424FF0E2
:109C20000301204607D1FFF747FFE0682946BDE85A
:109C3000384009F05FB99847F7E700BFB59B0100CE
:109C4000072913D8037D1F2B8CBF0A4A4FF0A0426F
:109C500003F01F0302EB83020020D2F8003723F445
:109C6000E06343EA0121C2F8001770476FF47A708D
:109C7000704700BF00030050037D00290CBF002186
:109C80004FF440711F2B8CBF074A4FF0A04203F0E6
:109C90001F0302EB83020020D2F8003723F4E063B5
:109CA0000B43C2F80037704700030050027D1F2AA3
:109CB00088BF0A4B02F01F0298BF4FF0A04303EB8E
:109CC0008203D3F8002722F44032C3F80027D3F8E8
:109CD000002742EA0141C3F8001770470003005013
:109CE000F0B5164C236883B02BB1154D2E688EB19C
:109CF000002003B0F0BD442016F057FF0546FCF7E6
:109D0000E9FC284625600E4D0321FCF791FC2E68E6
:109D1000002EEDD1382016F048FF132322680949A0
:109D200000930746084BE6F75FFD384601223146AF
:109D30002F60FFF7ADF8002003B0F0BD4C1C0020F1
:109D4000481C002000C001400000484203799B07E6
:109D500061D5B1F5806F2DE9F0410E465DD2C38823
:109D60001A0705463FD52E4F297D3A464FF0FF345E
:109D7000002312F9010B814208BF1C460133042B5A
:109D8000F7D1631C33D0DFF8B080E86830B3F8F760
:109D900093FC18B3D8F80000FEF7FAFF07EE106A3C
:109DA0009FED206A2049214BB8EEC77AF7EE006A92
:109DB000E7EE466A07EE900AF8EEE77A186867EE73
:109DC000A67A0123FDEEE77A17EE902A21F81420F7
:109DD0000822FCF79DFC0020BDE8F081EB8843F0F1
:109DE0000803EB80D6E703681B6E9847BBE728465D
:109DF000FFF776FF0E4BDFF840801C78D8F80000A4
:109E0000013404F003041C7022462B7D3B55294687
:109E1000FFF774F9B9E7074870476FF47A70DBE72A
:109E2000800000200000803A401C00204C1C0020D4
:109E30005802002016FCFFFF481C002070B5184D8A
:109E40002DED028B044608EE101AFFF749FF286833
:109E5000FFF716F8DFED137A07EE100AB4EE677A13
:109E6000F1EE10FA15D1DFED107A9FED0E7A23682E
:109E7000B8EE488A204628EE278ADB68C8EE077AC3
:109E8000BDEC028BBDE87040FDEEE77A17EE901A4C
:109E9000184717EE901A2868FEF7BAFFE3E700BFED
:109EA000481C002000409C460000804421B9436EBD
:109EB0004FF40472C3F8082300207047B1F5614FD6
:109EC00037D00FD847F6122399422BD0B1F5164F51
:109ED00021D0B1F5165F3AD11E4A436E0020C3F877
:109EE00024257047B1F5612F2AD01B4B99420BD026
:109EF000436EB1F5613F14BF4FF0EB724FF06C72DF
:109F00000020C3F824257047436E4FF08052002094
:109F1000C3F824257047436E4FF41D020020C3F898
:109F200024257047436E4FF400020020C3F8242517
:109F30007047436E4FF46B020020C3F8242570472E
:109F4000436E4FF070620020C3F8242570474FF035
:109F5000EB72C2E70050270040420F0070B5044684
:109F60000E4615462046F9F723FA0028FADC94F845
:109F70003C3003F0FF00002BF4D1636E317D2A7D6D
:109F8000C3F80C15C3F8142570BD00BF30B587B0F9
:109F900005468DF80710344C04E095F83C302BB1A1
:109FA000013C46D000F0B0FE0028F6D000F0ACFE38
:109FB0006B6E90B101222D49DA60D3F8582122B39B
:109FC0000022C3F82021D3F8201105910599C3F888
:109FD0005821D3F858210492049A01220DF1070167
:109FE00085F83C20C3F84415C3F848259A6000F072
:109FF0008BFED0B16A6E1D48D2F82031D2F85811CC
:10A000000B4305D031B11A480CE00139D5D1D7E75F
:10A010000138F1D101231548D360D2F8583133B952
:10A020000138FAD1002385F83C3007B030BD00205C
:10A03000F8E76A6E0D490123D360D2F858317BB13D
:10A040000023C2F82031D2F8201103910399C2F8FD
:10A050005831D2F858210292029A85F83C309AE79A
:10A060000139EAD1ECE700BF81841E0080841E0024
:10A0700009FCFFFF0021F8F74DBF00BF90F83C300E
:10A0800003B1704710B584B00446F9F791F9B8B13F
:10A09000A28EA38E94F830109BB20133B3FBF1F083
:10A0A00001FB103392B22068E16A9BB2A386895CFF
:10A0B000836920469847A38E628E9BB29A4201D054
:10A0C00004B010BD0123022240F2FF316846FCF7C4
:10A0D000B7FFF5E710B5A9B9C3895A07044617D5E4
:10A0E000636E04F144012022C3F834150020C3F844
:10A0F00038254FF4047101222064C3F804131A6058
:10A10000002010BD0129FBD1FFF7B8FF002010BDD2
:10A11000F8F7C6FCE3895B07E2D4002010BD00BF5E
:10A1200010B5214B214A0446406E03F13C0182B038
:10A130002360A160C0F8082300F07AFF00280CDB40
:10A1400043091B4900F01F0020330122824041F8DF
:10A150002320BFF34F8FBFF36F8F606ED0F80032B4
:10A16000012223F020030021C0F800324260C0F831
:10A170005811D0F858310193019BC260D0F8583182
:10A18000002BFBD04FF0FF330022C0F80025C0F8B1
:10A190000C35C0F8143500F01DFF2046F9F71EF904
:10A1A000204602B010BD00BF704E030014034200F1
:10A1B00000E100E0A0F10800FFF7B2BF10B50446CF
:10A1C000FFF7AEFF204616F0EEFC204610BD00BFA4
:10A1D00010B5A0F108042046FFF7A2FF204616F0B4
:10A1E000E2FC204610BD00BF70B50446406E0E462E
:10A1F00000F01EFF2268054636B3E18911F0200108
:10A2000022D19368354A934265D1636E4FF404724C
:10A21000C3F808232046F9F7CBF80028FADC94F8B5
:10A220003C30002BF6D1002D44DB6B092C4905F0A6
:10A230001F0520330122AA4041F82320BFF34F8F8E
:10A24000BFF36F8F002070BD002D0CDB05F01F01E8
:10A250006D09AD0005F1604505F5614501238B40B1
:10A26000C5F880312B6053681E4DAB422BD1E3897A
:10A270005A0721D5636E04F144022021C3F8342526
:10A28000C3F838154FF4047200212164C3F8042385
:10A2900001221A602046F9F78BF8002806DD2368B2
:10A2A0005B68AB4213D12046FFF7E8FEA16B204666
:10A2B000F8F740FF002070BD2046F8F7F1FBE38976
:10A2C0005B07E7D5D6E7002120469847E2E7012162
:10A2D00020469847EAE7204698479BE7AD9E010055
:10A2E00000E100E0D5A00100A0F10800FFF77CBF6D
:10A2F000F0B50C268BB01D461423CDE9003604467C
:10A3000016460F46F8F764FD494A226000233C32A6
:10A3100084F83C30A26063662364002D7CD028461C
:10A3200000F016FE606600287CD04FF0EB73C0F89A
:10A3300024350023C0F86C352046F9F739F8002899
:10A34000FADC94F83C3003F0FF05002BF4D1606E8A
:10A350003A7D337DC0F80C25C0F81435C0F808519B
:10A36000D0F808310993099BC0F81051D0F810318A
:10A370000893089BC0F82051D0F820310793079B21
:10A38000C0F82451D0F824310693069BC0F84451FC
:10A39000D0F844310593059BC0F85851D0F8583196
:10A3A0000493049BC0F84C51D0F84C310393039BA9
:10A3B000D0F800321F4A204943F02003C0F8003291
:10A3C000C0F80423224600F067FE606E00F030FE05
:10A3D00000281ADB430900F1604202F561429B004C
:10A3E00003F16043202182F8001303F5614300F07C
:10A3F0001F0001228240C3F880211A60636E082288
:10A400002046C3F800250BB0F0BD0C4B00F00F0048
:10A41000034420221A76F1E7102000F0B7FD6066B1
:10A42000002882D15A20EFF7D5FE606E7DE700BF8D
:10A43000704E030014034A0089A40100FCEC00E004
:10A4400030B5436ED3F83C55026CAA4283B0044643
:10A4500006DA0022C3F80821D3F808310193019BE2
:10A46000236C9D420BDD236C5A1C2344226493F819
:10A4700044102046F8F738FA236CAB42F3DB002394
:10A48000236403B030BD00BF70B5456ED5F8083108
:10A4900088B00446B3B1002610E0C5F80861D5F8CD
:10A4A00008310193019B236C5A1C2344226493F8C6
:10A4B0004410F8F719FAD5F808311BB1236C1F2B9B
:10A4C0002046EADDD5F81031002B3AD1D5F84C31D1
:10A4D00073B10023C5F84C31D5F84C31626E03934B
:10A4E000202104F144030398C2F83435C2F838152A
:10A4F000D5F8243153B10023C5F82431D5F82431DF
:10A500000493049BD5F88034C5F88034D5F84431E1
:10A5100033B10023C5F84431D5F844310593059B88
:10A52000D5F82031C3B9D5F8583143B10023C5F867
:10A530005831D5F858210792079A84F83C3008B072
:10A5400070BD0023C5F81031D5F8103102932046B4
:10A55000029BFFF775FFB9E70023C5F82031D5F856
:10A5600020210692069A84F83C302046F8F720FF16
:10A57000002802DC0123EB60D5E72046F8F70CFA4F
:10A58000D1E700BF10B5034B03600446FBF7DAFACE
:10A59000204610BDD04E030010B5054B03600446A5
:10A5A000FBF7D0FA204616F0FEFA204610BD00BF99
:10A5B000D04E030010B50446D4E90E2352694FF47F
:10A5C0007A50002BD2F84415C2F8440522DA1A4911
:10A5D000626B0020C1F81005013393FBF2F102FB1E
:10A5E0001133E36300F0D0FBD4E90E23526901215B
:10A5F000002BD1600ADB02330F4A54F82330DB69A9
:10A600001B7D1B0243F00113C2F81035BDE810405A
:10A6100000F080BB023354F82300FBF74DF90649E4
:10A62000E36B626B0020C1F81005002BD4D1012A26
:10A63000D2D14FF0FF33D4E70060004082B08DE804
:10A640000C00436B13B102B0FFF7B4BF02B0704708
:10A6500030B50F4C236887B06BB102A8FCF73EFD04
:10A6600024680C4B2268556A9D4206D1636B13B176
:10A670002046FFF79FFF07B030BD06AB13E903008C
:10A680008DE8030002AB0CCB2046A84707B030BDD5
:10A69000101D00203DA6010070B50D461146044670
:10A6A000FBF7A8FA1C4A2B681C499B6B1460002618
:10A6B000C4E90E562160284631469847A06B0368CE
:10A6C0004FF47A51DB6C9847A06B03684FF47A52D1
:10A6D000DB6B31469847A06B114B124AC3F820251B
:10A6E0004269016844320425C3F824250E4AC3F8A0
:10A6F0000455CB69934209D10C4BC3604B6A984710
:10A70000A06B03689B6A9847204670BD074998472D
:10A71000A06B0168F2E700BF101D0020D04E0300BF
:10A7200000F001400061004045A4000051A6010076
:10A7300038B50D460446FBF76DF900212846FBF7B6
:10A740009BF8636B012B03D1A06B03685B6B98478D
:10A75000002038BD38B50D460446FBF713F900213B
:10A760002846FBF789F8636B13B9024AC2F8103523
:10A77000002038BD00600040007A704790F910302A
:10A78000002B11DB5A0910B460320A4C03F01F038E
:10A79000012101FA03F344F8223043695DF8044BC8
:10A7A000012200201A607047436901221A600020CC
:10A7B000704700BF00E100E090F91030002B08DB8B
:10A7C0005809054903F01F03012202FA03F341F877
:10A7D00020300020704700BF00E100E090F9103009
:10A7E000002B0DDB5A0907480121203203F01F031B
:10A7F00001FA03F340F82230BFF34F8FBFF36F8F9E
:10A800000020704700E100E0012902D0022900D0B9
:10A8100011B94369C3F8041500207047437A013B1E
:10A8200099420EDC10B44FF48033446901F5A870EE
:10A830008B4044F820200020C4F804335DF8044B1A
:10A8400070476FF47A707047437A013B994211DC8C
:10A8500010B4446904EB8100D0F840351A444FF439
:10A8600080338B40C0F840250020C4F804335DF8E5
:10A87000044B70476FF47A70704700BF437A013B16
:10A88000994207DC42694FF480338B40C2F80833A9
:10A89000002070476FF47A70704700BF032907D813
:10A8A000DFE801F01710020943690222C3F8082506
:10A8B00001720020704743690322C3F80825017222
:10A8C0000020704743690022C3F808250172002068
:10A8D000704743690122C3F80825017200207047C0
:10A8E00010B5044A026000230446C380F5F74CFF0C
:10A8F000204610BDB840030010B5064A0260002390
:10A900000446C380F5F740FF204616F04CF9204678
:10A9100010BD00BFB840030090F910304901002B72
:10A92000C9B207DB03F1604303F56143002083F8FC
:10A9300000137047034A03F00F031A4400201176F6
:10A94000704700BFFCEC00E0B1F57A5F17D810B497
:10A95000002344694FF47A5020FA03F2914205D360
:10A96000C4F8103500205DF8044B70470133092B03
:10A97000F2D1C4F8103500205DF8044B70476FF435
:10A980007A7070470368104A1B6B934210B50446F7
:10A9900017D190F91030002B0DDB5A090B4801211B
:10A9A000203203F01F0301FA03F340F82230BFF313
:10A9B0004F8FBFF36F8F636901225A6000201A61C5
:10A9C00010BD9847F7E700BFDDA7010000E100E0F8
:10A9D00090F910200368002A70B5196B04462FDB2C
:10A9E00053099B0003F1604303F56143204E1D684A
:10A9F00002F01F02D540B14205F001052ED1012120
:10AA000001FA02F2C3F88020BFF34F8FBFF36F8FBC
:10AA100063690122DA64D3F84C657DB12368154976
:10AA20009B6A8B4216D194F91030002B06DB590932
:10AA300003F01F039A40104B43F82120304670BDAD
:10AA40000B4B99420CD143690122DA64D3F84C656F
:10AA5000304670BD20469847304670BD8847D7E7DE
:10AA6000884763690122DA64D3F84C65E6E700BFE2
:10AA7000DDA70100B9A7010000E100E090F9102076
:10AA800038B50368002A196B044632DB53099B0072
:10AA900003F1604303F561431C481D6802F01F0287
:10AAA000D540814205F0010528D1012101FA02F2C9
:10AAB000C3F88020BFF34F8FBFF36F8F626901230C
:10AAC000D360D368002BFCD18DB12368104A9B6AF8
:10AAD000934216D194F91030002B08DB58090D4928
:10AAE00003F01F03012202FA03F341F82030002093
:10AAF00038BD064B99424FF00005DFD0204688470D
:10AB0000DCE720469847002038BD00BFDDA70100E4
:10AB1000B9A7010000E100E010B5C9B9C288D107AA
:10AB200014D501681F4C896A22F00102A142C2803B
:10AB300033D190F91030002B08DB58091A4903F083
:10AB40001F03012202FA03F341F82030002010BD58
:10AB500090F910100029F9DB4A09920002F16042D5
:10AB600002F5614201F01F01146824FA01FC1CF097
:10AB7000010FEBD0C488036844F001041B6BC48050
:10AB80000A4CA3420BD101238B40C2F88030BFF3A3
:10AB90004F8FBFF36F8F002010BD8847D6E79847CF
:10ABA000D4E700BFB9A7010000E100E0DDA7010084
:10ABB0000F4B70B553F82050CDB100236C69184687
:10ABC0004FF0010E1E4604EB83020EFA03FCD2F88E
:10ABD0004011013321B140EA0C00C2F84061C0B21B
:10ABE000042BF0D1EB6813B1BDE87040184770BD7D
:10ABF000141D00200020FFF7DBBF00BF0120FFF77E
:10AC0000D7BF00BF0220FFF7D3BF00BF0320FFF76D
:10AC1000CFBF00BF0420FFF7CBBF00BFF8B5334B59
:10AC200003600027044647600E461546F5F73EFDD3
:10AC30002F4A22602F4AE7600323964263726661BF
:10AC400025744FD002F5805296423BD002F58032F7
:10AC5000964205D0284BF31AB3FA83F35B099B00A5
:10AC6000264A002D42F8234032DB6909244B012299
:10AC7000203105F01F0502FA05F543F82150BFF316
:10AC80004F8FBFF36F8F94F910506669002D72607B
:10AC9000326120DB2B44402283F8002301234FF450
:10ACA0007A52092B22FA03F203F1010102D0B2F524
:10ACB0007A7F19D80322C6F810352046C6F8082531
:10ACC0002272F8BD0D4A0223002D42F82340CCDA4F
:10ACD0000123736033610B4B05F00F052B444022B9
:10ACE0001A76DBE70123BBE70B46D8E7B840030041
:10ACF000004F03000090004000B00140141D0020F0
:10AD000000E100E0FCEC00E0014B93F9000070472B
:10AD1000F11E0020054A1378013B5BB2002B01DDD8
:10AD2000137070470023137062B67047F11E002045
:10AD3000002816DB114A135C013B5BB2002B01DDDE
:10AD400013547047002143B28B42115408DB580959
:10AD50000B4903F01F03012202FA03F341F82030EC
:10AD60007047084A1378013B5BB2002B01DD13707A
:10AD700070470023137062B6704700BF2C1D00207F
:10AD800000E100E0F11E002072B6024A13780133A0
:10AD900013707047F11E0020002805DA72B6114AC0
:10ADA000137801331370704743B2002B15DB5A0937
:10ADB00010B401210C4C203203F01F0301FA03F3FD
:10ADC00044F82230BFF34F8FBFF36F8F074A135CF5
:10ADD000013313545DF8044B7047044A135C01338C
:10ADE00013547047F11E002000E100E02C1D0020EC
:10ADF00020BF70474FF08053596E186E704700BFE8
:10AE0000BFF34F8F0549064BCA6802F4E062134353
:10AE1000CB60BFF34F8F00BFFDE700BF00ED00E048
:10AE20000400FA05704700BF08B50B4B0122C3F8B8
:10AE3000402502210022930003F1A0430132202A81
:10AE4000C3F80017C3F8001AF5D1FFF7EBFFBDE810
:10AE50000840EAF717BC00BF00E001400048704717
:10AE6000000002200048704700E001204020F6F773
:10AE700069BC00BF8163704741637047C16370471D
:10AE8000C06B7047EFF30880704700BF406B70479E
:10AE9000C0E900128360704710B5054B054C4FF4B4
:10AEA0008072A16818460BF05FFBA06010BD00BF68
:10AEB0000004002000ED00E02DE9F047DFF88C9061
:10AEC000D9F8008082B007460C461546B8F1000F4D
:10AED0000DD01B4E394640460022FEF70FF9306870
:10AEE0002A46214602B0BDE8F04700F065BA30209E
:10AEF00015F05BFE124E824600F046FA3820C6F886
:10AF000000A015F052FE1323009382460D4B3268C9
:10AF10000D49E5F769FC424650460121C9F800A0F9
:10AF2000FDF7B6FF4146D9F80000FDF7ABFF054934
:10AF3000D9F80000FDF730FFD9F80080CAE700BF5C
:10AF40005C1D00200050434900200240601D00208D
:10AF500030B50C4D0C4A2C68864605234FF0010C89
:10AF60000CFA03F1214203F1FF3302D1D06B70459B
:10AF700005D0591CA2F10C02F2D1002030BD2143B2
:10AF8000296030BD641D0020E80B0300F0B40F4EB3
:10AF90000F4D34682A4605234FF0010C0CFA03F1DB
:10AFA000214202D1576C384207D1013B591CA2F112
:10AFB0000C02F3D10020F0BC704703EB43032143A4
:10AFC00055F823003160F0BC704700BF641D0020BD
:10AFD000E80B0300144B984215D003F5E043984268
:10AFE0001AD0A3F53433984218D003F504339842AD
:10AFF00016D0B0F1402F15D0A3F50033984208BF0A
:10B00000002001D070470520084901220B688240CA
:10B0100023EA02030B6070470420F5E70320F3E7FF
:10B020000220F1E70120EFE700800240641D0020CC
:10B0300008B5174B984218D0B0F1402F1ED003F539
:10B04000003398421CD0A3F5043398421AD003F57C
:10B050003433984218D0A3F5E043984216D05A20D2
:10B06000EFF7B8F84FF0FF3008BD0023094A03EBB3
:10B07000430302EB830393F9040008BD0123F5E7C2
:10B080000223F3E70323F1E70423EFE70523EDE7CA
:10B0900000300040E80B030038B5184B98420D46CD
:10B0A000144620D0B0F1402F1FD003F50033984252
:10B0B0001DD0A3F5043398421BD003F534339842D6
:10B0C00019D0A3F5E043984208BF052304D05A20C5
:10B0D000EFF780F84FF0FF3309490A4A41F823504F
:10B0E00042F8234038BD0023F6E70123F4E70223AA
:10B0F000F2E70323F0E70423EEE700BF003000404F
:10B10000801D0020681D0020024A034B10681B6848
:10B11000184700BF681D0020801D0020024A034B15
:10B1200050685B68184700BF681D0020801D002024
:10B13000024A034B90689B68184700BF681D0020B7
:10B14000801D0020024A034BD068DB68184700BF0F
:10B15000681D0020801D0020002815D0006041607F
:10B160008260C360046145618661C76144460462D0
:10B170004C464462544684625C46C462644604633E
:10B180006E46466374468463002906D0C46B043C53
:10B19000043925680D60B442F9D1946BA646566B0C
:10B1A000B546002B06D0D46B043C043B1D682560DB
:10B1B000B442F9D1146BA446D46AA346946AA24659
:10B1C000546AA146146AA046D769966955691469FC
:10B1D000D36851681068926870470060416082606F
:10B1E000C360046145618661C761444604624C46A0
:10B1F0004462544684625C46C462644604636E469C
:10B20000466374468463C46B043C043925680D604E
:10B21000B442F9D1C769866945690469704700601D
:10B2200041608260C360046145618661C7614446D4
:10B2300004624C464462544684625C46C46264467E
:10B2400004636C4644637446846304697047846B8A
:10B25000A646446BA546046BA446C46AA346846A0A
:10B26000A246446AA146046AA046C7698669456940
:10B270000469C36882680068416870470649074AE4
:10B28000074B9B1A03DD043BC858D050FBDC00F091
:10B29000D7F8FFF7C9FD0000AC6D030010000020D7
:10B2A00000040020FEE7FEE7FEE7FEE7FEE7FEE71C
:10B2B000FEE7FEE7FEE7FEE7816170470120704789
:10B2C0002DE9F0470C4689682569064664358D42AC
:10B2D0004FF00102B8BF0D46FCF7FEF9D6F800802A
:10B2E0006769B8F80210043108F104024144914240
:10B2F00031D93B4648F2050A48F20C091BE02069A7
:10B300003230A3F1320EC3F1310C98424FEAEE0E07
:10B310000CF0070C11DBE06810F80E0040FA0CF09E
:10B3200010F0010F0CBF5046484622F8020B0133C3
:10B330009142636109D9312BE1DC4FF4004022F8DE
:10B34000020B013391426361F5D8A1EB0801053985
:10B35000013707EB5107BD4204DC237F63B9304658
:10B36000BDE8F087A06903681B6898476369AB4232
:10B37000F3DA3046BDE8F08704F12000F6F716F95D
:10B380003046BDE8F08700BF38B50546094B45F8A3
:10B39000203B0446012100222846F6F783F80022CC
:10B3A0004FF480732846A261A360F6F785F8204623
:10B3B00038BD00BF604F030038B50446806968B1EE
:10B3C000002A0BDD0368D2001B680025C4E90312C4
:10B3D0000122656122779847237F03B938BD04F1C4
:10B3E0002000BDE83840F6F767B800BFBFF34F8FC5
:10B3F0000549064BCA6802F4E0621343CB60BFF311
:10B400004F8F00BFFDE700BF00ED00E00400FA052C
:10B410004FF08052D2F83031591C08D0D2F83401A4
:10B42000012898BF0D2B0CBF0120002070474FF062
:10B430007043D3F8E80F93F8E03FC0F30310EFE751
:10B4400008B5FFF7E5FF40B14FF080430022C3F895
:10B450000C21C3F81021C3F83825FFF7D9FF0028C5
:10B4600046D04FF08052594BD2F80414C3F820153F
:10B47000D2F80814C3F82415D2F80C14C3F8281510
:10B48000D2F81014C3F82C15D2F81414C3F83015E0
:10B49000D2F81814C3F83415D2F81C14C3F84015A8
:10B4A000D2F82014C3F84415D2F82414C3F8481570
:10B4B000D2F82814C3F84C15D2F82C14C3F8501540
:10B4C000D2F83014C3F85415D2F83414C3F8601508
:10B4D000D2F83814C3F86415D2F83C14C3F86815D0
:10B4E000D2F84014C3F86C15D2F84424C3F8702580
:10B4F000FFF78EFF48B14FF08043D3F80024D10707
:10B5000044BF6FF00102C3F80024314AD2F88830FA
:10B5100043F47003C2F88830BFF34F8FBFF36F8FCF
:10B520004FF01023D3F80C22D20731D4D3F80022E5
:10B53000002A07DBD3F80432002B03DB254B264A15
:10B540001A6008BD254A0123C2F80435D2F8003438
:10B55000002BFBD04FF010231521204AC3F8001216
:10B56000D2F80034002BFBD04FF0102315211B4ADA
:10B57000C3F80412D2F80034002BFBD00023174983
:10B58000C2F80435D1F80034002BFBD0FFF72EFFB2
:10B59000124A0123C2F80435D2F80034002BFBD044
:10B5A0004FF010210D4AD1F80C3223F00103C1F8FD
:10B5B0000C32D2F80034002BFBD000230749C2F82C
:10B5C0000435D1F80034002BFBD0DFE700C0004089
:10B5D00000ED00E0880000200090D00300E0014072
:10B5E000002902460BDDC368926801F10051013960
:10B5F00003EBC1001B4B824298BF184670471A4BA1
:10B60000994203DB806800EBC1007047174B9942F9
:10B610001CD00133994216D0023B99421FD0426997
:10B6200052681068C2795B1A9342DFBFC1F17F4153
:10B6300001F57F0101F55841ED31DABF00EBC100A2
:10B6400014300848704700695C30704743695B6894
:10B650001B68DB680365052343655030704748303D
:10B66000704700BF844F0300F1D8FFFFEFD8FFFF02
:10B6700038B5204B994204460D4606D14269836A8B
:10B680009A4202D11C4900F059FC29462046FFF796
:10B69000A7FF184AA368954218D1626952681168D9
:10B6A00053F8082CCA6053F8042C032A0ADD53F817
:10B6B000082C5379980705D04B795B0702D52046B3
:10B6C00012F01FFEA368083BA36038BD0B4953F876
:10B6D000082C02608D4253F8042C4260F2DA032AEF
:10B6E000F0DD53F8082C53799907EBD063695B6858
:10B6F0001968E1E7EFD8FFFF535B0300EED8FFFFC7
:10B7000008B5FFF76DFF034B984214BF40684FF038
:10B71000FF3008BD844F03004B1C1ABF024B53F887
:10B7200021000248704700BFE44F03006A5B03003A
:10B7300070B516460546FFF753FF314604462846C6
:10B74000FFF74EFF064B9C42014606D0984204D0BC
:10B750002046BDE8704012F06EBE002070BD00BFF4
:10B76000844F030070B516460446FFF739FF314693
:10B7700005462046FFF734FF064B9D42024607D0A0
:10B78000984205D029462046BDE8704013F0F6BB2C
:10B79000002070BD844F03007FB50D460446164659
:10B7A00019461BB1FFF71CFF236AC11AA368226A5E
:10B7B0000091ED4303EBC503CDE9023607499B1A1F
:10B7C000204602AA12F052F8013605D16369A26838
:10B7D00099688A4228BF9A6004B070BDDBCC020031
:10B7E00030B5094D87B00446002B18BF1D461346DF
:10B7F0000A4601A913F051FC2A4601A9204600F08F
:10B8000033FF07B030BD00BFB1600300012970B540
:10B8100004460D4616DD0369D3E910329A4201D37E
:10B8200001F0E8F8D4E90223D21AD2102946013AED
:10B83000204603F0FFFBA368C5F1010503EBC50338
:10B84000A36070BD0029FCD186680A46044913F044
:10B85000D5F804237360A36830600833F0E700BFB5
:10B8600089610300CB050BD5836821F4807103EB5C
:10B87000C1025268042A03D153F8310010307047D6
:10B8800000487047B160030010B54369044608469C
:10B89000002817DDA16A994201D3002010BD596824
:10B8A00009688979013809B95969401A183BEFE7E5
:10B8B000A16A9942F2D25B1A0449DB104B4313662A
:10B8C0000120EBE7F4D00023F9E700BFABAAAAAA56
:10B8D0002DE9F04F90F84BA08DB0BAF1FA0F8046E9
:10B8E000079102926ED890F84A3090F8492003F000
:10B8F00001042244524565DC13F00402059202D093
:10B90000002C00F0E58098F8482006920699D8F8B7
:10B9100024208A4256DCD8F82C2001920199D8F8CC
:10B920003020914201D0002A4CD1019A002A49DDF1
:10B9300002F18042D8F80CB0013A5BF8222002F004
:10B940003F021E2A3ED1019A03F00203013A0492FB
:10B95000914600260893079B9E4202DB5BF8294034
:10B96000B6E05BF82640B30003930BEB8603099324
:10B9700004F03F03252B0A93C4F3871722D85745B9
:10B9800020DA04F03F029A4B9B5C03F00302012A89
:10B990001AD0022A61D0002A40F08580E50DC3F359
:10B9A000011229464046C4F388340B9311F0F2FD8E
:10B9B00040B10B9B2146C3F38102404611F0EAFDE2
:10B9C0000B9B68B9002483E003F03002302A4FEA71
:10B9D00094356BD1D8F82820AA424FF0000477DDC7
:10B9E0005A0603D5029A974208BFB1461B060AD5EC
:10B9F000019AB31C9A42E5DD039B5B445B6803F04C
:10BA00003F03162BDED10A9B023B232B6AD8DFE8CB
:10BA100013F04F0063006B006F0069006F006B0054
:10BA200069006900770069006900690069006900C0
:10BA3000690069006900690080009300690069007D
:10BA40006900690069009F009F00B9008F008F00A6
:10BA50008200C0006900CD00F300A40B03F03002A7
:10BA6000A4F5FF356FF4FF71202A0D441ED1741C1C
:10BA70006419A7D4019AA242A4DD002CB0D00BEB2C
:10BA8000840E00225EF8040D00F03F0CBCF1220F82
:10BA900005D15849084202D101329442F2DC12F039
:10BAA00001048FD19CE70024254699E7002497E7FD
:10BAB000012C17D1019AB31C9A4283DD039B5B448E
:10BAC0005C6804F03F03222B0CD14A4B1C4009D187
:10BAD00020460DB0BDE8F08F029B9F4202DC9D42E4
:10BAE000A8BFB146013636E7069B9D42FADB69E7FF
:10BAF000D8F8083003EBC5035B68042BF2D061E78C
:10BB000001375745BFF65EAF029B9F4208BFB14663
:10BB1000E8E7A542EAE7002CDAD0BB1C23445345F2
:10BB2000BFF650AF029B01379F42B8BFB146D9E77D
:10BB300003375745BFF646AF029BFF2BD2D0731C8D
:10BB40002B449E42CEDA079A9A42CBDB2E44C9E7B9
:10BB50001DB13D4455453FF735AF631E64B9039BA6
:10BB60005B44586811F038FD04460028B0D0029BB1
:10BB70009F42D8BFB146B5E7002BF8D03B445345B0
:10BB8000F5DD1FE7013D002DACDD3D445545A9DD48
:10BB900018E7002D03DD2F445745BFF613AF002CE7
:10BBA000A0D1049B0136B3429CDC91E7D8F8343035
:10BBB000AB427FF707AFD8F8103053F8253093F831
:10BBC0004800019B321893427FF7FCAE0123834269
:10BBD00004DD029BFF2B18BF164683E7099951F835
:10BBE000231011F03B0F7FF4EDAE0133EFE700BF00
:10BBF0006E6C030000C07F00089B002B3FF4E2AE98
:10BC0000059B002B7FF4DEAE6A1E3DB9039B5B44AF
:10BC1000586811F0E1FC00283FF4D4AE17445745B2
:10BC2000B5E700BF2DE9F84381460F4616461C468E
:10BC30007B685A68062A02D00020BDE8F8831B689A
:10BC40009A79002AF8D1394648461D6911F07CFCE2
:10BC5000711C02468046284612F066F820600028D3
:10BC60004FD1324641462846FFF732FE00F03F03EF
:10BC70000B2BE1D801A252F823F000BFBDBC01009C
:10BC800039BC010039BC010039BC0100DDBC010038
:10BC9000ADBC0100CDBC010039BC010039BC0100C4
:10BCA00039BC010039BC0100F3BC0100AB68800B5A
:10BCB00053F83030144810332360BEE7C0F38713C5
:10BCC000B3EBD05F4FEAD056B2DCB5E7C0F38831B2
:10BCD0002846FFF7C7FD20600C48AEE7EB6933B19B
:10BCE000C00D53F82030103309482360A5E7094BF5
:10BCF000FAE7C0F388312846FFF7B4FD2060064814
:10BD00009BE7064899E700BF795B0300805B03006F
:10BD1000865B0300B16003008E5B0300735B03006E
:10BD20002DE9F74F0B783E2B0546884614461FD168
:10BD3000836853F8086D836001F10108002706B39A
:10BD400004F1240308F1FF3A4FF001094FF0000B12
:10BD500000931AF8013F4BB36C2B7ED059D8532B6C
:10BD60005ED0662BF5D04C2B18BF4FF00009F0E7E2
:10BD7000136E33B1876A182202FB03777B681E6853
:10BD8000DDE7674B67492161C4E90133664BE36036
:10BD90004FF0FF33C4E9073363613C2204F1240010
:10BDA000002600F06DFF4FF00109A66166214046B4
:10BDB0000CF05EFA88B1AA68002E00F0918016603F
:10BDC00006235360EB699B1A082B03DC01212846EC
:10BDD00011F0D4FCAB680833AB604C2140460CF04A
:10BDE00047FA90B116B1B479002C7BD0AB68002231
:10BDF0005A60EB69AA689B1A082B03DC01212846CC
:10BE000011F0BCFCAB680833AB60484603B0BDE83A
:10BE1000F08F6E2B2ED0752B29D04FF0000998E7AC
:10BE2000B37963B14149424A21614FF0FF33E36185
:10BE3000E260009823623C2200F022FF89E7336928
:10BE40003C4A196AD86BDFF8F0C01B6CE061103116
:10BE50002161002808BF6246EAE72FB1394628462B
:10BE600011F088FB606174E74FF0FF30FAE7F37977
:10BE7000A3616EE71FB92A4BC4E901B369E77B6888
:10BE80005A68062A05D11B689B7913B97B69002B78
:10BE9000F1DC57F8143C5A68062AECD11B689A79F1
:10BEA000002AE8D11B69A7F11801DB680193284635
:10BEB00011F04AFB019B53F8202002F03E031C2B9B
:10BEC00003D002F03F03212BD5D1231DC2F38712EB
:10BED0002846FFF7A7FEA06000287FF43AAFCAE724
:10BEE00033466EE722462146284602F0B7FA336908
:10BEF000D3F8148007464FF0010A33691B6B9C424C
:10BF000003DBAB6805221F6072E758F8242039462E
:10BF1000284602F06DFB0134C0E900AAEDE700BF3E
:10BF200089610300A65B0300A15B03009C5B030027
:10BF30009A5B030093600300955B03000EB4F0B5B9
:10BF400092B017AA044652F8041B029200F0F6FDC4
:10BF500061694B685A68062A064614D11F68BB7986
:10BF60008BB9204611F006FB3B69196A05463C2255
:10BF7000103103A800F084FE074900962B4603AA5F
:10BF8000204612F078FA204611F03EFB12B0BDE8D0
:10BF9000F04003B0704700BFB35B03007FB51546A8
:10BFA00000220B4603924968144A52F82160416905
:10BFB00004460A688868824208D3114933462A46F3
:10BFC000204604B0BDE87040FFF7B8BF934201D0EF
:10BFD0000832F0E7E2689A1AD21003AB2046FFF766
:10BFE00021FE03460028E8D0039A009205490196F5
:10BFF0002A462046FFF7A2FF04B070BDE44F0300BD
:10C00000E05B0300BD5B03004B68033B012B98BF63
:10C010001146014AFFF7C2BFF95B030073B50C4636
:10C02000054669462046164612F0F0FE044A0028EE
:10C030000CBF214631462846FFF7B0FF02B070BD65
:10C04000055C030010B51446094B4A68616853F853
:10C05000222053F82130947899788C4204D10549F4
:10C06000FFF76CFF002010BD0349FFF767FFF9E7FA
:10C07000E44F03001B5C03003C5C0300042970B523
:10C0800006460D46144610D005DC8D1E012D13D931
:10C090000834B46070BD0529FAD10B49172212F09B
:10C0A000ADFC042320606360F2E70849112212F01E
:10C0B000A5FCC4E90005EBE7836853F8082C22606F
:10C0C00053F8043CEFE700BF6C5C03005A5C0300CC
:10C0D000F8B518220D4B876A0E4602FB01F50131B7
:10C0E000994204460FD8016B2B464A43394612F059
:10C0F00054F96269A062D21B183D024428442663A9
:10C1000062616062F8BD00F0A1FCF2E7AAAAAA0A87
:10C11000026B44F620618A4207DD4269836AD31AC2
:10C12000024A934201DCFFF7D3BF7047D0520700A9
:10C13000016B38B544F62065A942044602DD0521AD
:10C1400011F0F0FA4900FFF7C3FF236BAB4203DDA8
:10C1500003492046FFF7F2FE60691830606138BD80
:10C16000865C03002DE9F041044608680D4612F094
:10C1700083FF2369D3E910329A42074602D320464F
:10C1800000F038FC194B1A4E29681B2F08BF1E46B9
:10C190002A1D2B692046B047A26C90F8481005462E
:10C1A000204611F0CBFC0746064647F8105F4FF0DB
:10C1B000000895F84830434510DCA2680623536018
:10C1C000E36916609B1A082B03DC0121204611F05D
:10C1D000D5FAA3680833A360BDE8F081204611F0CA
:10C1E000CAFC08F1010847F8040FE2E711EE01006C
:10C1F000B9E70200F0B5476C9BB004469446002FA7
:10C2000034D090F83930002B30D0636980689A6858
:10C21000256A01910429A0EB0506A2EB050518BFCC
:10C22000A26ACDF818C01FBF9B1A114ADB105343F6
:10C2300008BF00231993E3691B1AA02B03DC142108
:10C24000204611F09BFAA3686269A0339360002333
:10C2500084F8393001A92046B847012384F83930E1
:10C26000236A62691D4433449560A3601BB0F0BD2E
:10C27000ABAAAAAA2DE9F04F4B6885B0062B04465D
:10C280000D46019223D0102202F0E0FB4368276A9A
:10C29000062B0646A5EB070704D09F4A29462046F1
:10C2A000FFF77CFEA26813469D4266D3E3699B1AA2
:10C2B000082B03DC0121204611F060FAA3683268E4
:10C2C0000833A360236ADD19DA5173686B60236A4F
:10C2D0002A68A5EB030AD4E90531D960A168E369AE
:10C2E0005B1A9179002940F0E080176997F84B10AC
:10C2F000B3EBC10F02DC204611F040FA256A97F833
:10C300004A20A36897F849605544002A3DD105F1B9
:10C31000080808EBC6069E4200D2A6606069636A00
:10C32000984240F0BC802046FFF702FFC0E900853C
:10C33000C4F80C8097F84B30FA68019908EBC303F6
:10C3400083600025A2610161A16845618B4200F212
:10C35000A980A36094F83830D9070AD50432A261C5
:10C3600000214FF0FF322046FFF744FFA369043B52
:10C37000A361002005B0BDE8F08F53F8081C1960D8
:10C3800053F8041C5960083B8EE75B1BDB10581EFA
:10C3900001464FF0000C8E4255DC711CCB1AB042A6
:10C3A000C8BF0023034412F00405009333D0A3EB6D
:10C3B00006082369D3E910329A4202D3204600F0DE
:10C3C00019FBE369A26897F84B109B1AB3EBC10FF6
:10C3D00002DC204611F0D2F901224146204602F04B
:10C3E0003DF86FF00709054609FB08F90022904562
:10C3F00032D14A490122204612F000FB294602466A
:10C40000204602F095FA07EE908AF8EEE77A0323C9
:10C41000C0ED007A4360D4F80880009A6FF00703FB
:10C42000002103FB02838C468E4203F1080328DCC3
:10C4300035B1A36803F10802A26005221D605A60AD
:10C44000256A55446AE7A56805F1080EC4F808E0B6
:10C450000131C5F804C09EE7D4F808B001320BEBF7
:10C460000903294620460393029202F0C1F8039B78
:10C470005BF809105B68029A0160436009F10809E2
:10C48000B5E7A06800F10802A26053F8082C02602A
:10C4900053F8042C4260013143F804CCC4E718304F
:10C4A000606143E74D60083150E7A02B03DC1421A5
:10C4B000204611F063F96069636A984227D12046EB
:10C4C000FFF736FE236A5344436008330360E3609A
:10C4D000A368A0338360019B036194F83830DB07C5
:10C4E00005D54FF0FF3200212046FFF783FE636938
:10C4F0005B681B6820461B69984700280ADBA16817
:10C50000A1EBC001204611F05EF9012032E718309E
:10C510006061D7E702202DE70E6003001960030079
:10C5200010B58279044632B94FF0FF320839FFF76F
:10C53000A1FE68B110BD0022436982715A68126879
:10C54000927982B111F03FF910B163699B68A360E1
:10C55000A36A6169C91A054BC91020465943BDE851
:10C56000104002F0FBBD1B68C360F1E7ABAAAAAAAA
:10C57000838E01339BB2C72B70B504460D46164619
:10C58000838604D9C82B19D10F49FFF7D7FC32464F
:10C5900029462046FFF76EFE18B90121204602F019
:10C5A000DDFDA38E013BA3862369D3E910329A42B5
:10C5B00009D32046BDE8704000F01CBAE02BE6D954
:10C5C000052111F0AFF870BD845C030038B58379A4
:10C5D000012B04460BD01BB94269836A9A4206D0EC
:10C5E0001349204611F0D1F80225284638BDA38E04
:10C5F000C72B01D90F49F4E7A26801339BB2A2EB24
:10C60000C102A3860C49E386204611F02DF80546A9
:10C6100060B1A268A07101462046FFF72FFD636953
:10C62000A2689A60A38E013BA386DEE7A579F9E7AD
:10C63000955C0300845C030021C5010038B5828E3F
:10C64000C38E9A4204460D4602D90649FFF776FC8E
:10C65000A368A3EBC503E3600123A3714FF0FF3090
:10C6600038BD00BFBB5C030070B588B0036A079299
:10C6700082680391416E00910026D31A08490496FE
:10C6800003AA0446069611F0F1F8069A04990546A5
:10C690003346204611F081FE284608B070BD00BF29
:10C6A00065C101002DE9F74F446A637943F0040244
:10C6B00062712279053A0546042A00F29681DFE884
:10C6C00012F00500A4009401E0003B01A168A369F9
:10C6D000436229B14B79980702D0284611F040FBFC
:10C6E000A06838B90026E769013F54D2B0464FF040
:10C6F000000942E083791A07F4D4D5F8AC2003216D
:10C7000012F084FA0028EDD04368042BEAD10768C0
:10C7100010376B2138460BF0ABFD7621B0F10008E5
:10C720000646384618BF4FF001080BF0A1FD031E66
:10C7300018BF012350EA0602D4D062791B0143EAF4
:10C74000C80322F0180213436371EB6AA361EC6221
:10C7500076B1F0B1637923F004036371E369E279A0
:10C7600014200433904000EBC30003B0BDE8F08F09
:10C770000028B7D04FF00108C146E37901279F4058
:10C78000013F4FF0140B7B1C14D1B8F1000FE1D125
:10C79000E4E70126A7E7E36803EBC7025268032A30
:10C7A000A2DD53F837104B799B079DD0284611F036
:10C7B000D7FA99E723690BFB07FA03EB0A014A68EA
:10C7C00032B9CB68032B01DD0B23CB60013FDAE7E5
:10C7D0006EB9C86803280ADD89684879800706D0E1
:10C7E0002846CDE9002311F0BBFADDE90023B9F1B9
:10C7F000000FEBD1032AE9DD53F80A104B799A07B1
:10C80000E4D0284611F0ACFAE0E7E168A36843629F
:10C810004B799E0701D011F0A3FAA379BBB126464C
:10C820000027E079874205DBA379013833B3C000E4
:10C830001C309AE7B369032B06DD71694B799807C1
:10C8400002D0284611F08CFA01370836E9E7216951
:10C850004B799A0702D0284611F082FA04F11007AA
:10C860000026E0798642DFDA57F8041F4B799B07F0
:10C8700002D0284611F074FA0136F2E78000183031
:10C8800073E7E26D426223F00403826AE265846228
:10C890006371E36C032B05DDA16C4B799E0701D01E
:10C8A00011F05EFAA768A36A626993422FD9266ADB
:10C8B000A3689E4231D30023B7423AD2216B44F69B
:10C8C000206399421BDCA26A6369256A9B1A484A65
:10C8D000DB105343B1EB830F05DD102903DD491055
:10C8E0002046FFF7F5FBE16A7F1BFF10B1EB870FD6
:10C8F00005DD5A2903DD4910204610F0CFFE206BDC
:10C90000E36A00EB40000D331844C0002DE799683E
:10C910008F4238BF0F461833C7E77368032B06DD15
:10C9200031684B79980702D0284611F019FA083679
:10C93000BEE773600836BFE7636C4362236A1BB1CE
:10C940005A7922F003025A710026A36A9E421BDB29
:10C95000606A0023834227DB0026636B9E422DDB47
:10C96000A26B00210C26914234DBE16A5818236B3C
:10C9700013301844636A1844A36A02EB420200EBC6
:10C98000430010448000F0E6A36803EBC60252683F
:10C99000032A07DD53F836104B799A0702D0284650
:10C9A00011F0DEF90136D0E7E26952F823201AB11E
:10C9B000517921F0030151710133CBE7236953F819
:10C9C000261029B14B799B0702D0284611F0C8F9EF
:10C9D0000136C2E7A56906FB01F0285818B1457970
:10C9E00025F0030545710131BDE70020BDE600BF1C
:10C9F000ABAAAAAA70B50469636D626C0A255D438F
:10CA0000114B08BF1D46E36C1344226C9B1A06466B
:10CA1000E364304611F02DFB637D2D1A6BB1002DC0
:10CA2000F7DCE26C636CB2F5806F2ABFA2F580621E
:10CA300003F58063E264236470BD6422A36CB3FBDE
:10CA4000F2F3226D5343F6E7FEFFFF7F08B502497C
:10CA5000FFF774FA002008BDEE5C03002DE9F041F9
:10CA6000069C1E461368154604EBD472B3EB620FA6
:10CA70000746884616DBA34202DB0799FFF75EFAFA
:10CA8000621C6FF00203B3FBF6F39A420FD82A68D8
:10CA900006FB04F372434146384611F07EFC2C60DD
:10CAA000BDE8F0815C00042CB8BF0424E8E73846F8
:10CAB0000249FFF743FA0020F1E700BFEE5C0300F4
:10CAC0004FF0FF33FF2803D8034A105C1844704727
:10CAD0000833000AF6E700BF6E6B030037B50C465B
:10CAE00001A90546E8F72AFD019B2060AB421FD053
:10CAF0001B7803F0DF03582B0AD1102201A9284626
:10CB00000AF0ACFC07EE900AF8EE677AC4ED007A02
:10CB1000019B1A7872B1084913F8010B0A5C1207DD
:10CB200004D4B0FA80F0400903B030BD0193F3E7BC
:10CB30000020F9E70120F7E7395A03002DE9F04713
:10CB40000E4686B04A49DFF834910546144611F086
:10CB50003CFC4FF00108252130460BF089FB0746CD
:10CB600000286CD0D5F808A0821B3146284611F069
:10CB700045FF0423AA68CAF80430EB69CAF800002C
:10CB80009B1A082B03DC0121284610F0F7FDAE6844
:10CB900006F1080AC5F808A07B78662B3DD00ED8B0
:10CBA000632B19D0642B20D0252B46D025228DF85D
:10CBB000013000238DF800208DF8023013E0702B37
:10CBC00034D0732BF2D154F8041B002908BF494616
:10CBD000284611F0FAFB1CE054F8043B8DF80030B5
:10CBE00000238DF801306946F2E7F4EC017AF8EEA3
:10CBF000E77AC6ED027A0323F360EB69A3EB0A033D
:10CC0000082B03DC0121284610F0B8FDAB6808337F
:10CC1000AB6008F10208BE1C9DE7073424F007044E
:10CC2000F4E802010EF024FDB060E4E754F8042BB0
:10CC3000104968460AF034FED5E70F49C8E7314687
:10CC4000284611F0C2FBD5E90223D21AD210284699
:10CC5000013A08F1010102F0EDF9AB68A3EBC8035A
:10CC6000AB6053F8080C103006B0BDE8F08700BF89
:10CC700089610300B56403001C5D0300155D0300BA
:10CC8000F8B50B783D2B06460D46144607D1013109
:10CC900034440CF09DF8002304F8013CF8BD402B0F
:10CCA00018D101352846A2F10804E3F7A9FA17497B
:10CCB000074630460BF08EFFBC4205D23F1B14499D
:10CCC00030463D4409F050FE29463046BDE8F84064
:10CCD00009F04ABE0F49284609F04EFF113C844234
:10CCE00028BF04460C4930460BF074FF2B5D53B14E
:10CCF0002946224630460BF049F90549304609F0ED
:10CD000033FE0649E1E72946F8E700BF89610300E1
:10CD10001E5D0300225D0300255D03002F5D0300FF
:10CD200073B5C5696C690026C4B1A37A93B136B1F5
:10CD30000023227A00932321284613F06AFA28461A
:10CD400005F050FA211D0246284602B0BDE87040A9
:10CD500013F0C0B9637A24681E43E5E7014913F074
:10CD6000B7FEE4E7325D030013460268D26B13B5E9
:10CD7000044600695AB90A46084911F07CFB01468D
:10CD8000E068002202B0BDE8104005F025BB00932A
:10CD90000B46034911F06FFBF1E700BF435D030051
:10CDA000655D03002DE9F347C66996F832301344F8
:10CDB000C72B80468A46174604DD254AC8213046DF
:10CDC000FFF7D2FFD8F81C90D9F80040B9F93030FD
:10CDD000A56B9D420DDC1F4B019347F6FF7300933B
:10CDE000A169D8F820000C2304F13802FFF736FEC1
:10CDF000A061A16BA2692B460C200025994221DC81
:10CE0000B9F9303003EB430342F823A09AF8053018
:10CE10009A0708D063795B0705D5D8F820005246F9
:10CE2000214611F06EFAB9F830305A1CA9F83020BA
:10CE300096F83220174406EB4706A6F8AC3002B04D
:10CE4000BDE8F08700FB03FC013342F80C50D5E746
:10CE5000965D03008D5D030038B5056A044605F054
:10CE60009FFA05490246284611F005FB0146204677
:10CE7000BDE8384013F02CBEA65D0300026A938E15
:10CE800001339BB2C82B938603D90249002205F0D7
:10CE9000A3BA7047B45D03002DE9F34104460E4682
:10CEA00017461D4611F0F4FA10BB6368AB4206D179
:10CEB0003146204602B0BDE8F041FFF7CDBF314614
:10CEC0002046D4F8208005F06BFA39460646204605
:10CED00005F066FA0849009503463246404611F0CF
:10CEE000CAFA0146204602B0BDE8F04113F0F0BD99
:10CEF00002B0BDE8F08100BFD55D03002DE9F3412C
:10CF00000F461446054648B94FF0FF33C2E90333D4
:10CF100008231370FF235360082071E090F832005B
:10CF200005F1AC0101384FF00C0C461C4DD1A8683E
:10CF3000002322463946FFF7E1FF0828ECD02E688F
:10CF400096F848102A4600238B425EDB3C29D6F82F
:10CF5000248003D1354A2846FFF706FF96F848207B
:10CF6000736A9A420BDB324B0193324B0093F169A7
:10CF70002869042306F12402FFF770FDF061716A4D
:10CF8000F269434600208B424CDB96F8483042F869
:10CF900023707B799A0707D073795B0704D52869DA
:10CFA0003A46314611F0ADF996F84830227805EB53
:10CFB000430585F83320626885F834205A1C86F8CA
:10CFC00048200720636020701AE02E6831F8102096
:10CFD000B6690CFB02F2B258974201D00138A4E7BF
:10CFE0004FF0FF32C4E9032206222270606033B999
:10CFF0006B6923B11A7A904205DB01225A7206202E
:10D0000002B0BDE8F0811B68F3E792F833C02078E6
:10D01000844504D192F834C060688445D1D001338E
:10D02000023291E742F823000133ACE7FE5D0300D2
:10D0300089610300FDFFFF7FF8B5D0E90765002196
:10D0400007463046346811F0BFFA0A4613F022F959
:10D05000B3695A1CB2F1804F68D2E26AE1689B0062
:10D060009200284611F099F9B369E0605A1CB2F1B8
:10D07000804FE3625ED2226B61699B00920028467A
:10D0800011F08BF9B3692363B36A60615A1CB2F182
:10D09000005F53D2A26AA168DB00D200284611F0DB
:10D0A0007CF9B36AA362F36AA0605A1CB2F1804FA4
:10D0B00048D2626B21699B009200284611F06DF9FD
:10D0C000F36A6363B6F93030224A2061591C9142F9
:10D0D0003CD8A26B0C2103EB43034A439B00A1699C
:10D0E000284611F05AF9B6F93030626AA36394F811
:10D0F0004830A0619B009200E169284611F04DF98B
:10D1000094F848306362B368E061FB61FB686FF4D8
:10D110008E721344012B05D839693846CA6810311C
:10D1200013F0D9FCAB68103BAB60F8BD2846FFF7A5
:10D130008DFC99E72846FFF789FCA3E72846FFF70F
:10D1400085FCAEE72846FFF781FCB9E72846FFF7E4
:10D150007DFCC8E7555555152DE9F04F91B00446B3
:10D16000FFF78CFEE368A3F582721B2A05D8D0492D
:10D1700021FA02F2D20700F1AA80A3F58173656853
:10D18000132B00F2D482DFE813F0CB02A900D20205
:10D19000D202D202D202B300F6011400D2021D0262
:10D1A000D202D202D202A6018102D202D202D2025D
:10D1B0005A004FF0FF332046E6690A9311F0EAFA6D
:10D1C00040F205180746E368434521D0B3F5827F56
:10D1D0002FD1304605F006F80AA90246304612F073
:10D1E00079FF3946304612F08EFF204613F0B7FC27
:10D1F000204611F0B6FA0A99304612F084FF2B4609
:10D200004FF485724FF483712046FFF745FE52E0DC
:10D21000304604F0E7FF0AA90246304612F05AFFF2
:10D220003946304612F06FFF204611F0B3FA074638
:10D23000C9E73A460AA9304612F04CFFDBE7E66937
:10D24000204613F08CFC304612F040FF804620460A
:10D2500011F03CFA4FF0FF330B9301238DF832307D
:10D2600096F832308DF8303000238DF83130736904
:10D270000A930AAB736140F203110746204611F08E
:10D2800016FA204611F06DFA304604F0ABFF424624
:10D290000146304612F03EFF4FF483712B4640F2B8
:10D2A00015122046FFF7F8FD304611F0A3F9394674
:10D2B000304612F028FF00253B21204611F0E8F807
:10D2C000E36993F832205A62002D3FF44BAF226A93
:10D2D000938E013B938611B0BDE8F08F204613F08A
:10D2E0003EFC204611F03DFA2B4640F2031289E73E
:10D2F000E7694FF0FF334FF001098DF81E90069358
:10D3000097F832308DF81C304FF0000A8DF81DA0D0
:10D310007B69059305AB7B61204613F020FC20461A
:10D3200011F004F9D4F80CB0BBF13D0F804651D098
:10D3300040F20B12934503D0BBF12C0F40F0C68096
:10D34000D4F81C905B49D9F824A00F22204613F092
:10D35000C2FB002201462046FFF724FD56490B225E
:10D36000204613F0B8FB012201462046FFF71AFDC4
:10D3700052490D22204613F0AEFB02220146204600
:10D38000FFF710FD032241462046FFF70BFD042660
:10D390002C21204611F07CF8804600287BD140F2F9
:10D3A0000B11204611F083F90AA92046D4F804B0E5
:10D3B00011F0B4F90AAB02460321E06911F0C5F897
:10D3C0000321484604F0F8FECDF80080F31E5A46CB
:10D3D00051463FE0E6693A49736A03930B222046BF
:10D3E00013F079FB524601462046FFF7DBFC354936
:10D3F0000B22204613F06FFB4A4601462046FFF7FA
:10D40000D1FC31490A22204613F065FB0222014675
:10D410002046FFF7C7FC032241462046FFF7C2FC27
:10D420005946204611F043F9204611F08EF92C217F
:10D43000204611F03CF9204611F087F92C212046B6
:10D4400011F026F8A8B1204611F07FF901230399C5
:10D4500000932A46204600F049FE20462B464FF412
:10D4600084724FF48371FFF717FD384611F0C2F84C
:10D4700021E74FF07E513046D6F8248012F06DFE41
:10D48000494603464246304612F00FFF49463046B1
:10D4900012F04FFEDAE7204611F048F806F10108D5
:10D4A000014632462046FFF77DFC464670E700BF46
:10D4B000070001082A5E03003A5E0300465E03008F
:10D4C000075E0300135E03001F5E0300A6492046AB
:10D4D00013F0FEFAC1E7E669304612F0F7FD4FF0AF
:10D4E000FF31012306918DF81E3096F832208DF819
:10D4F0001C2000238DF81D30074670698DF83230EE
:10D500008DF8313005AB0A930AAB0B918DF83020C2
:10D5100005907361204613F022FB2046FFF71CFEA6
:10D520002B464FF488724FF48A712046FFF7B4FC03
:10D53000204611F0CBF89DF8313005464BB9304606
:10D5400011F058F8E0693A46294612F0E3FD3046FA
:10D550008CE72046FFF7E4FB2946E06912F0D3FD93
:10D56000304611F047F83046E56904F03BFE3A4694
:10D5700001462846E9E7204613F0F1FA05A92046BE
:10D5800011F00DF8E3682E2B15D03A2B18D105A910
:10D59000204611F076F801222B460AA9204600F019
:10D5A000E7F8E06905A90AAA13F0DBF9E069294662
:10D5B00012F026FE7FE605A9204611F062F8E1E7A9
:10D5C0000022E9E7204613F0CAFA40F2091120468A
:10D5D00010F05EFF054690B32046E56910F0A6FF07
:10D5E000002201462046FFF7DDFB4FF0FF336A6A59
:10D5F0000692CDE908330121062328468DF8143020
:10D6000012F097FDE069012111F011F86368002222
:10D610000AA9204600F0ACF80AAA05A9284613F08A
:10D62000A0F995F83230296805EB4303B3F8AA2036
:10D630008B690C2101FB0233AA695A603BE6204644
:10D6400010F074FF2A4601462046FFF7ABFB2C2161
:10D650002046013510F01CFF0028F0D13D21204666
:10D6600010F016FF024670B10AA9204611F056F8D4
:10D670000246E06929460AAB10F067FFE0692946D7
:10D6800010F0D5FF17E68DF82800F2E72046E6698E
:10D6900013F065FAE368A3F582721B2A2ED8334B88
:10D6A000D340D9072CD40AA9204611F037F89DF8A9
:10D6B00028300D3B012B054625D84FF0FF320AA933
:10D6C000304612F055FD9DF828300D2B0CD1012D60
:10D6D0000AD133680B99DA6852F8213023F03F03FE
:10D6E00043F01D0342F8213096F832104FF0FF3519
:10D6F0002A46304612F0CEFD0125DDE53B2BD2D186
:10D7000000252946F4E7012D0AA9304603D112F07D
:10D71000C4FE0146ECE712F0ACFE96F83210E7E7E3
:10D72000204613F01CFA2046FFF7FAFAE4E70BA9AB
:10D730002046E56900F0EAFB9DF82C300D2B0BD15B
:10D740002B680C99DA6852F821306FF3963343F462
:10D75000804342F82130AEE5002301220AA9204689
:10D760000A9300F039FCA6E5545E030007000108A7
:10D770002DE9F04FADF5157D05AE0F4631469946C2
:10D780000446154610F08EFE33682821C3F83C90FD
:10D79000204610F08CFF6DB168490422204613F03A
:10D7A0009AF9002201462046FFF7FCFAE0690121C0
:10D7B00010F03DFFD4F81CA0DAF80080002588F8AE
:10D7C0004A50E368292B1DD040F2171BE3685B45E4
:10D7D0005AD040F21D12934269D1204610F0A6FEA5
:10D7E0006B1C01462A4620460393FFF7DBFA039B96
:10D7F0001D4698F84A302BB92C21204610F048FEDF
:10D800000028E3D12946E06910F011FF98F84A207A
:10D810009AF8321002F001028A1A88F8492050461C
:10D8200012F087FC2921204610F041FF2046FFF727
:10D8300093FC336862681A644FF483714B4640F27C
:10D8400009122046FFF728FB2046FFF7F5FBE569A4
:10D85000D5F80080EB6AD8F8349099450DDC384B48
:10D860000193384B0093D8F81010206A042308F174
:10D870003402FFF7F3F8C8F81000D8F83420D8F8CD
:10D8800010104B4600201AE0204613F068F92E498C
:10D890000322204613F01FF96B1C01462A4620463E
:10D8A0000393FFF77FFA072288F84A209FE727496A
:10D8B000204613F00DF99CE741F8230001339A420A
:10D8C000FADCEB6A5A1CEA62326841F82320537989
:10D8D000990707D098F805305B0703D5206A4146C1
:10D8E00010F00FFDEB6A0022013B2421284612F0C4
:10D8F000DCFC4FF0FF33C7E9033300240B233B70FC
:10D900007860A0463746336893F848309C4207F168
:10D91000020703DB0DF5157DBDE8F08F97F8311098
:10D92000CDF80080063918BF012197F83230002267
:10D930008900284612F06DFC0134E4E7695E0300BB
:10D940008B5E0300FFFF03006E5E0300725E030048
:10D950002DE9F043064689B00C461746FFF78EFACC
:10D96000F3682D2B4BD0B3F5877F63D0232B63D087
:10D97000B3F58F7F11DCB3F5897F13DC40F2091218
:10D98000934200F0A180B3F5857F2BDA7B2B00F06A
:10D99000968040F2071293426ED02146304600F046
:10D9A000B5FA3AE06FF489710B440B2BF5D801A25C
:10D9B00052F823F06DDA01009BD901009BD90100D8
:10D9C0009BD9010085DA01009BD901009BD9010098
:10D9D0009BD901009BD901003DDA01009BD90100D0
:10D9E00055DA010040F20D129342D6D14FF0FF33C9
:10D9F000C4E90333012323700023636026E000257C
:10DA0000304613F0ACF8082221463046FFF7A0FF5D
:10DA1000F0692246294612F095FEF3685E2B00F06D
:10DA2000CD8000F392802F2B00F38880242B66DCBE
:10DA30000F2554E00125E3E70225E1E74FF0FF332E
:10DA4000C4E903330523237033696360304613F060
:10DA500086F8E2E73169F06912F074FB4FF0FF33AA
:10DA6000C4E90333042323706060EFE74FF0FF3312
:10DA7000C4E903330223BEE74FF0FF33C4E90333A5
:10DA80000323B8E7F5692B6893F84A301BB95C4962
:10DA9000304613F01DF82A6892F84A3023F0040348
:10DAA00082F84A300022012300922521284612F0F4
:10DAB000B0FB4FF0FF33C4E903330E23D3E7214615
:10DAC000304600F0E5F8A8E7304613F048F87368F0
:10DAD000002221463046FFF74BFE9EE70725DFF880
:10DAE00024910F2D03D019F81530BB4270D8326A3B
:10DAF000938E2846013B938609B0BDE8F083253B11
:10DB00000A2B95D801A252F823F000BFA9DB01002F
:10DB100031DA010031DA010031DA010031DA0100D5
:10DB2000A1DB010039DB010031DA0100C5DB0100B6
:10DB300031DA0100A5DB01000025D0E73C2B43D002
:10DB40003E2B14BF0F250B25C9E740F2011293426B
:10DB50003CD06FF4877213440C2B3FF669AF0C2B4B
:10DB60003FF666AF01A252F823F000BFB9DB010017
:10DB700031DA010031DA010031DA010031DA010075
:10DB800031DA010031DA0100C1DB010031DA0100D4
:10DB9000ADDB0100B5DB0100B1DB0100DDDA010026
:10DBA00002259CE703259AE7042598E7082596E7D0
:10DBB0000A2594E70C2592E70E2590E705258EE7C8
:10DBC00006258CE701258AE7092588E70D2586E7E4
:10DBD000304612F0C4FF2946F069224612F07BFE5F
:10DBE00009EB450303A95A783046FFF7B1FE2946F1
:10DBF000804603ABF069224612F0EEFC454670E722
:10DC0000A35E0300946C03002DE9F041C268C5696E
:10DC100040F21D139A42D5F824808CB004460E467B
:10DC20002DD11949B3698B4203DD184A2846FFF705
:10DC30009BF802A9204610F013FDB3690133B361CC
:10DC400020463D2110F033FD02A9284612F04AFC7F
:10DC500007A90746204610F036FD736907A9284634
:10DC60005C6812F03FFC3B460090224609212846A2
:10DC700012F0CFFAC5F824800CB0BDE8F08102A9FB
:10DC800010F039FDD9E700BFFDFFFF7FCE5E030036
:10DC90002DE9F043C569D0F804908DB04FF000082D
:10DCA0000E460446434642460A21CDF800802846E7
:10DCB00012F0AFFA0B224FF0FF333270C6E9033394
:10DCC000706031460746E0690896CDE90633CDE934
:10DCD0000988CDF82C808DF80C80CDF8108012F0DA
:10DCE000C8FB7B21204610F0E2FC4A4E4FF00008B2
:10DCF000E3687D2B43D09DF80C3083B103A92846FF
:10DD000012F0B7FB0B9B8DF80C80322B07D10899D2
:10DD10000A9A4968284612F05EFECDF82C80E36826
:10DD20005B2B1CD040F21D12934262D1204612F0B0
:10DD30002DFF63693D2B03A9204612D010F0C3FCD0
:10DD40000A9BB34204DD344AE0693146FFF70CF820
:10DD50000A9B01330A930B9B01330B9303E003A946
:10DD60002046FFF751FF2C21204610F091FB0028A0
:10DD7000BED13B21204610F08BFB0028B6D14B468C
:10DD80007B227D212046FFF787F80B9BB3B19DF8DE
:10DD90000C30A3F10D02012A2ED84FF0FF3203A957
:10DDA000284612F0E5F908990A9A49684FF0FF33BE
:10DDB000284612F010FE0A9B013B0A932B680A9832
:10DDC000DB6853F8274010F01CFB2B68C4F31604E3
:10DDD000DB6844EAC05443F82740099810F011FB6F
:10DDE0002B68DB6860F3963443F827400DB0BDE83C
:10DDF000F08303A92046A1E71BB103A9284612F02E
:10DE000038FB0899DDE90A234968284612F0E3FD4A
:10DE1000D4E700BFFDFFFF7FCE5E03002DE9F04198
:10DE2000C368C56947687B2B88B004460E464CD052
:10DE3000B3F58F7F4DD0282B5BD18368BB4202D0D6
:10DE4000304912F045FE204612F089FEE368292B86
:10DE500030D100238DF80C303B4628222921204662
:10DE6000FFF71AF89DF80C30D6F80480A3F10D02E4
:10DE7000012A08F1010442D91BB103A9284612F076
:10DE8000F8FA6B6A1B1B02220092013342461C21E6
:10DE9000284612F0BEF94FF0FF33C6E903330D23D5
:10DEA000706033703946284612F0AAF96C6208B0E7
:10DEB000BDE8F08103A9204610F030FC4FF0FF329E
:10DEC00003A9284612F054F9C6E703A9FFF7E0FEBC
:10DED000C8E70169284612F035F94FF0FF33CDE964
:10DEE00006330490042320468DF80C3012F037FEE0
:10DEF000B8E7054908B0BDE8F04112F0E9BD4FF0C0
:10DF0000FF33C0E7E55E0300165F03002DE9F04133
:10DF1000C768C669282F86B004460D4607D040F270
:10DF20001D139F4220D02B4912F0D2FD11E0D0F8F2
:10DF3000048012F014FE2946204610F0C4FB29216B
:10DF4000204643463A46FEF7A7FFE069294612F00D
:10DF5000B7F9E3683A2B2BD009DC282B10D02E2BF5
:10DF600013D006B0BDE8F08110F019FBF1E75B2B90
:10DF700010D05A2BF5DD7B2B02D0B3F58F7FF0D17B
:10DF80002946304612F075FA1EE02946204610F068
:10DF900078FBDEE72946304612F07FFA01A92046D9
:10DFA00010F0A9FB01AA2946304612F0DCFAD0E7AE
:10DFB000204612F0D4FD01A9204610F051FB01AA21
:10DFC0002946304612F098FB29462046FFF726FFE7
:10DFD000BFE700BF325F03002DE9F0410B79063B3C
:10DFE000032B88B004460F46164602D93D4912F06D
:10DFF0006FFD2C21204610F04BFA054600284BD02F
:10E0000003A920460297FFF781FF9DF80C30062BED
:10E0100011D1D4F81C80D8F824C03946002039BB6F
:10E0200048B10091049B6246404612F0F2F801218B
:10E03000404612F07EF8236A998EC1F1C801B142C0
:10E0400003DA294AE069FEF78FFE721C02A9204616
:10E05000FFF7C2FFE069436A4FF0FF32CDE90522C6
:10E06000013B0C228DF80820039302AA391D33E0EE
:10E070000B79092B0ED1049B8A689A4208BFC1F81C
:10E0800008C0049BCA6808BF28469A4204BFC1F86A
:10E090000CC028460968C2E73D21204610F007FB66
:10E0A00002A9204610F03AFBB04205460DD00246C8
:10E0B00002ABE069314610F048FAB542CADDE269C8
:10E0C000536AAD1B5B1B5362C4E7E06902A912F0FF
:10E0D00079F8E06902AA391D12F043FC08B0BDE8E6
:10E0E000F08100BF445F0300515F03002DE9F0475A
:10E0F000C46986B005460E9F204689460321904696
:10E100009A4610F094FA40F20311284610F0CFFA24
:10E11000002F41D0274B4A462021204612F0C5F857
:10E120004FF0FF33049300238DF816308DF815302F
:10E130006369039303AB94F832206361064651464A
:10E14000E8698DF8142010F072FA5146204611F05B
:10E15000F0FF284610F005FB204610F04BFA314640
:10E16000204611F0D0FFDFB1124B4A461F21204656
:10E1700012F09BF805464146204612F041F81FB9BF
:10E18000204604F02FF80546721C2946204611F05F
:10E19000C1FF06B0BDE8F087204604F023F8BFE7D2
:10E1A000CDF800A03B464A462121204612F031F826
:10E1B000E0E700BFFEFF0100F8B50146044605692F
:10E1C00010F02EFB02220021204600F047F905271F
:10E1D0000222A0640021E7642046266900F03EF98F
:10E1E0002021C6E91707204610F0C7FB204600F0A3
:10E1F00009FC204604F0BAF806491122204610F026
:10E20000FDFB437943F0200343716B6C9B002B644F
:10E21000F8BD00BF5A5C0300F8B500220E46074661
:10E220004FF4A67311463046B8470446002852D032
:10E2300000F16803036146F2081383804FF4807392
:10E24000038700F1D0030025C0E93733212305629D
:10E25000056645648565056085714561856145662E
:10E26000C564C0F8A8508566C0F8C850C0F89C5076
:10E27000C0F8A450C0F8C050C0E90F55C0E90A5515
:10E28000C0E90C55C0E91D76C0E91B55C0F8CC00AB
:10E29000A0F87C3000F18403C0E922354FF4A67366
:10E2A000C0F8AC30C823C0E92050C0E92455C0E90B
:10E2B0002E33C0F89850C0F8B45024222946E430D8
:10E2C0000AF072FB05492A4620460FF0CDF918B135
:10E2D000204610F0E1FA00242046F8BDB9E1010023
:10E2E000F8B507460E46144642B919480861154666
:10E2F000142303FB0400F5717061F8BD501EFEF796
:10E30000DFFB451C1A2D03DD12493846FDF716FECA
:10E310000124114BAC40621C9A4214D814230022F1
:10E32000AB401146384610F038F800223061031D2A
:10E330001146A24203F11403DADA43E9031143F868
:10E34000141C0132F5E73846FEF780FBEDE700BF0D
:10E350008C4F0300945E0300CCCCCC0C53682DE9A9
:10E36000F04180460E461546002B48D0032B20D1A5
:10E37000D2ED007ABDEEE77A17EE104AB8EEC77A12
:10E38000F4EE477AF1EE10FA13D1002C11DDCB69CF
:10E39000A3420EDB013CF369601C834232DCC01AED
:10E3A000F37901229A404FF0140C824241DC0020A4
:10E3B0003DE02946304610F0D2FB0746294607F1DA
:10E3C000080010F038F8044648B9FB680B2B0ED152
:10E3D0006B68032B0BDDBA682B689A4207D133694F
:10E3E000F0691C4AFB1A9B1002FB0304D3E73F6948
:10E3F000002FE3D118494046FDF7A0FDCBE74FF0D1
:10E40000FF34C8E7F16801EBC002C400576801306F
:10E41000002FC2D007EE900AF8EEE77A0323C5ED8D
:10E42000007A6B600B59AB605368EB600120BDE86C
:10E43000F08134690CFB00F163185F683FB19A68A2
:10E440002A60DA686A6062585B68AA60EDE70130AA
:10E45000ABE700BFCDCCCCCC695F0300F8B5164666
:10E4600000220F462023114605460FF096FF052295
:10E470000446014628460FF063FF0023C4E9023337
:10E48000E361FF22074BE28023613A46214628469A
:10E4900010F049FB284632462146FFF721FF20466F
:10E4A000F8BD00BF8C4F030070B50E4B0C460969D8
:10E4B0009942054606D0E2791426002306FA02F2B4
:10E4C0000FF06BFFE269E1680023D20028460FF0ED
:10E4D00064FF214628460023BDE8704020220FF04B
:10E4E0005CBF00BF8C4F0300C3694A1E9A4206D22C
:10E4F000C06801F10051013900EBC100704707EE1F
:10E50000901AF8EEE77A0369F5EE407AF1EE10FA28
:10E510000ED0C17901228A40013A17EE901A42F0DA
:10E520000102B1FBF2F002FB1011142202FB0133D5
:10E53000DA68032A08D193ED027AF4EE477AF1EE15
:10E5400010FA01D1184670471B69002BF0D1014821
:10E55000704700BF844F0300C279006901239340D4
:10E560008A68013B1340142202FB0300C368042B9A
:10E5700002D183688B4203D000690028F6D101489C
:10E58000704700BF844F03004A68032A38B503462A
:10E590000D4614D0042A0DD02AB32946184610F08F
:10E5A000DEFA0446294604F108000FF044FFB8B132
:10E5B000204638BDBDE838400968FFF7CDBF91ED72
:10E5C000007AFDEEC77AF8EEE76AF4EE476AF1EEFC
:10E5D00010FAE2D1BDE8384017EE901AFFF784BF79
:10E5E0002469002CDED10148E3E700BF844F03001B
:10E5F00073B50D460646114628461446FFF774FFCC
:10E60000084B98420CD107EE904AF8EEE77A0323C4
:10E610006A4629463046CDED007A019300F088F82D
:10E6200002B070BD844F03002DE9F74FD1F81C9064
:10E6300091F807800F69914506460C4615469A46A3
:10E6400001DA10F070FA524621463046FFF748FED4
:10E65000A94526DDE5612A46D4F80CB00BEBC20AC9
:10E66000D300DAF80410013269B121463046CDE911
:10E670000023FFF7BDFF019B009A5BF803300360A6
:10E68000DAF8043043609145E6D16B1CB3F1005FCA
:10E6900022D2E168EB004FEAC90230460FF07DFE5E
:10E6A000E0604FF00109142509FA08F905FA08F5A8
:10E6B00009F1FF393D44B9F1000F11DA134B9F42C4
:10E6C00021D01422002302FA08F23946304603B062
:10E6D000BDE8F04F0FF061BE3046FEF7B7F9DFE757
:10E6E00055F8103C5BB1A5F10C022146304600F014
:10E6F000F3F855F8143C036055F8103C436009F1F9
:10E70000FF39143DD7E703B0BDE8F08F8C4F03000D
:10E71000064B10B40C699C421DBFCC790123A34069
:10E7200000235DF8044BFFF77FBF00BF8C4F030051
:10E730002DE9F04F0E469DB08046114630461746F3
:10E7400010F00DFA436805461BB9624B984240F041
:10E75000A780D6E90413143B1A46143399421AD3FE
:10E7600000247261002C40F085806C22214601A8B3
:10E770000AF01AF90DF1040A0123D6F81CE0D44678
:10E780001B251846704557DD734529DC72469B46AC
:10E790004FF0000910E0D068A2F114030028DBD18B
:10E7A0001446DEE7F16801EBCB0151F8041C09B116
:10E7B00009F101090BF1010B9345F3DDC3F10101EF
:10E7C000114401329342C8BF0021DCF80020013D12
:10E7D0004A444CF8042B0B444C444FEA4000D1D13E
:10E7E000F37901259D404FF0000B013DD9461423DC
:10E7F000691C23D101A9384610F0E6F9A344A144CD
:10E800000022584409F1010913461446012101EB85
:10E81000D175B0EB650F4FEA650C1EDC3146404602
:10E82000A9EB0303FFF700FF3A46314640461DB00F
:10E83000BDE8F04F00F050B80246A8E7306903FB8E
:10E84000050042683AB101A9083010F0BDF909F19C
:10E85000010983441423013DCAE75AF8045B002DE3
:10E8600004DD2C446445C4BF0A462346A042D5D0EB
:10E870004900CCE705F10801304610F070F98542F7
:10E8800023D003460069A842FBD11C61AC46BCE81A
:10E890000F000FC4DCF80030236000232B616B6095
:10E8A0003B68AB607B68EB60032B0ADD3B685B7900
:10E8B0009A0706D073795B0703D5314640460FF0BF
:10E8C00036FD28461DB0BDE8F08F2B6923612C6111
:10E8D0002546E5E78C4F030070B50E460546114608
:10E8E00030461446FFF750FE0023B3710D4B8342B0
:10E8F00017D1636853B90C492846FDF71FFB224620
:10E9000031462846BDE87040FFF712BF032BF6D111
:10E91000D4ED007AF4EE677AF1EE10FAEFD0034905
:10E92000EAE770BD844F03007F5F0300925F03003E
:10E9300037B50C46054611462046FFF70DFE064B3F
:10E94000984207D1009104236A4621462846019344
:10E95000FFF7EEFE03B030BD844F0300F8B5C46985
:10E9600006462046C4B1F2686FF06041631802EBBE
:10E97000C3035B6883B918460AE023185D0801EBFE
:10E98000530302EBC3035B68002B14BF28462C46DD
:10E99000231A012BF1D8F8BD3269184B9A42FAD0EC
:10E9A000174F651C29463046FFF79EFD436823B983
:10E9B0002B1B012B15D82046EDE7B7EB450F4FEA8F
:10E9C00045032C460BD31D46ECE701342146304667
:10E9D000FFF78AFD4368002BF7D1601EDBE70124B7
:10E9E000F4E72F197F0839463046FFF77DFD43686D
:10E9F000002B14BF3C463D46DAE700BF8C4F0300B6
:10EA0000FDFFFF7F2DE9F0410F4F0446002557F829
:10EA1000046B3046E1F7F4FB314602462046D4F859
:10EA200010800FF0EBFF05F12803226948F823005E
:10EA300052F823205379013543F02003112D5371EF
:10EA4000E5D1BDE8F08100BFA04F03000346486850
:10EA5000052806D0072804D0196901EB8001C86F8A
:10EA600001E00968886828B11B69283253F8221030
:10EA7000FFF772BD00487047844F030010B504468D
:10EA8000C26800680B4604490FF0F5FC20680321BA
:10EA9000BDE810400EF046BE3760030010B50446D6
:10EAA000406810F001FB28B120460349BDE8104042
:10EAB000FFF7E4BF10BD00BF5360030013B504228D
:10EAC0000DEB02010446FFF7E9FF019B002B03DA7F
:10EAD00003492046FFF7D2FF019802B010BD00BFE6
:10EAE000626003000268938E01339BB2C82B2DE94C
:10EAF000F34704460E46938602D9B849FFF7BEFF96
:10EB000020680FF0B0F8054620688268092353603A
:10EB1000C36915609B1A082B02DC01210EF02EFE42
:10EB20002268936808339360204610F089F8002823
:10EB300018BF06462E622046FFF7C0FFE863204656
:10EB4000FFF7BCFF2864204610F06FF885F84800F6
:10EB5000204610F06AF885F84900204610F065F864
:10EB600085F84A00204610F060F885F84B002046F2
:10EB7000FFF7A4FF0646731CB3F1804F4FEA8007EE
:10EB8000206880F0A68000223B4611460FF005FC6D
:10EB90000146E860EE623A462046FFF77FFF2046D6
:10EBA000FFF78CFF0646731CB3F1005F206880F00E
:10EBB00093800022F30011460FF0EFFB0022A860C3
:10EBC000AE621146031D964200F3898000274FF084
:10EBD000040ABE4200F387802046FFF76FFF064617
:10EBE000731CB3F1804F206880F0B2800022B30024
:10EBF00011460FF0D2FB002328616E631A469E4235
:10EC000000F3A9800027BE4200F3A9802046FFF749
:10EC100055FF0646731CB3F1804F4FEA800720680A
:10EC200080F0A78000223B4611460FF0B6FB01465C
:10EC30003A4668612E632046FFF730FF2046FFF713
:10EC40003DFF674B0646721C9A42206800F2948092
:10EC50000C230022734311460FF09FFB0023A86191
:10EC6000AE631A460C219E4200F3898000274FF0C4
:10EC70000C0ABE4200F388802046FFF71FFF0646BD
:10EC8000731CB3F1804F206880F098800022B3009D
:10EC900011460FF082FB0023E8616E621A469E4225
:10ECA00000F38F800027BE4200F38F8028460EF0CD
:10ECB000A2FC18B94B492046FFF7E0FE23689A688A
:10ECC000083A9A609A8E2846013A9A8602B0BDE8C0
:10ECD000F087FDF7BBFE5BE7FDF7B8FE6EE743F894
:10ECE000321001326FE7D5F80890204609EBC708CB
:10ECF0000FF09BFF042826D8DFE800F00308251258
:10ED00001D000023C8F80430013762E720460FF0E9
:10ED10008CFF003818BF012049F837000123F1E7C4
:10ED200004220DEB02012046FFF7B8FE019BC8F854
:10ED300000300323E6E720460FF082FF49F8370052
:10ED4000C8F804A0E0E728492046FFF797FEDBE774
:10ED5000FDF77CFE4FE740F8232001334FE7296A97
:10ED6000D5F810802046FFF7BDFE48F82700013790
:10ED700049E7FDF76BFE5AE7FDF768FE6EE701FB1A
:10ED800003F70133C2516EE72046D5F818900FF013
:10ED900057FF0AFB07F8AB6949F80800204603EB68
:10EDA0000809FFF78BFEAB69C9F8040020469844B8
:10EDB000FFF784FE0137C8F808005AE7FDF746FE62
:10EDC00069E740F82320013369E72046D5F81C8025
:10EDD0000FF036FF48F82700013764E76E60030044
:10EDE00055555515896003007C600300074B1B686F
:10EDF00003605123037101230022837104234271B4
:10EE0000C371037243728372C272704792600300CF
:10EE100030B50446187840288BB001D03D2823D166
:10EE200001336846CDE9064109930892FFF7DEFFFA
:10EE30000C220DEB020106A8FFF730FE0C220DEBB1
:10EE40000201684607F02AFC18B10A4906A8FFF734
:10EE500015FE0222084920460FF0D0FD014606A803
:10EE6000FFF740FE0BB030BD044D1B2808BF2B46FA
:10EE7000D7E700BFA5600300B06003009760030000
:10EE80002DE9F34706460D4691461F464FF0640AAA
:10EE90006B68052B2DD12C6849462046FFF774FB83
:10EEA0004368804653B1D8F800303B60D8F804304E
:10EEB0007B6002B0BDE8F0872546E9E7A06800283E
:10EEC000F1D0817911F00101EDD13369D3F8A0209F
:10EED0000FF09CFE04460028E5D06368062B17D18E
:10EEE000CDF800902B462246394630460FF0C5FE3D
:10EEF000DFE7002229463046FFF7A8FD43680446B5
:10EF0000002BEAD1074A29463046FDF747F8E4E7E7
:10EF1000BAF1010AD0D10449304602B0BDE8F04749
:10EF2000FDF70CB82C680300B36003002DE9F74F20
:10EF300004460D4690461F464FF0640B6B68052B48
:10EF40005AD1D5F80090424649462046FFF7C4FC06
:10EF5000436882466BB13B68CAF800307B68CAF8E8
:10EF600004300022032B89F8062038DC03B0BDE80A
:10EF7000F08FD9F808000028EDD083799907EAD4FA
:10EF800023690121D3F8A4200FF040FE0646002893
:10EF9000E1D073683268062B3DD1A168C1E9002336
:10EFA0002B688B606B68CB60D8F800300B61D8F8A9
:10EFB00004304B613B688B617B68CB61E3695B1A12
:10EFC000202B03DC042120460EF0D8FBA16801F1C0
:10EFD0002003A36000222046FDF7CAFAC6E73B687B
:10EFE0005B799A07C2D099F805305B07BED54946D0
:10EFF00020460FF09CF9B9E7012229462046FFF789
:10F0000025FD43680646002BC3D1084A2946204601
:10F01000FCF7C4FFBDE7BBF1010BCDE900236D4652
:10F020008CD103492046FCF789FF9FE72C68030039
:10F03000C46003002DE9F04F054685B00F469046A9
:10F04000EC6808F1010304EBC30454F80C3C033BE7
:10F05000012B1AD9A4F110060F23083C0093224675
:10F060003346314628460FF036FE20B92246314657
:10F070002846FCF7C9FF0226013EBF1B012FA8EB63
:10F080000608DDDC05B0BDE8F08F54F8043C042B25
:10F0900006D0A4F1080128460FF051FF0028D9D06E
:10F0A00054F8083CD3F80C90B9F1000F2CD0A4F11F
:10F0B000100A0126B74231DC29694A463431284614
:10F0C00010F010F8B34681464FF0000A6FF00703C6
:10F0D00003FB0BF209EB0A00A158CA680392103136
:10F0E00007F042FA039ABBF1010B92446FF0070359
:10F0F000EED15246494628460FF080FCA4EBC604E8
:10F10000042320606360B7E754F80C3C042BB2D0B2
:10F11000A4F1100128460FF012FFACE7DAF8043032
:10F12000042B05D0514628460FF009FF0028C3D014
:10F13000DAF80030D3F80CB06FF00203A3EB090348
:10F140005B4503D804492846FCF7F8FED94401364C
:10F15000AAF1080AAEE700BFD56003002DE9F04F21
:10F160002DED028B8BB004460691D4E905395B681E
:10F17000E6681B6803931B69D3F8088094F838107D
:10F180004F4611F00C0F57F804BB3CD0226C013AEB
:10F19000226401F004050AB1002D34D00907A669E4
:10F1A000A76108D53AB9E26B226403214FF0FF3220
:10F1B0002046FDF71FF8CDB16269526812681269E6
:10F1C000D06851693D1AD9B14A1952F8042C042D5E
:10F1D00008D0B74206D919B1361A0E4456F8041CA5
:10F1E0008A4203D002212046FDF704F8A279012AC1
:10F1F00008D1C4F818900BB0BDEC028BBDE8F08FBD
:10F200000A46E4E7E668CBF3871A4FEACA030BF035
:10F210003F02049306EBCA05252A31D8DFE812F035
:10F22000260032003900460050005C006D0081006D
:10F230009100AB00C700E300EE001E0146016E0125
:10F240009801E50120023402470276023704980251
:10F25000BC02E50234034C0364038403D803FA03BD
:10F260001E045A048404D304D90410054FEADB5366
:10F2700006EBC30256F8333046F83A3053686B60F9
:10F28000B9467BE74FEA9B3308EBC30258F83330AB
:10F29000F2E74FEADB5246F83A2001226A60AB4AB5
:10F2A0001BEA020FECD009F10807E9E74FEADB534C
:10F2B00006EBC303083B00229D42DA60FAD9DFE780
:10F2C000039A4FEADB5302EB83035B699B681A687E
:10F2D00046F83A205B68D2E7039BDA680892052279
:10F2E00009924FEA9B32A7612B4608EBC20208A99C
:10F2F0002046FFF7C5FDE668C2E74FEADB51A7618C
:10F3000006EBC1011BF4800F4FEA9B3203D0D2B24F
:10F3100008EBC20203E0C2F3080206EBC2022B466E
:10F32000E6E7039BDA680892052209924FEA9B32CE
:10F33000A7612B4608EBC20208A92046FFF7F6FD9D
:10F34000D9E7039A4FEADB5302EB830356F83A20DE
:10F3500059698B681A606A685A606B68032B8FDD85
:10F360002A6853799B078BD04B795D0788D5204657
:10F370000EF0C7FF84E7BBF1000F4FEADB52B8BFC6
:10F3800022F480724FEA9B31B4BF08EBC20206EB55
:10F39000C2021BF4800F14BFCBB2C1F30803A761F4
:10F3A00014BF08EBC30306EBC3032946C5E74FEAC6
:10F3B000DB500FF034F88146CBF388300FF02FF894
:10F3C000494602462046FFF749F846F83A00052329
:10F3D0006B602369A761D3E910329A428BD3204630
:10F3E000FDF708FB87E74FEADB5206EBC20156F850
:10F3F0003220AA604A68EA60A76183E74FEADB52DD
:10F40000BBF1000FBABF22F4807208EBC20206EB18
:10F41000C2024FEA9B311BF4800F14BFCBB2C1F381
:10F420000803516814BF08EBC30306EBC3030329A9
:10F430000CD15968032909D1D2ED007A93ED007AF5
:10F4400077EE877AC5ED007A696019E7A761052133
:10F450000091294620460FF0F0FC4CE74FEADB52C2
:10F46000BBF1000FBABF22F4807208EBC20206EBB8
:10F47000C2024FEA9B311BF4800F14BFCBB2C1F321
:10F480000803516814BF08EBC30306EBC303032949
:10F4900009D15968032906D1D2ED007A93ED007A9B
:10F4A00077EEC77ACEE7A7610621D1E74FEADB52B4
:10F4B000BBF1000FBABF22F4807208EBC20206EB68
:10F4C000C2024FEA9B311BF4800F14BFCBB2C1F3D1
:10F4D0000803516814BF08EBC30306EBC3030329F9
:10F4E00009D15968032906D1D2ED007A93ED007A4B
:10F4F00067EE877AA6E7A7610721A9E74FEADB5203
:10F50000BBF1000FBABF22F4807208EBC20206EB17
:10F51000C2024FEA9B311BF4800F14BFCBB2C1F380
:10F520000803516814BF08EBC30306EBC3030329A8
:10F5300009D15968032906D1D2ED006A93ED007A0A
:10F54000C6EE877A7EE7A761082181E700C07F00C9
:10F550004FEADB52BBF1000FBABF22F4807208EB16
:10F56000C20206EBC2024FEA9B311BF4800F14BFAC
:10F57000CBB2C1F30803516814BF08EBC30306EB19
:10F58000C30303292ED1D3F80490B9F1030F29D175
:10F59000D2ED008A93ED008AC8EE887A17EE900AC1
:10F5A0000BF016FDE2F7DCFE02460B4618EE900A61
:10F5B000CDE904230BF00CFD824618EE100A8B46B1
:10F5C0000BF006FDDDE904230BF05AFD02460B4665
:10F5D000504659460BF09CFB0CF04AF8C5F80490D5
:10F5E00028604DE6A761092132E74FEADB59BBF1FC
:10F5F000000FBABF29F4807908EBC90906EBC909E5
:10F600004FEA9B321BF4800F14BFD3B2C2F308033E
:10F61000D9F8042014BF08EBC30306EBC303032A85
:10F6200019D1D3F804A0BAF1030F14D118680BF064
:10F63000CFFC02460B46D9F80000CDE904230BF0BD
:10F64000C7FCDDE9042303F071FD0CF011F8C5F8E7
:10F6500004A0286014E60A22A76100924A46F8E650
:10F660004FEADB5306EBC3035A68032A07D1D3EDF5
:10F67000007A6A60F1EE677AC5ED007A00E60B2247
:10F68000A76100921A46E4E64FEADB5306EBC30398
:10F690005A6842B1012A08D11B68B3FA83F35B09A7
:10F6A0002B600123EBE50123FAE70023F8E74FEA9B
:10F6B000DB5306EBC309D9F80420042A0DD0052A30
:10F6C00012D156F83300FFF749F907EE900AF8EE29
:10F6D000E77AC5ED007A0323D1E556F83330D3ED50
:10F6E000037AF8EE677AF4E70C23A761B54A009332
:10F6F00049462B4620460FF0EEFA00287FF4FBAD7A
:10F70000B14A49462046FCF749FCF4E5CBF3883280
:10F71000A2EBDB51A76101312046FFF78BFC236987
:10F72000D3E910329A424FEADB5502D32046FDF767
:10F7300061F9E6684FEACA02324406EBC503934614
:10F740005B6856F8352046F83A20CBF8043097E548
:10F750004FEADB51BBF1000FB8BF21F480714FEAD3
:10F760009B32B4BF08EBC10106EBC1011BF4800F53
:10F7700015BFD2B2C2F3080208EBC20206EBC20206
:10F7800048685368A761984204D120460FF021FCD5
:10F7900082451EE00020FBE74FEADB51BBF1000F82
:10F7A000B8BF21F480714FEA9B32B4BF08EBC101AE
:10F7B00006EBC1011BF4800F15BFD2B2C2F30802E1
:10F7C00008EBC20206EBC202A76120460FF0D6FB8F
:10F7D000504504BF7D4BD9F80420E66804BF03EB15
:10F7E000923307EB830704374AE54FEADB55BBF159
:10F7F000000FB4BF25F4807506EBC5054FEA9B32B8
:10F80000B8BF08EBC5051BF4800F15BFD6B2C2F315
:10F81000080208EBC60606EBC2066B687268A761B1
:10F82000934205D0324629462046FCF70BFCAFE751
:10F83000032B0BD195ED007AD6ED007AB4EEE77A82
:10F84000F1EE10FA94BF01200020A1E7042B08D1AB
:10F85000316828680FF05FFA0028CCBF0020012033
:10F8600096E70E233246294620460FF074FA431CD1
:10F870008ED131460D232A4620460FF06CFA411CEA
:10F88000D0D080F0010083E76A688AB1012A11D1E3
:10F890002A68B2FA82F25209CBF388339342A2D09B
:10F8A000D9F80420494B03EB923307EB83079AE71F
:10F8B0000122F1E70022EFE74FEADB5106EBC1013D
:10F8C000486868B101280DD10A68B2FA82F252097B
:10F8D000CBF38833934286D00B68C5E90030DFE76D
:10F8E0000122F5E70022F3E75FEADB53CBF388362A
:10F8F00018BF05EBC30306F1FF3618BFA360A7616D
:10F90000324629462046FCF7B5FC48B101287FF471
:10F9100072AC01363FF4EFAC63699B68A360EAE424
:10F92000069B0133069320E45FEADB531CBF05EB23
:10F93000C303A360A7614FF0FF3229462046FCF7BE
:10F9400099FC18B101283FF4D6AC54E46569A36D65
:10F9500055F8147C6E6823B155F8181C20460EF03B
:10F960005DF92B689A1B55F8143C1344A26845F8BE
:10F97000183C3846E36031468A4200F1080018D846
:10F98000D31D9B1B23F00703073E964288BF00232D
:10F990001F44A369A76045F80C3C55F8043C45F8A2
:10F9A000107C013345F8043C6369183B6361FFF741
:10F9B000DCBB0B6840F8083C4B6840F8043C08315D
:10F9C000DAE700BF844F0300EC6003000100FE3F54
:10F9D0005FEADB531FBF03F1005303F1FF3305EB75
:10F9E000C303A360A36D1BB1314620460EF016F988
:10F9F000A761294620460DF0E6FE069B013B0693D3
:10FA00003FF4F9AB00283FF4B0AB63699B68A36097
:10FA1000FFF7ABBBD5ED046AD5ED007A95ED027A20
:10FA2000F5EEC06A76EEA77AF1EE10FAF4EEC77A38
:10FA300010DDF1EE10FA3FF623ACA24BC5ED007AD3
:10FA400003EB9B3307EB830703236B60C5ED067A5B
:10FA5000EB6115E4F1EE10FAEFDA11E46A68A761E0
:10FA6000032A05F1100919D0294628460FF0CEF9CE
:10FA7000A0B995492046FCF761FA99ED007AD5EDD9
:10FA8000007A77EEC77A0322C5ED007A6A608D4B63
:10FA900003EB9B3307EB8307FFF7F2BBEA68032A0C
:10FAA00007D005F1080108460FF0B0F908B98749F9
:10FAB000E0E76A69032AE0D0494648460FF0A6F914
:10FAC00081460028D9D182492046FCF737FAD9F877
:10FAD0000030FFDE2A69AA626A69EA62AA682A62BD
:10FAE000EA686A6256F83A20AA616A68EA6105F132
:10FAF0003002A260A761CBF3883205F118012046DD
:10FB0000FCF736FD6369E6689B68A360049B03F11C
:10FB1000180B06EB0B035A68002A3FF464AE56F844
:10FB20000B1043E90212BBE6CBF388315FEADB5BE3
:10FB300009D1A2686369A2EB050B9B68A3604FEA39
:10FB4000EB0B0BF1FF3B19B9D9F8041009F10807C9
:10FB50006A68052A7FF494ABD5F800A0322301F13E
:10FB6000FF3903FB09F9DAF81C3009EB0B02934269
:10FB700003DA51462046FEF7CBFD2B1D04931BE014
:10FB800051462046FEF734FD55F83B300360049B98
:10FB900053F83B304360032B0CDD55F83B305B7969
:10FBA0009A0707D09AF805305B0703D551462046DF
:10FBB0000EF0BDFB0BF1FF3BBBF1000F09EB0B029D
:10FBC000DEDCFFF75DBB294620460EF027F8FFF785
:10FBD00057BB039B1A694FEA9B33126952F823B053
:10FBE000039B9BF848A0DA68514620460DF0A6FF1B
:10FBF0000346024643F810BF4FF0000BD34505DB28
:10FC000007EB8A072A600623FFF7E2BB59F8040FC7
:10FC1000C10D00F03F00042808D1039800EB8101DA
:10FC2000486943F8040F0BF1010BE7E706EBC1014C
:10FC30002046079304920DF0B2FF079B049AF0E769
:10FC4000D4F814A0DAE90020121A0398006990F899
:10FC500049904FEADB53C9EBE209591E09F1FF391C
:10FC6000A3B9E369A268A7619A1AB2EBC90F4FEA78
:10FC7000C90305DC4946204607930DF07FFD079B2D
:10FC8000E668049D35442B44A36049466FF00702A3
:10FC900002FB09F2002305F1040C99427FF7F0AA58
:10FCA0004B45BFBFDAF8000000EB020E805845F864
:10FCB0003300ACBF0020DEF804004CF833000832FB
:10FCC0000133EAE70100FE3FFA6003001F61030011
:10FCD0003C610300074B1B6810B500224FF0FF3159
:10FCE000DC680DF001F904490246204608F0DEFF09
:10FCF000002010BD8C0000205861030038B50B684F
:10FD0000154633B100230B600B4C012313602046D2
:10FD100038BD4B689A89920601D50024F7E701F1B6
:10FD200008044FF480620121204608F06DF8286035
:10FD30000028ECD1F1E700BF88610300F7B5154654
:10FD400004460E4608F040FF006807F0B1FF294660
:10FD50000746002220460DF0C7F807490097431CCC
:10FD6000324620460DF08DF92946204603B0BDE805
:10FD7000F0400DF028B800BF8A61030010B59AB0BA
:10FD800001AA0446FBF780FD70B10A4901AA20468A
:10FD9000FBF7C6FF069B002B06DD07490AAA204693
:10FDA0000DF06FF91AB010BD0449002220460DF085
:10FDB0002CF9F7E79B6103009E6103008961030052
:10FDC00070B59CB00C461646002103AA0546FBF709
:10FDD0005BFD38B911493346224628460FF0E3F956
:10FDE0001CB070BD03AA0E492846FBF799FF0D49C8
:10FDF0000598E0F775FA049A20B9013C02D10A4946
:10FE00003346EAE70AB9094A0492134608490096BC
:10FE1000224628460FF0C7F9E2E700BFA6610300BB
:10FE2000196003008E5B0300BC610300B160030036
:10FE3000DA61030070B504460D461646FBF760FC18
:10FE400001462046FBF768FC324606490346204639
:10FE50000DF017F9294602462046BDE87040FFF72D
:10FE6000AFBF00BFF861030038B5044615460CF07B
:10FE700038FF30B92A4620460249BDE838400FF025
:10FE800092B938BD0C62030038B504460D46FBF745
:10FE900037FC013006D129462046034ABDE83840E8
:10FEA000FFF78EBF38BD00BF206203002DE9F0418F
:10FEB00006460F4698469AB100230FF0C8F904464B
:10FEC000002558F8250070B922460B4930460DF040
:10FED000D8F8394602463046BDE8F041FFF770BF1A
:10FEE0000FF0A7F9EBE72146E0F7FAF908B1013581
:10FEF000E7E72846BDE8F0812F6203002DE9F843CB
:10FF0000044615461E460F4600294DD10835C6F158
:10FF100000086FF0010955F8083C002B5DD1F14352
:10FF20002046BDE8F8430CF038BF08F1010855F849
:10FF30003830002BF9D10123294A2A4920460FF0F5
:10FF400014FA3A464FF0FF3120460DF007F94FF012
:10FF5000FF312046FBF7D4FB05281BD06FF00101D1
:10FF600020460CF01AFF204943463A4620460FF03F
:10FF7000FCF920B11D493A4620460FF014F94FF024
:10FF8000FF3120460CF046FF3A466FF00201204652
:10FF90000DF07EF920466FF001010CF014FFF143E3
:10FFA00020460CF022FFB1E74FF00008BFE74146C2
:10FFB00020460CF02FFF0137B742F8DB55F8041C40
:10FFC000324620460DF072F855F8082CA9EB0601D0
:10FFD00020460DF05DF908359DE70027ECE700BFEE
:10FFE00043620300F0D8FFFFEED8FFFF4B6203002F
:10FFF0002DE9F041ADF5816D05460E460CF0C8FEC9
:020000022000DC
:100000000023471C6C4600932EBB2846334906222A
:100010000CF0FBFF324B1B685868019008F068FC3D
:1000200023280BD101232360606808F061FC421C87
:1000300032D00A28F8D1606808F05AFC1B282BD16E
:1000400056B362682749304608F0BAF86060D0B904
:1000500025493A460DE02549324628460DF011F86B
:100060002349304608F034FD01900028D6D12149BB
:100070003A462846FFF762FE4FF0060840460DF567
:10008000816DBDE8F081606808F032FC431C01D04E
:100090001B28F8D100232360616808F021FA0022B0
:1000A0004FF0FF3128460CF01FFF2246034612494D
:1000B0002846FBF795FB80466068848904F040047D
:1000C0000EB108F093FA3946284624B10CF065FECB
:1000D0000A493A46CDE70CF076FECFE769620300A5
:1000E0008C000020746203007762030070620300DA
:1000F0008767030079620300FDFC010026600300AE
:1001000007B5CDE9001203496A46FBF769FB03B066
:100110005DF804FB17F1020010B505480021FEF759
:100120007BF8044610B103490CF01BFE204610BDBD
:100130004BF10200D5FC010038B504460CF015FE69
:10014000012105462046FBF7DBFA06280FD00B4AB3
:1001500001212046FFF734FE204601210CF05AFE13
:100160002046012229460CF0E0FD012038BD012186
:1001700020460CF05BFE0028E9D1EDE77E6203002B
:1001800010B50446FFF7D8FF2046034901220CF0C2
:100190008DFF012010BD00BFDD07020010B5052254
:1001A000044601210FF035F8204606490CF032FED6
:1001B000012120460CF02EFE20460CF00DFF0320FE
:1001C00010BD00BFEDD8FFFF10B505220446012188
:1001D0000FF01FF8204606490CF01CFE20460121B6
:1001E0000CF018FE204600210CF003FF032010BD88
:1001F000EDD8FFFF2DE9F0410522044601210FF063
:1002000008F80122022120460FF05DF8032106467E
:100210002046FBF775FA002813DC012120460CF07C
:1002200089FEB042054624DB871B0137394620464C
:100230000CF057FD50B920460F49BDE8F0410EF0D3
:10024000B2BF032120460FF031F8EAE73246012120
:1002500020460CF0B0FFAE4206F1010802DB384642
:10026000BDE8F0814246012120460CF0A4FF46463D
:10027000F1E70027F3E700BF9462030070B506467C
:100280000CF086FD012104463046FBF739FA0428BC
:100290000DD10022012130460CF026FE0378232BDD
:1002A00005D13046611E0CF0A4FE012070BD012175
:1002B00030460EF0FBFF051E09DA2544002D04DC54
:1002C000054A01213046FFF77BFD601BEEE7A542A2
:1002D000A8BF2546F2E700BFAF62030073B50A224C
:1002E000022104460EF0EFFF0A28054613D1012132
:1002F0002046FFF7C9FD012120460CF0A5FD80B383
:10030000012120460CF0BAFD014620460CF06AFEA1
:10031000012002B070BD0022012120460EF089FFAD
:10032000AB1E222B064604D9104A02212046FFF7B5
:1003300047FD2A4601A9304607F090F8019BB342D9
:1003400007EE900A0DD00A4813F8012B815C0907CB
:1003500005D432B9F8EE677A17EE901AD5E7019313
:10036000F2E720460CF038FED2E700BFC26203007D
:10037000395A030038B502210446FBF7C1F90522BA
:100380000546012120460EF044FF35B1052D04D06D
:100390000C4A02212046FFF713FD0B4A012120469B
:1003A0000EF0A1FF18B1094920460EF0FCFE2046D0
:1003B00002210CF0F2FC012120460CF0D4FF0120B8
:1003C00038BD00BFD4620300EA620300F662030096
:1003D00030B50D469BB001210446FBF791F9062884
:1003E00006D1012120461BB0BDE830400CF012BD03
:1003F0004DB30122114620460EF065FF0028054648
:1004000004DA134A01212046FFF7DAFC01AA294643
:100410002046FBF739FA20B90E4A01212046FFF7A2
:10042000CFFC0D4901AA2046FBF77AFC4FF0FF31C3
:100430002046FBF765F920B908492A4620460EF008
:10044000B2FE1BB030BD012120460EF02FFFD5E7D4
:100450001A630300356303004C5B0300436303002E
:1004600010B50522044602210EF0D3FE00212046DD
:10047000FFF7AEFF022120460CF0CCFC0121204604
:100480000CF0E2FCC8B1012120460CF0F7FC07EEAD
:10049000900AF5EE407AF1EE10FA0ED120460CF0FB
:1004A00044FE6FF0010120460CF09FFC6FF001014B
:1004B00020460CF08DFF002010BD6FF0010120469A
:1004C0000CF0B4FC28B1074920460EF06CFE012068
:1004D000F2E76FF0010120460CF07AFF0028F2D01D
:1004E000F5E700BF756303002DE9F04104460CF009
:1004F0004FFC224A2249DFF88C80074620460CF048
:100500002DFE0125BD4208DD1E4B1B680A2099689F
:1005100007F02EFF0020BDE8F0814FF0FF312046AC
:100520000CF078FC294620460CF074FC01221146A0
:1005300020460CF078FF00224FF0FF3120460CF0EF
:10054000D3FC064628B920460F49BDE8F0410EF01D
:100550002ABE012D05D0D8F800300920996807F08F
:1005600007FFD8F800303046996805F0DDFF6FF0DE
:10057000010120460CF011FC0135C3E7A86403001B
:10058000EED8FFFF8C000020A963030038B50221DC
:1005900004461546154AFFF767FC012120460CF07A
:1005A00039FC0021204601220CF03DFF4FF0FF31C5
:1005B0002046FBF7A5F810B92860002038BD4FF0A1
:1005C000FF3120460CF051FC50B120460321FBF7CF
:1005D0004FF82A4620460321BDE838400CF084BC81
:1005E000034920460EF0DFFDE7E700BFD4630300B8
:1005F000EE63030010B501210446FFF7E9FE4FF05A
:10060000FF3120460CF012FC28B1064920460CF0C0
:1006100001FC012010BD4FF0FF3120460CF00DFE13
:10062000F7E700BFEED8FFFF38B51D4A1D4B2DED93
:10063000028B01210446FFF739FC00220546022106
:1006400020460EF040FE184B53F82550024629462E
:1006500020460CF010FF032D08EE100A04D0052DE3
:1006600015D0F8EEC87A0CE00022042120460CF0E8
:1006700002FF07EE900AB8EEC88AFAEECB7A77EE60
:10068000887A17EE901A20460CF0ACFC03E0014685
:1006900020460CF039FDBDEC028B012038BD00BFB7
:1006A000136403002C50030010500300F8B50D46EE
:1006B000174604460FF04BF83946064628460CF01C
:1006C00010FB18B91C4920460EF06DFD012E09D013
:1006D0001A4B1B4953F8262020460CF0D2FC4FF051
:1006E000FF3620E03A46294620460CF01EFB2946FC
:1006F00020460CF033FB39462846FBF767FF0128FC
:1007000013D828460CF044FB0646411C20460CF04A
:10071000E8FA18B90B4920460EF045FD324621464D
:1007200028460CF002FB3046F8BD324621462846EA
:100730000CF0FBFAD3E700BF1B64030084500300F6
:10074000386403005364030038B5012104460CF0FB
:1007500021FC054620B9124A01212046FFF730FB53
:1007600020460CF015FB2946421E2046FFF79EFF4F
:10077000051E0ADA002120460CF0C6FC20466FF068
:1007800001010CF032FB022038BD012120460CF0A3
:10079000BBFC2046E9430CF028FB681CF4E700BFD3
:1007A0006E64030038B5012104460CF0F3FB0546E6
:1007B00020B9084A01212046FFF702FB29462046BE
:1007C0000EF0C5FF044B53F8201020460CF035FC0A
:1007D000012038BD6E6403008450030038B513490E
:1007E00004460CF0D7FB054620460CF0D1FA29460A
:1007F00002462046FFF75AFF051E15DA4FF0FF317B
:1008000020460CF032FB60B101212046FFF7B6FA1A
:100810006FF0010120460CF0E8FA02212046FAF7B9
:10082000F5FF20460CF060FE284638BDEDD8FFFFEE
:1008300038B5012104460CF0B0FA002120460CF036
:1008400069FE012120460CF040FBE0B10121204669
:10085000FAF756FF0128054617D100221146204617
:100860000CF0BAFC4FF0FF3120460CF0D3FA2946C9
:1008700020460CF049FC154920460CF026FD0221CB
:1008800020460CF070FD012038BD012120460CF0FF
:10089000BBFC48B90E4A01212046FFF791FA01211D
:1008A00020460CF0B1FCEAE7084920460CF072FC47
:1008B0004FF0FF3120460CF008FB6FF001010546B8
:1008C00020460CF06AFA002DE4D0E8E7EDD8FFFFEF
:1008D0008164030038B501210446FFF7D5FA224AA6
:1008E000012120460EF022FDC0B901212046FAF771
:1008F00007FF042824D8DFE800F01D1323030D00B0
:100900000121002220460CF0EFFA014620460CF0AF
:1009100094FB03E0012120460CF07CFA012038BD55
:10092000012120460CF0D1FA1049114B002808BFD4
:100930001946EBE70F49032220460CF066FBEDE772
:1009400001212046FAF7DCFE01462046FAF7E4FED4
:100950000121054620460CF026FB074903462A469E
:1009600020460CF08EFBD9E7A66403009B640300CD
:10097000A06403008E5F0300B164030010B5012181
:100980000446FFF781FA012120460CF03DFC20B916
:1009900020460CF021FB012010BD034A0121204616
:1009A0000EF0A1FCF7E700BFEA62030010B50121D9
:1009B0000446FFF769FA012120460CF086FA034647
:1009C00058B9084A022120460EF041FC0649024669
:1009D0002046BDE810400EF0E6BB2046BDE81040C2
:1009E0000CF0D6B9B8640300BA5B030038B5114AFD
:1009F0000023022104460EF02AFC062205460121AE
:100A000020460EF006FC032120460CF0C6F90A49E8
:100A10002B4600222046FAF7E3FE48B120460CF0B0
:100A2000DBFA20466FF001010CF0DFF9022038BD3F
:100A30000120FCE7CA6403008D05020010B53149AE
:100A400004460CF0E7F920462F4A2E490CF020FC12
:100A500020462E4A2C490EF0E4FC20462C49072261
:100A60000CF0D3FA20462B4A26490CF011FC204604
:100A7000294900220CF01AFB2046284901220CF0DB
:100A800015FB2046264A6FF001010CF001FC2046C0
:100A9000244900220CF00AFB2046234901220CF0D5
:100AA00005FB2046214A6FF001010CF0F1FB012209
:100AB000204600210CF090FB20464FF0FF310CF057
:100AC000A9F96FF0010120460CF04DFC20461849B1
:100AD00002220CF09AFA2046164A6FF001010CF03F
:100AE000D7FB2046144901220CF0E0FA2046134AB5
:100AF00004490CF0CDFB2046114A12490EF091FC3E
:100B0000022010BDEED8FFFFD26403009450030012
:100B1000D5640300DD6403004DF50200C901020045
:100B2000E664030021F502009D010200E764030072
:100B3000ED640300BD5F030031080200F0640300B0
:100B40004C500300B15C03002DE9F8432DED028BFE
:100B50000446E3F7A7FB6FF0004390FBF3F3C3EB0E
:100B6000C373C01A08EE100A20460CF011F90128D0
:100B7000BAEEE08A06460DD002282AD000284FD1CE
:100B800018EE101A20460CF02DFABDEC028B012055
:100B9000BDE8F883014620460EF088FB051E04DC04
:100BA000234A31462046FFF70BF907EE905AF8EE3C
:100BB000E77A67EE887A17EE900A0AF009FAE1F709
:100BC000CFFB1C4B00220AF0A5F80AF051FD0146AC
:100BD000D8E7012120460EF069FB31460746204642
:100BE0000EF064FB8742054604DD114A314620467B
:100BF000FFF7E6F8ED1B013507EE905AF8EEE77ABD
:100C000067EE887A17EE900A0AF0E2F9E1F7A8FB9E
:100C10008046894638460AF0C9F942464B46D2E733
:100C2000BDEC028B20460449BDE8F8430EF0BBBA88
:100C3000016603000000F03F1366030010B5144A7C
:100C4000144904460EF0EDFB204613490CF0CAF996
:100C5000124A20466FF001010CF01AFB20464FF0BB
:100C6000FF410CF0BFF920460D4A6FF001010CF076
:100C70000FFB20460B4A4FF0FF310CF06FFA204675
:100C8000094A6FF001010CF003FB012010BD00BF09
:100C90005C5103002D660300DB0F49403266030000
:100CA000356603003A660300E35F030030B5284A67
:100CB000535C03F00303012B0CBF01F120040C462D
:100CC000613C192C40D8DFE804F00D3F161A3F3F75
:100CD0003F3F3F3F3F1E3F3F3F263F3F2A3F2E3F84
:100CE00033373F3B105C00F00300022B1CBFB0FA0F
:100CF00080F040092BE0105C00F02000F5E7105C6C
:100D000000F00400F1E7105C00F00300022814BFBB
:100D100000200120E9E7105C00F01000E5E7105C1E
:100D200000F00800E1E7105C00F003000128EEE7A6
:100D3000105C00F00700D8E7105C00F04400D4E736
:100D4000B0FA80F04009D0E70B1A5842584130BD44
:100D5000395A03002DE9F041ADF5826D6A46012153
:100D600005460EF066FA01AC0646214628460EF00E
:100D7000BCFBDFF848806F4600253B68AB4207D8D4
:100D800020460EF075FB01200DF5826DBDE8F08167
:100D900023680DF58262934202D320460EF044FB95
:100DA000735D226818F8031001F00301022908BFDF
:100DB000203B511C216001351370DEE7395A0300D6
:100DC0002DE9F041ADF5826D6A46012105460EF030
:100DD00030FA01AC0646214628460EF086FBDFF8C5
:100DE00048806F4600253B68AB4207D820460EF08E
:100DF0003FFB01200DF5826DBDE8F08123680DF504
:100E00008262934202D320460EF00EFB735D22688D
:100E100018F8031001F00301012908BF2033511C09
:100E2000216001351370DEE7395A030070B50B7885
:100E3000252B06460D4605D05B2B01F1010409D098
:100E4000204670BD4B781BB90F4980680EF0ABF996
:100E5000AC1CF5E74B785E2B00D18C1C23781BB9BA
:100E60000A49B0680EF09FF9234613F8012B252A92
:100E700002D1627802B1A31C1A785D2A01D15C1CF0
:100E8000DEE71C46EAE700BFB4660300D76603004E
:100E900001490EF088B900BFF766030010B50022C3
:100EA000044601210EF0C5F90022022120460EF071
:100EB000C0F9204602210BF070FF204600210CF003
:100EC00098F82046024903220CF0F0F8012010BDEA
:100ED000311602002DE9F041ADF5826D06460BF0AA
:100EE00057FF01AC8046214630460EF0FEFA012540
:100EF000454507DD20460EF0BBFA01200DF5826D59
:100F0000BDE8F081294630460EF0D0F9FF280746AB
:100F100004D9094A29463046FEF752FF23680DF5E9
:100F20008262934202D320460EF07EFA23685A1C56
:100F3000226001351F70DBE72567030070B50446AA
:100F4000DFF75EF9054601380449265C204407F0C6
:100F500041FE66552C440023637070BD9C61030004
:100F60002DE9F04FADF2346D06460BF011FF02ACE7
:100F700022460121824630460EF05BF9029BDFF8E3
:100F8000449389ACC31805462146304601930EF0C0
:100F9000ACFA0127019B9D4204D320460EF068FA6B
:100FA00001207DE1A84618F8013B252B0ED02368CF
:100FB0000DF5C662934202D320460EF035FA23683F
:100FC0005A1C22602A781A704546E3E76B78252B75
:100FD0000ED123680DF5C662934202D320460EF06F
:100FE00023FA23685A1C22606A7805F10208EAE7AE
:100FF0000137BA4504DAAC4A39463046FEF7E0FE1E
:1010000045462978AB46013521B1A84807F030F9AB
:101010000028F6D1ABEB0803052B03D9A4493046D1
:101020000EF0C1F89BF8003019F803305B0749D582
:101030009BF8013019F80330580701D50BF1020570
:101040002B782E2B0CD16B7819F8033059074CBF35
:10105000023501352B7819F803305A0748BF01359E
:101060002B7819F803305B0703D5924930460EF010
:101070009AF8A5EB080B25230BF1010241460DF16F
:1010800011008DF8103007F0A3FE0DF112020023BD
:1010900002F80B302A78782A00F2FE80572A13D8FB
:1010A00002F0FD03452B40F0F780394630460EF044
:1010B000E6F809F08DFF02460B4609A804A9E7F7F8
:1010C00031FD5CE05D46BBE7A2F15803202B00F246
:1010D000E38001A151F823F091110200991202005E
:1010E000991202009912020099120200991202004C
:1010F000991202009912020099120200991202003C
:1011000099120200631102005D110200AB1002008F
:10111000AB100200AB100200991202005D11020038
:10112000991202009912020099120200991202000B
:10113000991202009111020099120200A9110200F5
:101140009912020065120200991202009111020028
:1011500099120200991202009111020004A8FFF7EF
:10116000EDFE394630460EF08AF807EE900AFDEEA5
:10117000E77A17EE902A04A909A806F091FB09A8BE
:10118000DFF73EF809A9024620460EF05BF933E08E
:1011900004A8FFF7D3FE394630460EF070F807EE8C
:1011A000900AFCEEE77AE4E70DF1240B5A46394643
:1011B00030460EF03EF823680DF5C6629342804635
:1011C00002D320460EF030F923685A1C22602222F6
:1011D0001A70DBF800305A1ECBF800207BB9236868
:1011E0000DF5C662934202D320460EF01DF9236826
:1011F0005A1C226022221A7005F10108E4E698F8D0
:1012000000300D2B23D01ED84BB30A2B0CD12368F2
:101210000DF5C662934202D320460EF005F923680D
:101220005A1C22605C221A7023680DF5C662934234
:1012300002D320460EF0F8F823685A1C226098F872
:1012400000201A7008E0222BE1D05C2BDEE71A495F
:10125000022220460EF0F6F808F10108B9E7174916
:101260000422F6E70DF10C0B39465A4630460DF0D4
:10127000E0FF2E21804604A806F0FAFF50B9039B38
:10128000632B07D9304639460BF0C4FD20460EF0DB
:10129000FAF8B1E742466EE7094930460DF083FFA0
:1012A0000DF2346DBDE8F08F6A5B03003367030015
:1012B00039670300596703008667030089670300E5
:1012C0008E670300395A030010B50622ADF5826D12
:1012D000044601210DF09DFF012120460BF05DFD2C
:1012E00001A920460EF001F9084901AA20460CF098
:1012F000ACF818B1064920460DF055FF01A80EF0D4
:10130000B7F801200DF5826D10BD00BF0FFD020082
:10131000B06703002DE9F047054616460C463378C2
:10132000002B37D0243BDAB2052A00F2B280052B1D
:1013300000F2AF80DFE803F0A737ADAD0314737898
:10134000292B0CBFB21C721C2146284608BF6FF027
:101350000103BDE8F04718BF4FF0FF3300F0FAB8C3
:10136000E8680136013805F11403002815DA7449DC
:10137000A8680DF018FF05EBC00721463B69E31A8A
:101380007B6132462846FFF7C5FF044610B94FF08F
:10139000FF337B612046BDE8F08753F830200132EF
:1013A000E9D00138E1E77378622B25D0662B46D06F
:1013B000644AD25C52076CD5B3F1310008D4EA68B4
:1013C000904205DA2F3B05EBC3035B68013303D181
:1013D0005D49A8680DF0E7FE05EBC0006B68476942
:1013E0001B1B9F4214D800693A46214605F056F966
:1013F00070B93C44B71C1BE0B3780BB1F3781BB950
:101400005249A8680DF0CFFEB17823788B4201D005
:101410000024BFE796F803C06F680123621CBA423C
:10142000F6D26078844505D1013B06D10234371DE0
:101430003E4674E7814208BF01331446EEE7B378B5
:101440005B2B06F1020803D04149A8680DF0ABFE02
:1014500041462846FFF7EAFC2B680746A34207F1FE
:10146000FF3614BF14F8010C0020324641460EF03E
:10147000D6FB0028CCD12078324641460EF0CFFB77
:101480000028D5D1C4E773781BB96B68A342BFD1DC
:1014900080E731462846FFF7C9FC6B68A342074640
:1014A00013D90246314620780EF044FC003818BFAC
:1014B00001203B782D2B18D009D82A2B30D02B2B8C
:1014C00036D00028A4D00134B2E70020F1E73F2B4A
:1014D000F7D101370028ABD03A46611C2846FFF708
:1014E00019FF0028A4D0044654E7A04607F1010ADA
:1014F000524641462846FFF70DFFC14604460028E4
:101500007FF448AF6B68984582D299F800003A465C
:10151000314608F101080EF00DFC0028E8D177E70C
:101520003B46324621462846BDE8F0470EF019BC3E
:1015300000283FF46DAF3B463246611CF3E700BF25
:10154000CE670300395A03001C680300E6670300F6
:10155000F96703002DE9F041C5681F2D04460E46CA
:101560001746984603DD0A4980680DF01CFE04EB1F
:10157000C5030135C3E904683A46E56031462046B3
:10158000FFF7C8FE10B9E368013BE360BDE8F081F6
:101590003268030070B50C4605461146D0E90202D8
:1015A000A2420ADC24B95A1ABDE870400BF02DBDE6
:1015B000BDE870400C490DF0F6BD05EBC40466694A
:1015C000721C06D109490DF0EEFD2169A86832466A
:1015D000EAE7B31CF9D121692B68C91ABDE870404C
:1015E00001310BF006BD00BF1C6803004468030016
:1015F0002DE9F041C46805460F46904614B90C1E0B
:1016000018BF0124094AA8682146FEF72DFC0026D0
:10161000A64202DB2046BDE8F081314643463A4609
:101620002846FFF7B7FF0136F2E700BF3268030034
:101630002DE9F047C6B001AD2A461E4981460BF0A0
:1016400053FC1D490446002248460BF04DFC019B0B
:101650001A49CDF8109023448046484602940393DB
:101660000BF01EFC02AE25184FF0000A7368AB4267
:1016700001D2002018E0424629463046C6F80CA0A8
:10168000FFF748FE074690B1011B854208BF0131B4
:1016900048460BF0AEFC09494846F9F7E9FF3A46DF
:1016A00029463046FFF7A4FF46B0BDE8F087013574
:1016B000DCE700BFEDD8FFFFECD8FFFFEBD8FFFF62
:1016C0002DE9F04FADF23C5D05AF3A460121804671
:1016D0000DF0AFFD00220221044640460DF0A9FDA9
:1016E000032100904046FAF70BF83A6805460132AC
:1016F000042140460DF0E7FD009B02901B785E2B15
:1017000008BF009BA5F1030505BF0133009300232B
:101710000123032D019304D9704A03214046FEF7AB
:101720004FFB4BAD294640460DF0DFFE3B68CDF840
:101730002480234407AE4FF0000B34607360029B9B
:101740009B4560DA0023009AF36021463046FFF79C
:10175000E1FD0746002842D0D6F80890032148460C
:10176000F9F7CEFF05280BF1010B00F0928018DC91
:101770000338012826D94FF0FF3148460BF0A5FB6E
:10178000002840F091806FF0010148460BF005FB06
:101790003A1B214648460BF038FC28460DF073FEF4
:1017A0001BE00628E7D1484603210BF033FB3A46FD
:1017B00021463046FFF71CFF0122014648460BF048
:1017C00032FED8E7B06806AA03210BF08DFB4FF07C
:1017D00000098246069B994527D3BC427BD3089BD0
:1017E000A34210D92B680DF5A762934202D3284675
:1017F0000DF01AFE2B685A1C2A6014F8012B1A707F
:10180000019B002B9BD072682146121B28460DF0CD
:1018100019FE28460DF02CFE404659460BF0E9FB18
:1018200002200DF23C5DBDE8F08F1AF80930252B3F
:101830000AEB090211D02B680DF5A7618B4204D386
:10184000284603920DF0F0FD039A2B68591C29607D
:1018500012781A7009F10109BCE709F10109204B5E
:101860001AF809105B5C5B070AEB0902E3D5302923
:1018700005D13A1B214628460DF0E4FDEAE707A80A
:101880003B4622463139FFF785FE28460DF0FBFD29
:10189000E0E730463B4622460021FFF77BFE03216E
:1018A00048460BF04EFC66E74FF0FF3148460BF020
:1018B000DCFA00287FF471AF4FF0FF314846F9F7AA
:1018C0001FFF01464846F9F727FF064902464846EA
:1018D0000DF069FC61E73C4692E700BF57680300E2
:1018E000395A0300766803002DE9F743012101AA64
:1018F00006460DF09EFC01220221054630460DF001
:10190000E2FC021EBEBF019B0133D21822EAE27440
:101910002246032130460DF0D6FC019A031EBCBFBF
:10192000511C5B1823EAE373012CB8BF01249342D6
:1019300028BF13469C421FDCA3EB040909F10108F0
:1019400004EB08029A4203DC0D4930460DF02BFCF3
:101950000B4A41463046671EFEF786FA2F4425445F
:101960004D4417F8011B30460BF043FBBD42F8D144
:10197000404603B0BDE8F0834FF00008F8E700BF31
:10198000976803002DE9F04FC9B00DF108084246F1
:101990000E46012105460DF04CFC0DF10C0B5A468C
:1019A0000221814628460DF044FC0122074603210E
:1019B00028460DF088FCD8F800300028BCBF5A1C1F
:1019C000801820EAE07000F1FF3A68B39A4528BF1A
:1019D0009A4609EB0A04002E4AD0042128460BF04F
:1019E00074FA28B94249384606F086FD00283FD1EE
:1019F000DBF8002026464AB3D8F80030A3EB0A08EB
:101A000090450CD302F1FF3A7B1CA8EB0A08009327
:101A1000397842462046DEF7D3FD064638B92846D7
:101A20000BF0DAFA012020E04FF0000AD1E7731C36
:101A3000009901935246184604F030FE40B1019BD4
:101A40001C1BB8EB0408EAD01C46E1E7002CE6D0EA
:101A5000A6EB0906711C28460BF0CBFADBF8001048
:101A6000284631440BF0C5FA022049B0BDE8F08F9A
:101A70003B7806955E2BD8F80030CDF810904B449B
:101A80000DF1100A08BF0137CAF804300CBF4FF03F
:101A9000010B4FF0000B00233A4621465046CAF88E
:101AA0000C30FFF737FC00238046C0B18EB1A4EBA9
:101AB0000904611C28460BF09CFAA8EB0901284692
:101AC0000BF097FA002211465046FFF791FD0230C5
:101AD000CBE7024621465046FFF78AFDC5E7DAF814
:101AE0000420A2429BD90134BBF1000FD4D096E769
:101AF000AD68030073B5012101AA05460DF099FBFD
:101B00000221064628460DF0D1FB041EB8BF019BFA
:101B10004FF00301B8BF01334FF0FF322846B8BF82
:101B2000E4180DF0D0FB019B021EBCBF591C5218DB
:101B300022EAE272012CB8BF01249A42A8BF1A46D9
:101B4000A242A4BF121B04F1FF342846B3BF0449CC
:101B50000132311900220BF058FA012002B070BD99
:101B60008961030010B51E4A1E4904460DF059FC58
:101B700020461D4A4FF0FF310BF0F0FA20461B4A79
:101B80006FF001010BF084FB2046012200210BF0D5
:101B900023FB0022204616490BF037FA20466FF04F
:101BA00001010BF037F96FF0010120460BF0DBFB70
:101BB00020466FF001010BF0F0F820466FF00101B4
:101BC0000BF028F90B4A20466FF001010BF060FB87
:101BD00020466FF001010BF0E0F8012010BD00BFBE
:101BE000445203000C640300B8680300BF6803009C
:101BF00089610300A55F030010B505220446012199
:101C00000DF007FB044920460DF0CDFA20460121D6
:101C10000BF000F9012010BDF8680300F8B50522AB
:101C2000054601210DF0F5FA012128460BF082F955
:101C3000441C28460BF0ACF802280CD003281ED117
:101C4000022128460DF032FB84420646B8BF044606
:101C5000B44207DC34462846224601210BF05CFBE7
:101C60000020F8BD671E3A46012128460BF0A3FA72
:101C70002246012128460BF04FFB3C46E8E7284668
:101C80000249BDE8F8400DF08EBA00BF0B690300B1
:101C900010B505222DED028B044601210DF0B9FA95
:101CA00020460BF099F99FED158A012120460BF093
:101CB00020FC40B918EE101A20460BF093F9BDEC49
:101CC000028B012010BD6FF0010120460BF065F87A
:101CD0004FF0FF312046F9F713FD0328E5D14FF00F
:101CE000FF3120460BF0CAF807EE900AF4EEC87AEE
:101CF000F1EE10FAC8BFB0EE678AD6E70000000028
:101D000070B504460D46012116460BF054FA4FF00B
:101D1000FF3120460BF0A9F870B94FF0FF31204693
:101D2000F9F7EEFC01462046F9F7F6FC05490246B4
:101D3000334620460DF037FA2846BDE870400DF0D6
:101D4000A2BB00BF316903002DE9F043ADF2144D91
:101D50006B46254A022104460DF079FA052201213D
:101D6000804620460DF055FA0122032120460DF051
:101D7000AAFA042106462046F9F7C2FC0028E946E3
:101D80001FDC012120460BF0D5F8054601A92046AD
:101D90000DF0ABFB3746AF4218DBAB1BB542B8BF0B
:101DA000002333449D4204D12A4601A92046FFF76F
:101DB000A7FF01A80DF05CFB01200DF2144DBDE85A
:101DC000F083042120460DF071FADEE73A4601A9BE
:101DD0002046FFF795FFD9F80020414601A80DF0F5
:101DE00031FB0137D7E700BF896103002DE9F047D8
:101DF00004460D461646B54201DBBDE8F0872A468B
:101E0000012120460BF0D7F93246012120460BF084
:101E1000D2F96FF001024FF0FF3120460EF085F845
:101E2000002800F08A803246294620460DF0C0FF87
:101E3000A6EB0508B8F1010FDFD0AF1907EBD77794
:101E40007F103A46012120460BF0B5F92A460121C0
:101E500020460BF0B0F94FF0FF326FF00101204641
:101E60000EF063F800286ED02A46394620460DF061
:101E70009FFFB8F1020FC0D03A46012120460BF077
:101E80009AF906F1FF3A4FF0FF3120460AF0C2FFFF
:101E90005246012120460BF08EF952463946204623
:101EA0000DF086FFD146A84608F101073A46012108
:101EB00020460BF080F96FF001024FF0FF31204611
:101EC0000EF033F8002858D109F1FF394A460121B4
:101ED00020460BF070F94FF0FF326FF00201204600
:101EE0000EF023F8002855D14F455FDD6FF0030158
:101EF00020460AF052FF5246012120460BF05BF9C2
:101F00003A46012120460BF056F93A465146204602
:101F10000DF04EFF7B1BF71BBB4208F1020905DBEE
:101F20003346464698464B46A9461D4629464246F4
:101F30002046FFF75BFF4D465DE76FF0020120464C
:101F40000AF02BFF74E76FF0010120460AF025FF2D
:101F50003246012120460BF02EF96FF001024FF0BE
:101F6000FF3120460DF0E1FF08B132467DE76FF00A
:101F7000020120460AF011FF7BE7BE4203DA0E4958
:101F800020460DF010F96FF0010120460AF005FF20
:101F9000B84689E74D4503DD074920460DF003F9B2
:101FA0006FF0010120460AF0F8FE8DE74A463946F7
:101FB00020460DF0FDFEEBE76669030038B505220B
:101FC000044601210DF025F9012120460AF0B2FF57
:101FD0000D4A282105462046FDF746FF02212046EE
:101FE000F9F78EFB002804DD0622022120460DF0C1
:101FF00010F9204602210AF0D0FE20462A4601218F
:10200000FFF7F4FE002038BD8961030008B5034ADC
:1020100003490DF006FA012008BD00BFC4520300B9
:1020200014630300036870B5DE684B1CD41A84EA9D
:10203000E473A3EBE473B3F5003F0D4603DB0849FB
:10204000C0680EF045FD56F8253004F5FF32C3F3A5
:102050000D0302F2FF1243EA823346F8253070BDC9
:10206000BC6903002DE9F341D0F8108004461746FF
:102070000A4641684046FCF72FFC4368032B08D111
:10208000D0ED007AFDEEE77A17EE900A02B0BDE8D7
:10209000F081A36A256807EE903AAE6AF8EEE77A17
:1020A0000322B342C0ED007A42600BDB174B019371
:1020B000174B0093A968082305F128024046FAF758
:1020C000CDFCA860A96AAA6833460020994218DCB2
:1020D000A36A386842F8330002EBC3017B684B60A7
:1020E000032B0ADD3A685379990706D06B795B07B1
:1020F00003D5294640460CF004F9A06A431CA362AC
:10210000C4E702EBC30601337060DFE78B5E0300B8
:10211000FFFF0300C068002900EB810008DD50F8D4
:10212000043C044A03F03F03D356002BB8BF0438E5
:10213000704700BF6E6C0300F7B5164682690568EC
:1021400000920446FF230F46016A0DF07BFF4FF01B
:10215000FF33A2692362EB6A9A420BDB144B0193B3
:10216000144B0093E9682069042305F12C02FAF767
:1021700075FCE860A269EB6843F82270A2692B6BDA
:102180009A420BDB0A4B01930A4B00936969206961
:10219000042305F13002FAF761FC68616B69A269FA
:1021A00043F82260A069431CA36103B0F0BD00BFE7
:1021B000D7690300FDFFFF7F38B5436ACD18036878
:1021C00093F84B30AB42044608DAF92D03DD04499D
:1021D000C0680EF07DFC236883F84B5038BD00BF0B
:1021E000EA69030037B54FF0FF33056A0362002246
:1021F000064B162104460EF058F82A46019001A914
:1022000020460DF067FF019803B030BDFEFF0100CE
:102210002DE9F04F2DED028B054683B010468B461D
:1022200014469A460DF0AEFE002871D050460DF0CF
:10223000A9FE00286CD0A1F10C0392ED018ADAED21
:10224000018A082B61D8DFE803F0050D10131B434A
:102250005260870078EE287AF4EE677AF1EE10FA91
:102260004CD05BE078EE687AF6E768EE287AF3E720
:10227000F5EE408AF1EE10FA50D0C8EE287AEBE77E
:10228000F5EE408AF1EE10FA48D0C8EE287A17EE43
:10229000900A08F09DFEE0F763F8804618EE100AF9
:1022A000894608F095FE064618EE900A0F4608F09B
:1022B0008FFE42464B4608F0E3FE02460B46304690
:1022C000394608F025FD09F0D3F907EE900AC3E777
:1022D00018EE900A08F07CFE06460F4618EE100A2B
:1022E00008F076FE32463B4600F020FFEBE7B4EE06
:1022F000488AF1EE10FA2FD1F1EE487AC4ED017A56
:1023000003B0BDEC028BBDE8F08FDFED177AF5E787
:10231000BBF1120F20D0BBF1140F1DD0514628463F
:102320000EF0E0F80646214628460EF0DBF8B042F3
:10233000024613DD214628460DF03CFE51460DF0C5
:1023400039FE134600960022594628460DF061FFDB
:102350000B2360602370D3E70026E4E7514628464C
:102360000DF028FE2146EAE700000000F8B50B4F0B
:102370000546012457F8046B3046DDF741FF31462E
:10238000024628460CF03AFB43798471013443F04D
:102390002003162C4371EDD1F8BD00BF1453030088
:1023A000B1F5807F0A4608DC074B006A5B5C990642
:1023B0004CBF064906490CF05EB86FF480731A44AE
:1023C000044B53F822007047395A03000D6A03008A
:1023D000166A030014530300F0B50E46C16A97B0A5
:1023E0000446103102A815465022FAF749FC00961F
:1023F00063681149206A02AA0CF03DF806467DB1D7
:10240000A5F58E73022B276A10D80021204600F014
:1024100017F8A36A1B680949324638460CF02BF8B6
:10242000206A03210BF07EF917B0F0BD2946204643
:10243000FFF7B6FF0346EEE7B35B0300196A03003C
:10244000F8B5846AD4E901320133934205460E4659
:1024500012D90E4B9A4203D90D490022FFF7BCFF57
:10246000A268286A57007B1C03330BD821683B46BF
:102470000BF093FF2060A760D4E90023591C616032
:10248000D654F8BDFAF7E2FAF4E700BFFDFFFF7F8C
:10249000266A030070B5374E04460D462046216873
:1024A000FFF7CEFF606A03685A1E0260002B4AD015
:1024B00043685A1C426018782060335C5B07EDD497
:1024C0002E28EBD02C4920460EF0E7FA18B12B4904
:1024D00020460EF0E2FA2168735C13F0070335D151
:1024E0005F2933D019462046FFF7AAFFA06A94F867
:1024F00030202E210EF094FAA36A29461868FAF7C4
:10250000EDFA002835D104F0FDFE94F8301070B3D8
:1025100003681A78A06A84F830200EF081FAA36A62
:1025200029461868FAF7DAFA18BB94F83010A06A4E
:102530002E220EF075FA20461149BDE870404FF486
:102540008E72FFF749BF0CF083FDB5E72046FFF719
:1025500077FF606A03685A1E02602BB143685A1CF9
:10256000426018782060B6E70CF072FDFAE72E2280
:10257000D0E770BD395A03003F6A0300426A030086
:10258000456A030038B505680446406A03685A1E68
:10259000026003B343685A1C4260187820600A281E
:1025A00001D00D280BD1A84209D0606A03685A1ED9
:1025B00002609BB143685A1C4260187820606368CF
:1025C000084A0133934263600BDD20460649BDE8AB
:1025D00038400EF07DBA0CF03BFDDFE70CF038FD23
:1025E000ECE738BDFCFFFF7F566A0300F8B50446F0
:1025F0000E4601681546FFF723FF606A03685A1EFE
:10260000026053B343685A1C4260187820600A285D
:1026100001D00D2802D12046FFF7B4FF3C4F3D4BBF
:10262000002E08BF1F4621685B2938D018DC0A2914
:1026300053D00D2951D04B1C2AD016B12046FFF79C
:10264000FFFE606A03685A1E0260002B51D0436887
:102650005A1C426018782060E5E70CF0F9FCD5E7D9
:102660005D29EAD120460EF0EAF9A842DBD12046E6
:102670002168FFF7E5FE606A03685A1E02604BB3EB
:1026800043685A1C426018782060002E34D1F8BD8F
:1026900040F21F1239462046FFF79EFEC3E7204650
:1026A0000EF0CDF9A842BED120462168FFF7C8FE42
:1026B000606A03685A1E02604BB143685A1C42604C
:1026C00018782060002DAED113495B22E3E70CF0AF
:1026D000BFFCF6E70CF0BCFCD6E720460A21FFF76A
:1026E000AFFE2046FFF74EFF002E9CD1A36A5E602E
:1026F00099E70CF0ADFCAEE7A36AD3E9001202350E
:10270000A2EB4502294420460EF0E5F93060BEE711
:102710006F6A0300866A03009E6A0300836A0022D0
:102720002DE9F04704460E465A6025683C2D00F01E
:102730001B8152DC272D1DD02DDC0A2D00F094804A
:1027400014DC6B1C00F044829A4F7B5D180740F14B
:102750000582606A03685A1E0260002B00F0FB814C
:1027600043685A1C426018782060DEE70D2D7BD04C
:10277000222DE9D129462046FFF762FE606A0368F0
:102780005A1E0260002B00F0D08143685A1C426040
:10279000187820604CE12D2D6AD02E2DD4D1204602
:1027A0002946FFF74DFE606A03685A1E0260002B3F
:1027B00000F0C18143685A1C4260187820607E494D
:1027C00020460EF06AF9002800F0B8817A492046C8
:1027D0000EF063F900F58B75BDE05B2D00F08E8087
:1027E00022DC3D2D00F09E803E2DADD1606A036855
:1027F0005A1E0260002B00F0D68043685A1C4260CB
:10280000187820603D2840F0A680606A03685A1E50
:102810000260002B00F0CA8043685A1C426018789E
:10282000206040F2191596E07E2D8DD1606A036814
:102830005A1E0260002B00F0C38043685A1C42609D
:10284000187820603D2840F08680606A03685A1E30
:102850000260002B00F0B78043685A1C4260187871
:10286000206040F21B1576E02046FFF78BFE5CE708
:10287000606A03685A1E02600BB343685A1C4260C8
:10288000187820602D2866D1606A03685A1E02609D
:10289000C3B143685A1C4260187820605B282AD173
:1028A00020460EF0CCF8A36A0025021E5D6022DBF4
:1028B00029462046FFF79AFEA36A5D6035E70CF0D3
:1028C000C7FBDEE70CF0C4FBE7E7606A03685A1E4B
:1028D00002606BB143685A1C42601878206023681C
:1028E00001330E2BF1D825FA03F3DF07EDD51CE7F2
:1028F0000CF0AEFBF2E744F60105F0E720460EF0DF
:102900009EF8021E06DB31462046FFF76FFE4FF4AD
:102910008F7520E001321ED028494FF48F72204677
:10292000FFF75AFD606A03685A1E0260B3B143683C
:102930005A1C4260187820603D2840F04C81606A43
:1029400003685A1E026063B143685A1C42601878DB
:1029500020604FF48C752846BDE8F0870CF078FBBA
:10296000E9E70CF075FBF3E7606A03685A1E026042
:102970009BB143685A1C4260187820603D28EAD118
:10298000606A03685A1E026053B143685A1C426071
:10299000187820604FF48D75DDE70CF059FBECE7FB
:1029A0000CF056FBF5E70CF053FB2AE70CF050FB5C
:1029B00036E700BF395A0300205D0300BF6A0300F9
:1029C0000CF046FB3DE70CF043FB49E70D2905D031
:1029D00007DC481C26D00A297FF4CDAE4FF48F7255
:1029E00022E05C297FF4C7AE606A03685A1E026069
:1029F000002B39D043685A1C426018782060662842
:102A000000F08D803BDC0D2858D032DC411C0FD00B
:102A10000A2853D0DFF8CC9119F800305A0755D462
:102A20000146A8E640F21F126C492046FFF7D4FC8D
:102A30002168A942CAD120462946FFF701FD606AF4
:102A400003685A1E0260002B72D043685A1C426011
:102A50001878A36A2060D3E900122046023A0131B7
:102A60000EF039F8306052E70CF0F2FAC6E70D21AB
:102A700081E6612857D06228CCD108217BE6A0F1FD
:102A80006E03082BC6D8082BC4D801A252F823F035
:102A9000232B0200152A0200152A0200152A020023
:102AA0006F2A0200152A0200B52A0200152A020028
:102AB000B92A020009215EE60B215CE620460A21C4
:102AC000FFF7BEFC2046FFF75DFDB1E74FF00308BE
:102AD00000274FF00A0A30380AFB0707606A0368CC
:102AE0005A1E0260C3B143685A1C426018782060C5
:102AF000B8F1010803D019F800305B07EBD4FF2FC1
:102B000005DD37494FF48F722046FFF765FC3946E3
:102B10002046FFF795FC8BE70CF09AFAE7E70C21CB
:102B200029E60A2127E6072125E60CF091FA30E68E
:102B30000CF08EFA8DE70CF08BFA3FE62368294AF9
:102B4000D35C5F077FF507AF31462046FFF7A2FC55
:102B50004FF48E75FFE60CF07BFA05E65907F3D4C7
:102B60009A0701D15F2D25D120462946FFF768FC41
:102B7000606A03685A1E0260A3B143685A1C42602F
:102B80001D7825607B5D5B07EED15F2DECD0A36ADD
:102B90002046D3E900120DF09EFF857935B105F589
:102BA0008075D8E60CF054FA0546EAE7306040F24A
:102BB0001D15D0E6606A03685A1E02602BB1436897
:102BC0005A1C426018782060C5E60CF041FAFAE71A
:102BD00040F21F15BFE63D25BDE600BFDD6A0300DC
:102BE000EF6A0300395A030082B010B58C4684B0F6
:102BF00049688646DCF800000DF1080CACE80300DB
:102C000006A981E80C00DDE90243DA070EEB630C4C
:102C100003D55A105EF802301C5908AB93E8030044
:102C20008DE8030006AB0CCB6046A04704B0BDE8BE
:102C3000104002B0704700BF82B038B504A981E8E7
:102C40000C00D0E90832134303D1BDE8384002B08C
:102C500070470446F0F776FED4E9082382428B41A0
:102C6000F3D2002304F1100500200021C4E908017B
:102C7000E3602846EEF7D0FC2846BDE8384002B0B5
:102C8000EEF71ABC2DE9F04F83B0DDE90CABBDF8CF
:102C90003870002B43D080460E4691461D46BAF14F
:102CA000000F3FD00F2E01D1C02F38D128200DF0BA
:102CB0007CFF04461030F4F711FA2680A4F8029045
:102CC00018200DF072FF0346CDE900AB43F80C5B12
:102CD0000021C16059606B460246E160A06003CBF1
:102CE000124B50609160536100220023C4E9082315
:102CF000D8F800300E4A5B6847F002079342A7807D
:102D000008D12046EEF7E8FD204603B0BDE8F04FBD
:102D10000DF049BF2146404698470028F1D103B045
:102D2000BDE8F08F1BF0010FBCD1F8E7E92B0200E2
:102D30004DA400002DE9F04383683A4EDA88B3F8D9
:102D40000890D6F800808DB0002512F4807F80F8BE
:102D50002850044606A80CBF05270427F4F7BEF93F
:102D60001820ADF80A70ADF808900DF01EFF2E4A3D
:102D700000920246019542F80C4BC56055606A46C8
:102D80000346CDE9040503CA58609960D8F80020CD
:102D9000264F92685F61CDE90A55254D1223AA425C
:102DA000ADF80C3035D102A8EEF796FD06A83668CE
:102DB000F4F794F91F4B029318200DF0F6FE03462A
:102DC00004901D4800901846002140F80C4B6A46BC
:102DD0000191D96005914160CDE90A1103CA5F6193
:102DE000996058601223ADF80C3033689B68AB4291
:102DF00013D102A8EEF770FD00200021C4E90801FC
:102E0000002304F11000E3600DB0BDE8F043EEF7DD
:102E100003BC404602A99047C5E711463046984793
:102E2000E7E700BF1C1C0020F9090000E92B0200A5
:102E300055A4000023001027392C020090F82830F8
:102E4000044A10B5044602600BB1FFF773FF204639
:102E500010BD00BF9C53030090F82830054A10B500
:102E6000044602600BB1FFF765FF20460DF09BFEA4
:102E7000204610BD9C53030090F8283010B504463E
:102E80000BB1FFF757FF23797BB123680A4A9B6890
:102E900093420CD194F82830084A226013B120469E
:102EA000FFF748FF20460DF07EFE002010BD2046B3
:102EB0009847002010BD00BF592E02009C5303000C
:102EC00070B50B4B03600446002500F110068580A9
:102ED00081602A4601213046EEF7E4FA3046E5608B
:102EE000E56284F82850EEF7E7FA204670BD00BF8F
:102EF0009C5303002DE9F04190F8283088B0044637
:102F00000D46002B37D18068314A03685B6D9342D0
:102F100059D1C38802892F4E13F4807F4FF00008E7
:102F20002D4B0493CDF8148004AB93E803008DE897
:102F300003004FF0C0070297114630680CBF05220E
:102F400004222346FFF79EFE244B02970693CDF8FA
:102F50001C8008AB13E903008DE803003068204EA5
:102F6000234642F210722321FFF78CFE3378DBB147
:102F7000012384F828308DB9284629460023C4E966
:102F80000801E36004F11000EEF796FA154BE068D3
:102F9000002808BF184608B0BDE8F081F0F7D2FC61
:102FA000281841EBE571E9E70093232242F2107300
:102FB00042F210700021F0F7D5FC01233370012399
:102FC00084F82830D7E703219847A068A1E700BF1D
:102FD00045E300001C1C0020F9090000392C020008
:102FE000F21E002011FCFFFF024B1868BFF35B8F3D
:102FF000704700BF981D002070B5204A21F00043A3
:10300000934286B01DD91E4A934205D902460B460B
:1030100007F07EFE06B070BD02AADDF7C1FD00F02C
:103020000303012BDDE90201DDE904451BD0022B7E
:103030000FD0EBB9012622462B460096DEF764F846
:10304000E8E70024002200230094DEF75DF806B0D4
:1030500070BD012622462B460096DEF755F801F199
:10306000004106B070BD22462B46DFF729FED1E7AE
:1030700022462B46DFF724FEF1E700BFFB21E93FA4
:10308000FFFFEF7FDFF7F0B9F8B51746C1F30A523B
:10309000A2F2FF33132B04460D460E460EDC002B26
:1030A00037DB214A42FA03F301EA0302024318D153
:1030B000C7E9004506F000411046F8BD332B1ADC85
:1030C000A2F213424FF0FF33D34013EA0002EFD0D5
:1030D00020EA030422460B46C7E9002307F018FE46
:1030E000F8BD002421EA030522462B46C7E9002348
:1030F00007F00EFEF8BDC7E9004501F0ADF970B963
:1031000022462B462046294607F004FEC7E9000167
:10311000F8BD002201F00043C7E90023F8BD0020FC
:1031200005F00041F8BD00BFFFFF0F002DE9F84397
:1031300014461D4680468946DEF79EF8224606461E
:103140000F462B462046294608F034FA78B900226B
:1031500000234046494608F0FBF9D8B1002200237D
:103160002046294608F0F4F928B1264F00263046BB
:103170003946BDE8F8832046294601F05FFB002868
:10318000F5D0204629460022002308F0EBF900285C
:10319000EDD02CE03046394601F050FBA0B10022C2
:1031A00000233046394608F0D3F90028DFD04046E6
:1031B000494601F043FB0028D9D02046294601F0BA
:1031C0003DFB0028D3D012E04046494601F036FBD3
:1031D0000028E4D02046294601F030FB0028DED04C
:1031E00032463B463046394608F0E4F920B905F04E
:1031F000EBFC22230360BAE705F0E6FC2123036021
:10320000B5E700BF0000F03F2DE9F843804689464E
:1032100014461D4601F04CF9224606460F4640462C
:1032200049462B4608F0C6F930B920462946002207
:10323000002308F08DF918B930463946BDE8F88307
:1032400005F0C2FC0022002321210160104619462E
:1032500008F040F806460F4630463946BDE8F88388
:103260002DE9F04FADF5197D9C460A91BC4BA29912
:10327000039053F82130049312F1140F0CF1FF3333
:103280000293C0F2BD82B749D31E81FB0301DB1755
:10329000C3EBA10307930133A3EB8303DB00D31834
:1032A000079A0B930CF1FF33D41A049AD7181CD445
:1032B0000137A39E274420AD4FF000084FF00009CE
:1032C000E24608E056F8240007F070FE0134BC42E4
:1032D000E5E8020108D0002CF4DA01344046494602
:1032E000BC42E5E80201F6D1D446049B002BB8BFEE
:1032F0004FEACC061BDB0399029A049B0DF180096F
:1033000001EBCC0809EBCC090DF5E07B4FEACC06CC
:103310009246634400200021002A80F294810AF141
:10332000010A9A45EBE8020109F10809F4D1039B6F
:10333000049A009299190CAB03EB8203043B0893A7
:103340000CAB03EB820637460B9ECDF824C08B46B0
:10335000009A0DEBC203002AD3E970454FEAC20878
:103360002CDD0DF5E07AD0440DF13009019605977A
:103370007D4B00222046294607F082FE08F030F9F6
:1033800007F014FE794B002206460F4607F078FE40
:1033900002460B462046294607F0BAFC08F020F901
:1033A00078E9022349F8040B3946304607F0B2FCAD
:1033B000D04504460D46DBD1019E059F2046294697
:1033C0003246DDF7F9FD00224FF07F5304460D46EB
:1033D00007F056FEDEF7C4FF654B002207F050FEF3
:1033E00002460B462046294607F092FC0D4604464D
:1033F00008F0F6F8824607F0D9FD02460B46204653
:10340000294607F085FC002E8046894640F38A80D5
:10341000009B0CAA591EC6F1180352F8212042FA4B
:1034200003F000FA03F3D21AC6F1170442FA04F4C7
:103430000CAB002C43F82120824400F3F2800022E0
:1034400000234046494608F083F8002800F01C821B
:10345000009B049A93420CDD0CAA02EB830300222A
:1034600053F8041DBB4242EA0102F9D1002A40F0A0
:103470001281049B0CAA013B52F82330009A501C85
:103480008146002B40F0DD80089A012352F8041D8C
:1034900001330029FAD0009A1344009A099905963D
:1034A0000A440799019301EB000A0DF18008A399E2
:1034B00006970AF1804A08EBC20870AA0AF1FF3A9F
:1034C00002EBC00201EB8A0A00925AF8040F07F0DF
:1034D0006DFD029B002BE8E8020120DB039E4746BE
:1034E0000024002577E90223F6E8020107F0C8FD71
:1034F00002460B462046294607F00CFC5E45044672
:103500000D46EFD1009BE3E802450093019B09F1D2
:1035100001099945D9DDDDE90567009318E7002425
:103520000025EFE763D0134B002208F02FF8044684
:10353000002884D0009B002B0AF1010AC8BF022496
:1035400040F386820CAB002153F8045B002D49D078
:10355000C5F1807543F8045C6FF07F4010E000BF58
:10356000300C0300ABAAAA2A0000703E0000704194
:10357000000020400000E03F1A68821A43F8042B44
:10358000009A01318A42F7DC0125002E0EDD012E62
:1035900000F02B81022E09D1009B5A1E0CAB0CA906
:1035A00053F82230C3F3150341F82230022C7FF484
:1035B00046AF42464B46B149002007F0A9FB804682
:1035C0008946002D3FF43BAF3246AC490020DDF781
:1035D000F3FC02460B464046494607F099FB8046FD
:1035E00089462CE7009A01318A42ADDCCDE7009B89
:1035F0000CAA013B52F82340E415002C7FF71FAFC3
:10360000009B002B0AF1010A9CDC022C7FF417AF0F
:1036100042464B469949002007F07AFB804689468E
:103620000DE7009B002B0AF1010A8BDC012E00F054
:103630002382022EE9D10CABC2F3150243F82120FC
:10364000E3E7034629E7CDE9003C52460596DA4612
:10365000CB469146039E5F460024002577E902236E
:10366000F6E8020107F00CFD02460B46204629460B
:1036700007F050FB464504460D46EFD1009B09F18B
:1036800001099945EAE802450BF1080BE2D1DDF8A2
:1036900004C0059E4BE60B9BDDF800B0A3F11802B9
:1036A000CDE9024A0CAB0BF1FF340B9253F82430F6
:1036B00063B90BF18043013B0CA901EB830353F881
:1036C000041D013C183A0029F9D00B920B9A6B4962
:1036D0000020DDF771FC002C82468B46C0F2C281CF
:1036E00004F101084FEAC8010DF5E0790CAB644F15
:1036F000009103EB8805002609EBC80855F8040D76
:1037000007F054FC52465B4607F0BAFC3B4668E9BA
:10371000020132465046594607F0B2FC0CAB9D42BE
:1037200082468B46EAD10099A1F1080A48ABCA4407
:10373000CDE905414FF000091A4607935346CA46A2
:10374000DDF81090A346B9F1000FC0F29480CDE9E6
:10375000002BDFF830811F460026002400259B4601
:1037600010E0F7E80223F8E8020107F089FC0246BE
:103770000B462046294607F0CDFA0136B1450446EE
:103780000D4601DB5645ECDD5B46009ADDF804B0E2
:103790000BF1FF3BBBF1FF3FE2E802450AF1010AF2
:1037A000A3F10803CFD1A29A079B022ADDE90541C4
:1037B00000F39E80002A28DC10D15C180020002134
:1037C0001D4674E9022307F0A5FAAC42F9D1029B29
:1037D000002B40F024810A9BC3E90001039B03F006
:1037E00007000DF5197DBDE8F08F009B5A1E0CAB4C
:1037F0000CA953F82230C3F3160341F82230D5E662
:1038000000216FF01703079149E5D3E900895D189E
:10381000002600279A4675E902233046394607F00C
:1038200079FA554506460F46F5D1029B4046494672
:10383000002B40F0E7803B46324607F069FA0A9BCE
:10384000C3E900676CB14AAE0125F6E802230135F1
:1038500007F060FAAC42F8DA029B13B101F10043C1
:1038600019460A9BC3E90201039B03F007000DF50B
:10387000197DBDE8F08F0024002589E70000F03FA6
:103880000000703E400C03000B9EDDF800B0404687
:1038900049467242CDE9024ADDF78EFB874B002292
:1038A0008046894607F072FE002800F0A280844B13
:1038B00000224046494607F0E3FB07F091FE05462B
:1038C00007F074FB7D4B002207F0DAFB0B46024643
:1038D0004946404607F01CFA07F082FE0BF101044E
:1038E0000CAB183643F82B000B9643F82450EDE64A
:1038F000A29A032A7FF472AF002C00F0CB8003EB76
:10390000C40595ED007B52EC171BE600CDE9005491
:10391000CDE90465A8460C461546994678E9026744
:103920002046294632463B4607F0F4F9A246AB460C
:1039300004460D4622462B463046394607F0E8F944
:1039400052465B4607F0E6F9C845C8E90201C8E9F6
:103950000045E3D1DDE900A4012CDDE904654B4617
:1039600000F09880D5E90045CDE9006909F1080B20
:103970007AE902892046294642464B4607F0CAF9B1
:1039800026462F4604460D4622462B4640464946CB
:1039900007F0BEF932463B4607F0BCF9D345CAE909
:1039A0000201CAE90045E3D1DDE9006306F108043C
:1039B0001C4403F11005002000211E4674E9022377
:1039C00007F0A8F9A542F9D13346D3E90045D3E978
:1039D0000278029B3BBB0A9BC3E90401C3E9004593
:1039E000C3E90278039B03F007000DF5197DBDE8DC
:1039F000F08F4046494607F0F3FD0CAB5C4643F8B8
:103A00002B0063E60A9A07F10043536016603B46B9
:103A1000324607F07DF9002C7FF415AF1EE701F167
:103A200000431946D7E6264605F100440A9D08F1F1
:103A30000043C5E9027301F10043C5E90403039B98
:103A400003F00700C5E900640DF5197DBDE8F08FAE
:103A500042464B461B49002007F05AF90224804693
:103A60008946ECE4A29B022B0FDC002B15DC7FF4D3
:103A7000B5AE00200021AAE60CABC2F31602022C60
:103A800043F821207FF4DBACC2E5A29B032B7FF43B
:103A9000A5AE48AB0020002197E7029BDDE9480175
:103AA00033B10A9C00224FF00043C4E90023D5E65D
:103AB0000A9C00220023C4E90023D2E600007041E2
:103AC0000000703E0000F03FF8B504460D46DFF7F9
:103AD0004BFC224606460F462B462046294607F059
:103AE00069FD40B92046294601F0A2F8084B0022A2
:103AF00007F056FD10B930463946F8BD05F064F8B8
:103B0000034621221A600348BDE8F84001F066BA76
:103B10000000F03F48260300194920F000428A4285
:103B20001CD9B2F1FF4F06D307EE900A77EEE77A81
:103B300017EE900A704700B583B0694601F012F99C
:103B400000F00302012A009801990FD0022A08D040
:103B50008AB900F02FFB03B05DF804FB002100F0F0
:103B600029BB00F027FB80F00040F4E701F012F8D9
:103B700080F00040EFE7012201F00CF8EBE700BF16
:103B8000D80F493F08B52DED028B08EE100A01F061
:103B900079FDB4EE488AF1EE10FA06D6DFED0A8A16
:103BA000B4EEE88AF1EE10FA02D4BDEC028B08BD47
:103BB00005F00AF8C8EEA87ABDEC028B0346212274
:103BC0001A6017EE900A08BD00000000F8B5044620
:103BD0000D4600F0BBF8224606460F462B4620460F
:103BE000294607F0E7FC30B9204629460022002389
:103BF00007F0B8FC10B930463946F8BD04F0E4FFD0
:103C000000220023212101601046194607F062FBC3
:103C100006460F4630463946F8BD00BF70B504462B
:103C20000D46164600F00AFE30B100220023204661
:103C3000294607F08DFC10B12046294670BD20466C
:103C400029463246DDF7B8F904460D4600F0F6FD88
:103C500038B1002200232046294607F079FC0028CD
:103C6000EAD004F0B1FF222303602946204670BD4C
:103C7000F8B504460D46DEF7EFFA224606460F4633
:103C80002B462046294607F095FC98B900220023D0
:103C90002046294607F070FC60B100220023204630
:103CA000294607F055FC40B104F08EFF084F22234F
:103CB0000026036030463946F8BD04F085FF034610
:103CC00021221A600348BDE8F84001F087B900BF1F
:103CD0000000F0FF4826030000F0E6BD194A21F07D
:103CE000004393421BD930B5174A934287B005D998
:103CF00002460B4607F00CF807B030BD02AADCF70D
:103D00004FFF00F00304012CDDE90201DDE904238B
:103D10000FD0022C07D084B9DEF7D2FFECE70022E7
:103D20000023DEF7CDBFDEF7CBFF01F1004107B086
:103D300030BD0094DDF7E8F9F7E701240094DDF7E2
:103D4000E3F9D9E7FB21E93FFFFFEF7F724A8A439E
:103D50002DE9F04706460F4600F0AA8000290C46E0
:103D6000034655DD081562D0C4F31302C107A0F263
:103D7000FF3742F4801203D4520002EBD3725B008F
:103D80005200002602EBD3727F105B001624B4466B
:103D90004FF400110CEB010090424FEAD3754FEA4B
:103DA000430303DC00EB010C121A0E44013C05EB4B
:103DB00042024FEA5101EDD1A04620254FF00040CC
:103DC0000AE043D0510001EBD371013D0A464FEAAE
:103DD00043034FEA500045D0624500EB080EF0DD8A
:103DE000BEF1000F0EEB00080CDBE146A2EB0C016C
:103DF0009E4588BF01F1FF314900CC46A3EB0E037D
:103E00000444E0E7B8F1000FEFDB0CF10109EDE746
:103E100021F00042024342D000296CD1DA0A153C5D
:103E20005B05002AFAD0D602204671D4144600223F
:103E30006400E502114602F10102F9D5C2F1200544
:103E400023FA05F52C439340401A8DE79E4502D98D
:103E50004FEA4C01B7E7BEF1000F0EEB000820DB84
:103E60000021CBE7194310D0DFF8B0A0DAE9000158
:103E7000DAE9022306F04CFFDAE9008902460B4634
:103E80004046494607F078FBE0B96508731003F136
:103E90007F5303F5001303EB075145EAC670BDE8F5
:103EA000F087B8F1000FDBDB0CF1010C0021A5E776
:103EB00002460B4607F0E4F832463B4606F02AFF7E
:103EC000BDE8F087B4F1FF3FDAE90001DAE9022347
:103ED0001AD006F01FFFDAE9008902460B46404679
:103EE000494607F03FFB88B1A31C04F1020508BF57
:103EF00001366D08CAE702460B4606F009FF024686
:103F00000B4607F0E7F9CAE70136BFE70134BCE723
:103F10004FF0FF31144697E70000F07F800C03005C
:103F2000DFF860C0F8B521F0004300276345044680
:103F30000D461646176020D8844653EA0C0C1CD058
:103F4000DFF844C001EA0C0C0A46BCF1000F09D1AD
:103F50000B4B002207F094F86FF0350704460A4631
:103F600021F000431B156FF31E52A3F2FE3342F003
:103F70007F553B4445F40015336020462946F8BD83
:103F800000005043FFFFEF7F0000F07F10B52DEDE4
:103F9000028B08EE101A08EE900A01F01DFCB4EE38
:103FA000488AF1EE10FA04460BD6F5EE408AF1EE9F
:103FB00010FA16D1B5EE408AF1EE10FA05D14FF0A5
:103FC0007E54BDEC028B204610BD18EE100A00F0A6
:103FD0003BFA0028F5D0B5EEC08AF1EE10FAF0D524
:103FE00029E000F031FA98B107EE904AF5EE407AF8
:103FF000F1EE10FAE5D118EE900A00F025FA00284B
:10400000DFD018EE100A00F01FFA0028D9D012E015
:1040100018EE900A00F018FA0028E5D018EE100A01
:1040200000F012FA0028DFD007EE904AF4EE677A2B
:10403000F1EE10FA04D604F0C7FD22230360C0E7B6
:1040400004F0C2FD21230360BBE700BF414A2DE914
:10405000F84321F00043934204460D460E4610D922
:104060003D4E002902460B46D6E90001D6E900453F
:104070003EDB07F02FF922462B4606F04BFEBDE84B
:10408000F883364A93420DD9334BD3E90001D3E983
:10409000042306F03DFE002EF1DA01F1004319463B
:1040A000BDE8F883B3F1725F2AD32D4A934233D926
:1040B000294F00F0BDFDD7E9022306F0E1FFDFF74D
:1040C000BBFDD7E900450246D7E902890B46D7E98F
:1040D000020106F01FFE02460B464046494607F025
:1040E000F9F802460B462046294606F011FED2E7B3
:1040F00007F0F0F822462B4606F00AFEBDE8F883EA
:10410000154902462B46D1E9000106F003FE22467E
:104110002B4606F0B5FFB2E70F4FD7E9024500F096
:1041200087FD02460B46204605F1004106F0A8FF38
:10413000DFF782FD02460B46044601F10045D7E950
:10414000020106F0E7FD02460B462046294607F02D
:10415000C1F8A0E7FFFFEF7FC00C0300FFFF354071
:10416000FFFFEF3FF8B506460F46DFF7A1FF044615
:104170000D4600F063FB10B120462946F8BD3046DD
:10418000394600F05BFB0028F6D004F01DFD034625
:1041900022221A60304639460022002307F000FA36
:1041A000002408B1014DE7E7014DE5E70000F07F8D
:1041B0000000F0FF20F00043B3F1485F06EE900AE4
:1041C00007EE901A2ED2BDEEE67A17EE103A002BCB
:1041D00064D026EEA67A9FED336A9FED334ADFED79
:1041E000334A9FED335ADFED335AA7EE064A9FED6F
:1041F000326AE7EE044AA7EE245AA7EE056AE7EE14
:10420000065A67EE255A67EEE67AB6EE006AE7EEE2
:10421000257AF7EE006AD7EE067A76EEE77A17EEA1
:10422000900A704726EEA67A9FED1E6A9FED1E4A01
:10423000DFED1E4A9FED1E5ADFED1E5A1F4AA7EE04
:10424000064A93429FED1C6AE4EE074AA4EE875AA1
:10425000A5EE076AE6EE075A65EE875AD3D9184AE3
:10426000934216D803F17F4306EE103AB7EE005A98
:1042700035EE465A67EEE67AF6EE006AE7EE257A04
:1042800097EE266A36EE676A75EE467A17EE900A62
:104290007047B6EE075AB5EE026AEBE74FF07E5074
:1042A000704700BF4ED747ADF6740F317CF293B420
:1042B000010DD037ABAA2A3D610BB6BA9999993E48
:1042C0000000483F30B5144A21F00043934287B0C4
:1042D00019D9124A934205D902460B4606F018FD39
:1042E00007B030BD02AADCF75BFC440004F0020416
:1042F000C4F10104DDE90423DDE902010094DFF7E4
:104300008BFA07B030BD0124002200230094DFF7B0
:1043100083FA07B030BD00BFFB21E93FFFFFEF7F0D
:10432000F8B504460D46DEF7FFFA224606460F466C
:104330002B462046294607F03DF998B90022002374
:104340002046294607F02CF960B9002200232046B8
:10435000294607F0FDF840B104F036FC084F22234F
:104360000026036030463946F8BD04F02DFC0346B4
:1043700021221A600348BDE8F84000F02FBE00BFBC
:104380000000F0FF48260300F8B504460D46DEF7AE
:10439000C3FD224606460F462B462046294607F017
:1043A00009F940B92046294600F042FC084B00229A
:1043B00007F0F6F810B930463946F8BD04F004FCB1
:1043C000034621221A600348BDE8F84000F006BE0B
:1043D0000000F03F482603001A4920F000428A42BC
:1043E0001DD9B2F1FF4F06D307EE900A77EEE77AB8
:1043F00017EE900A704700B583B0694600F0B2FC32
:1044000000F00303012B0098019912D0022B0AD06F
:1044100093B9012200F0BEFB03B05DF804FB00215C
:10442000002200F0B7BB012200F0B4FB80F0004096
:10443000F2E7FFF7BFFEEFE7FFF7BCFE80F00040BA
:10444000EAE700BFD80F493F20F00040B0F1FF4F2E
:104450002CBF0020012070470B46002B0BD0B3F17E
:10446000004F08D0104923F00042A2F5801C8C4573
:1044700006D80420704700280CBF02200320704794
:10448000B3F5801F0DD303F10043B3F5801F08D3AC
:10449000064B9A4201D000207047B0FA80F04009E4
:1044A00070470320704700BFFFFFDF7F0000F07FF1
:1044B0002DE9F04123F0004752EA070451D0BB4CEC
:1044C00021F00048A0458C464BD85442B84E1443C6
:1044D00047EAD474B442154643D8B8459E460246CE
:1044E00001F0004445DC42DB854240D800F0FB800F
:1044F00031424ED1B8F1000F3DD10028034640F3C0
:104500004A81AC495B00002B01F1FF31FADCA84B7A
:104510000EEA0303002B40F0C080002F40F0EA8039
:10452000002D2B4600F39E80A348401A1F2800F35D
:104530006B8101F21E4322FA03F308FA00F89D4E44
:1045400043EA080382404FF0150E06F21E4007FAB8
:104550000EFC25FA00F005FA0EF5571B40EA0C0E8A
:104560002CE006F08DFD02460B4606F0B3FEBDE8DA
:10457000F08131420DD190494FEAC8235B00002BF6
:1045800001F1FF31C3DD5B00002B01F1FF31F5DCF0
:10459000BDE7874B4FEA28500EEA0303A0F2FF3134
:1045A000002B59D03F15CCF31303CEF3130EA7F213
:1045B000FF3643F480134EF4801E571B881B411EA8
:1045C00060B926E001381CD4A2EB050C4FEADC737D
:1045D000013903EB40034FEA4C0219D3AA42A3EB83
:1045E0000E00EFD30028A2EB050C0ADB50EA0C0307
:1045F000ECD1724BE40F03EBC403D3E90001BDE837
:10460000F081D00F013900EB43034FEA4202E5D2BB
:10461000571BA3EB0E00AA4238BF00F1FF30002861
:10462000BCBF1746184650EA070305D1E1E7FB0F68
:1046300003EB40007F00013EB0F5801FF7DB5E4BCF
:104640009E423EDBA0F5801040EA040306F2FF36EE
:1046500043EA065138468AE7002F4BD1002D2B46FE
:1046600040F3B080534E5B00002B06F1FF36FADCBE
:104670005148814246DBA0EB060ECCF31303BEF19A
:104680001F0F43F480137FF760AF4D48801B891BD9
:1046900005FA00FE01390025A0E74748401A4FEA15
:1046A000275C1F28ACF2FF364EDD454BCEF3130ED0
:1046B0005B1A891B02FA03F34EF4801E01390022B3
:1046C0008CE7A3EB060CBCF1140F4DDC06F21E4385
:1046D00000FA03F327FA0CF740FA0CF03B430443CB
:1046E0002146184643E7354B03EB1473D3E9000129
:1046F0003DE73049304EFB025B00002B06F1FF36F0
:10470000FADCB5E7A0EB010CBCF11F0F0FDCA0EB4E
:10471000060E01F21E4322FA03F308FA0CF8BEF16A
:104720001F0F43EA080302FA0CF2AEDC0DE7A0EB20
:10473000060C2348BCF11F0FA0EB0103E64602FA6A
:1047400003F31CDC002200E701F21E4322FA03F30C
:1047500008FA00F843EA08038240CEF3130E891BDF
:104760004EF4801E013939E7BCF11F0F0EDC06F252
:104770001E4327FA0CF700FA03F33B43B0E7801B14
:10478000891B05FA00FE28D0002283E70C4B9B1BF7
:1047900040FA03F3A4E7064B0EEA03034BB33F15BD
:1047A0000449A7F2FF36C30A4205D6E7FFFFEF7FB1
:1047B0000000F07FEDFBFFFF02FCFFFF080D030090
:1047C000E2FBFFFFCCF313034FEAD52E194E43F45F
:1047D000801300F113016D0500E7A3EB0E00002824
:1047E0001EDB3FF406AFB0F5801F0F46FFF61FAF8C
:1047F00069E7002F7FF47DAF002D0E492B46D8BF0F
:1048000015203FF72FAF94E60B4B0A4E5B1A02FAC6
:1048100003F34FEAD52E01F212413A466D05DDE66B
:10482000002B3FF4E6AEB3F5801F18460F46FFF6A7
:10483000FEAE48E7EDFBFFFFE2FBFFFF41F000406B
:1048400000F58010C00F704708B52DED028B08EE03
:10485000100A01F0F3FBB4EE488AF1EE10FA0FD61D
:10486000B5EEC08AF1EE10FA0AD8B5EE408AF1EE44
:1048700010FA08D104F0A8F90346222208481A6069
:10488000BDEC028B08BD04F09FF9BDEC028B034622
:1048900021221A600348BDE8084001F0CBBB00BFED
:1048A000000080FF4826030010B582B007EE900A92
:1048B0000191019B23F00042B2F1FF4F32D820F06A
:1048C0000041B1F1FF4F84462CD8B3F17E5F44D054
:1048D0009C1704F0020444EAD07459B3B2B3B2F1A5
:1048E000FF4F43D0B1F1FF4F30D0891AB1F1F45FDF
:1048F0004FEAE15238DA002B44DA3C3242DA002047
:10490000012C57D0022C48D094B106EE900ADFED6E
:10491000307A9FED307A76EEA77A77EEC77A17EE87
:10492000900A05E09DED017A77EE277A17EE900A5E
:1049300002B010BD022C0ED09FED277A032C0CBFC5
:1049400017EE100A17EE900A02B010BDBCF1000F6E
:1049500008DB2248ECE72248EAE702B0BDE8104055
:1049600000F046B81F48E3E71C48C9E7B1F1FF4F24
:1049700004F1FF3421D0022C26D81B4B03EB840317
:10498000D868D5E79DED017AC7EE877A17EE900AD1
:1049900000F020FB00F02CF8B2E706EE900ADFED05
:1049A0000C7A9FED0C7A76EEA77A77EE677A17EE9F
:1049B000900ABDE700F10040BAE7022C06D80A4B86
:1049C00003EB84031868B3E70020B1E70748AFE7BB
:1049D0002EBDBB33DB0F4940DB0F49C0DB0FC93FA6
:1049E000DB0F4940DB0FC9BF30550300DB0F493FE8
:1049F00038B520F00044B4F1A14F07EE900A054607
:104A000006D3B4F1FF4F53D8002879DD4F4838BDA5
:104A10004F4B9C425DD8B4F1445F4ED34FF0FF3210
:104A200027EEA76A9FED4B5A9FED4B7ADFED4B5A6D
:104A3000DFED4B4A66EE066A531CA6EE857AE6EE7B
:104A4000A54A9FED485ADFED485AA7EE265AE4EEF4
:104A5000A65A9FED467ADFED464AA5EE267AE5EEA8
:104A6000A64A9FED445ADFED445AA7EE265A9FED21
:104A7000437AA4EEA67AE5EE265A27EE267AA5EE2C
:104A8000867A27EE877A3DD03D4B03EB820393ED88
:104A9000046AD3ED006A37EE467A002D37EE677A66
:104AA00076EEC77A17EE900AB1DA80F0004038BD92
:104AB00077EEA77A17EE900A38BD9FED327A37EE7F
:104AC000877AF7EE006AB4EEE67AF1EE10FAA5DD29
:104AD00038BD00F07FFA2C4B9C4207EE100A16D826
:104AE000A3F5D0039C4227D8F0EE007AFFEE006ACF
:104AF000E7EE276A002237EE277AC6EE877A8FE73D
:104B0000224838BD77EEC77A17EE900A38BD204BA1
:104B10009C420BD8F7EE087AF7EE006AE7EE276AB8
:104B2000022237EE677AC7EE267A79E7FFEE006A4F
:104B3000C6EE877A032273E7F7EE007A77EE676AAC
:104B400037EE277A0122C6EE877A69E7DB0FC93F85
:104B5000FFFFDF3ED769853C59DA4B3D21A215BDE9
:104B60006BF16EBD356B883D95879DBD6E2EBA3D50
:104B7000388EE3BD2549123EABAAAA3ECDCC4CBE31
:104B800048550300CAF24971FFFF973FDB0FC9BFC9
:104B9000FFFF1B4020F00043B3F1485F07EE900A8F
:104BA00006EE901A04D2BDEEE77A17EE103A83B300
:104BB00027EEA77A9FED176ADFED174A9FED175A88
:104BC000DFED175AE7EE064A9FED166AA4EE875A04
:104BD00027EE874AE5EE075AA5EE876A42B9DFED70
:104BE000126AE7EE066AE6EE847A17EE900A7047DC
:104BF00026EE446AF6EE005AA6EEA56ADFED0B5AE1
:104C0000D6EE076AE4EE256A77EEE67A17EE900AAA
:104C100070477047D3C92E2F342FD7B21BEF3836C9
:104C2000010D50B98988083CABAA2ABEABAA2A3E1E
:104C300021F0004319467047D0B506460F4614468A
:104C400003F0C2FF0346394630461C60D0BD00BFAA
:104C500010B5044682B0104619460CB103F100436A
:104C6000CDE90023DDE9002306F00AFA222202B092
:104C7000BDE81040E0E700BF00224FF08053E7E7B7
:104C8000014B0022E4E700BF0000581E00224FF055
:104C9000E043DDE700B5002283B068B1074BCDE902
:104CA0000023DDE900010022002306F013FB22228D
:104CB00003B05DF804EBBFE7014BF0E70000F0BF85
:104CC0000000F03FF8B502460B4604460D4606F0DC
:104CD0001FF802460B4606F0FDFA224606460F462E
:104CE0002B462046294606F065FC28B93046394651
:104CF0002122BDE8F8409FE730463946F8BD00BFA5
:104D000038B50022002304460D4606F021FC10B9F8
:104D10002046294638BD204629462222BDE8384093
:104D20008AE700BFF8B521F000470D460C4B4FF065
:104D3000FF323946044606F03DFC38B9084B2046A0
:104D400039464FF0FF3206F017FC10B120462946D5
:104D5000F8BD204629462222BDE8F8406CE700BF96
:104D6000FFFFEF7F70B58D4A20F00044944286B07B
:104D70000D4671D98A4A9442064624D820F0004252
:104D80000028DFED887A884907EE100A22F00F022A
:104D900040F3EB808A4277EE677A09BF9FED837A12
:104DA000DFED836ADFED836A77EEC77A012037EEA5
:104DB000E67A77EEC77A85ED007A77EEE67AC5ED8A
:104DC000017A06B070BD7C4A944254D9B4F1FF4FC9
:104DD00048D2E215863AA4EBC25307EE903ABDEEF4
:104DE000E77ADFED766AB8EEC77A77EEC77A8DEDAF
:104DF000037A67EEA67ABDEEE77AB8EEC77A77EE69
:104E0000C77A8DED047A67EEA67AF5EE407AF1EE78
:104E100010FACDED057A40F09380B5EE407AF1EED0
:104E200010FA40F08F800123654901910221009121
:104E300003A8294600F0D8F8002EC2DA95ED007AD2
:104E4000D5ED017AB1EE477AF1EE677A85ED007A19
:104E5000C5ED017A4042B4E7002228604A60002094
:104E600006B070BD07EE900A77EEE77AC1ED017AE1
:104E7000C1ED007AF3E700F0ADF8DFED526ADFED47
:104E8000495A07EE100AF6EE007AE7EE267ADFEDD1
:104E9000486AFDEEE77AB8EEE76A17EE900AF0EEA0
:104EA000477AE6EE657A1F2826EE267AF1EE465A14
:104EB00077EEC76A1EDC444A411E26F0004352F8D2
:104EC000212023F0FF03934214D0C5ED006A77EE52
:104ED000E67A002E77EEC77AC5ED017ABFF671AF9C
:104EE000F1EE666AF1EE677AC5ED006AC5ED017A0A
:104EF000404266E716EE903AC3F3C753C3EBD45370
:104F0000082B4FEAE452E0DDDFED286ADFED294AA5
:104F1000B0EE675AA5EEA65A37EEC57AA5EEA67A88
:104F200096EE247A75EE476A16EE903AC3F3C753AD
:104F3000D21A192A08DCF0EE457AC5ED006AC6E7F8
:104F4000032371E702236FE7DFED206ADFED204ADC
:104F5000F0EE457AE5EEA67A35EE677AA5EEA67A0A
:104F600096EE247A77EEC76AAFE78A4277EE277A21
:104F700009BF9FED0E7ADFED0E6ADFED0E6A77EE68
:104F8000877A4FF0FF3037EEA67A77EEC77A85ED55
:104F9000007A77EEA67AC5ED017A12E7D80F493F7D
:104FA000E3CB1640800FC93FD00FC93F00443537CF
:104FB0004344353708A3852E800F494300008043C2
:104FC000E855030084F9223F6855030000A3852EAD
:104FD00032318D2420F00040704700BF014900208D
:104FE000704700BF0000F87F2DE9F04F2DED048BD6
:104FF000DBB01C4694460393689ABB4B05911CF1A9
:10500000040F53F82270824604F1FF39C0F25A822D
:10501000BCF1030348BF0CF10403DB10029301331E
:105020004FEAC30EACEB0E030693029B17EB09018C
:10503000A3EB090316D401319FEDAC7A69981944AA
:105040001EAA002BA4BF50F8234007EE904A03F19C
:105050000103ACBFF8EEE77AF0EE477A8B42E2EC60
:10506000017AEED1002FC0F2EB8203991EA800EB6B
:1050700081008A007E18002346AD4C460AEB810170
:10508000B9F1000F80F2CE800134B44245F8043B00
:1050900000F10400F4D10DF1280B0BEB8703043B66
:1050A000CDE907EC04930BEB87083B4600979FED97
:1050B000919ADFED8F8A069F0AEB020446AE0DEB54
:1050C0008302002BD2ED466A4FEA830515DD721983
:1050D000594666EE897AB0EE667AFDEEE77A32EDF1
:1050E000016AF8EEE77AB242A7EEE87A77EE866ACE
:1050F000BDEEC77AA1EC017AEBD116EE900A3946E3
:10510000019300F0D7FE08EE100AF4EE007A68EE84
:10511000277A17EE900A00F0F9FF07EE100AF2EE78
:10512000007AA7EE678A002F019BFDEEC89AF8EE81
:10513000E97A38EE678A40F38280581EC7F1080189
:105140005BF820E04EFA01FC0CFA01F1AEEB010E27
:10515000C7F1070219EE901A4EFA02F26144002AD2
:1051600009EE901A4BF820E000F3AC80B5EE408ACF
:10517000F1EE10FA74D100998B420ADD5D440021F2
:1051800055F8040D454541EA0001F9D1002940F0E8
:105190000481009A013A03F1010E5BF82220754662
:1051A000002A40F0F880049A012052F8041D0130D2
:1051B0000029FAD01844039A1344029A02EB0E0C09
:1051C0000CF1804C699A0CF1FF3C1EA902EB8C0C8F
:1051D00006EB8E0E01EB8301DCED017AF8EEE77A47
:1051E000B9F1000F0CF1040CE1EC017ADFED3F7A2C
:1051F00009DB0A465346F3EC016A32ED017AA34219
:10520000E6EE877AF7D101358542EEEC017AE3DDEF
:10521000034654E70134B442E5EC017A00F104009E
:105220003FF439AFDFED317A80465346F3EC016A43
:1052300038ED017A8B42E6EE877AF7D1EAE700F0A3
:105240009380F6EE007AB4EEE78AF1EE10FA80F27F
:105250002881B5EE408AF1EE10FA4FF000028AD0B4
:10526000DDE907EC18EE100AAEEB0C01009F01938C
:10527000009200F01FFEDFED1E6A07EE900AF4EECA
:10528000E67AF1EE10FADDE90023C0F29E819FED8F
:10529000197A069927EE877A0831BDEEC77A06910A
:1052A000B8EEC77A5C1CE7EE667ABDEEC77AFDEE13
:1052B000E77A17EE901A4BF8231017EE103A4BF8D6
:1052C000243080E00131002B09EE901A40F3A181D7
:1052D00058464FF0000E50F8041B00293ED0C1F58F
:1052E000807140F8041C0CE000590300000000002D
:1052F000000080430000803B0168C1F1FF0140F8DD
:10530000041B0EF1010E7345F6DC01218E46002FC1
:105310000BDD012F00F0BD80022F06D1581E5BF877
:10532000201001F03F0C4BF820C0022A7FF41EAF82
:10533000F7EE007A714637EEC88A00293FF416AFBF
:1053400017EE900A39460992019300F0B3FD07EE7B
:10535000900A019B099A38EE678A07E70EF1010E61
:105360007345B8DC8E46D2E75A1E5BF82220D21174
:10537000002A7FF7FBAE19EE901A002B01F1010114
:1053800009EE901AA4DC022A7FF4F0AEF7EE007A60
:1053900037EEC88AEAE670460DE70699009F5C1E64
:1053A000A1F108005BF82410069061B903F1804375
:1053B000013B0BEB8303014653F8040D013C083914
:1053C0000028F9D00691069900924FF07E5000F027
:1053D00071FD002C07EE100A009AC0F22481601CB7
:1053E00046AD5FED3C6A81000BEB800305EB80006E
:1053F00073ED017AF8EEE77A5B4567EE877A27EE80
:10540000267A60ED017AF3D10DF1C8080E1F2E4403
:10541000C646A4460025002F7DDBDFF86492DFED51
:10542000977A3046002307E0F9EC016AB0EC017A84
:105430009F42E6EE877A03DBAB4203F10103F3DD23
:105440000CF1FF3CBCF1FF3FEEEC017A05F10105E8
:10545000A6F10406E1D1689B022B6ADC002B36DC46
:105460000ED1DFED867A414431ED017A414577EE88
:10547000877AF9D1002A40F0C980059BC3ED007AF4
:1054800019EE903A03F007005BB0BDEC048BBDE869
:10549000F08F581E5BF8201001F07F0C4BF820C0F5
:1054A00043E719EE902A002B02F1010209EE902A3F
:1054B000C8BF02223FF70CAFF7EE007A37EEC88A7A
:1054C000022253E600234FF0080E0293AAE5DDED19
:1054D000327A9FED6A7A414471ED016A414537EEB7
:1054E000267AF9D1002A40F08680059B77EEC77AAC
:1054F00083ED007A5CB133A90123B1EC017A013369
:105500009C4277EE877AF8DA0AB1F1EE677A059B6A
:10551000C3ED017AB4E70CF1FF3C0023BCF1FF3F7F
:105520004EF8043B05F10105A6F104067FF473AFC4
:1055300091E7689B032BA3D1002C00F0908008EB2F
:10554000840595ED007AA0002B46294671ED017A7D
:10555000F0EE476A37EE277A414577EEC77A81ED5C
:10556000007A77EEA67AC1ED017AEFD1012C76D0E0
:1055700095ED007A08F1040173ED017AF0EE476AC7
:1055800037EE277A994277EEC77A83ED007A77EE85
:10559000A67AC3ED017AEFD1031DDFED387A4344DB
:1055A00008F1080833ED017A984577EE877AF9D14A
:1055B000DDED326A9DED337A7AB9059BC3ED006A61
:1055C00083ED017AC3ED027A5AE7FDEEE77A1C46D5
:1055D00017EE901A4BF82310F5E6059BF1EE666A7C
:1055E000B1EE477AF1EE677AC3ED006A83ED017A96
:1055F000C3ED027A44E7059BF1EE476A77EEC77A7E
:10560000C3ED006A002C7FF476AF7EE7F1EE677A97
:1056100033E7012F17D0022F7FF4B5AE0EF03F0114
:105620004BF82010AFE6689B022B14DC002B19DC32
:105630007FF426AFDFED117A002A3FF41EAFE5E7D5
:10564000039B9A0027E50EF07F01022A4BF82010F9
:105650007FF48CAD9AE6689B032B7FF411AFDFEDEE
:10566000077AA5E7DDED327A22B1059A4FF00043C3
:1056700013604AE7059A0023136048E70000000022
:105680000C59030007EE900AF1EEE77A17EE900A44
:10569000704700BF484B2DE9D04321F000449C42A5
:1056A00006460F4639D8454B9C4213D9444B9C4281
:1056B0005BD9444B9C4273D9434B9C421DD9013367
:1056C0009C4202D1414B984217D9BDE8D0430020FB
:1056D000FFF7DCBAFFF7ACFADEF7AEFA3C4B00227C
:1056E0008046894605F016FBB4F1725F06460F4608
:1056F0001DD230463946BDE8D08330463946FFF7E3
:1057000097FA344B002205F0BBFCDCF7F1FB314B80
:10571000002206460F4605F0B3FC32463B4605F034
:10572000AFFC06460F4630463946BDE8D0834246B8
:105730004B464046494605F0A3FC32468046894622
:105740003B463046394605F0E5FA02460B464046F0
:10575000494605F0BFFD1E4B002205F0DBFA064668
:105760000F4630463946BDE8D083FFF761FADCF7D3
:10577000BFFB184B002206460F4605F081FC32465F
:105780003B4606460F460020124905F0A3FD02469F
:105790000B463046394605F0BDFA06460F46A8E7E7
:1057A000FFF746FADCF7A4FB0A4B002205F068FC81
:1057B00006460F469DE700BFFFFFEF7F422ED63F14
:1057C000FFFF3540412E8640CD3386407DF8B98FAE
:1057D0000000F03F0000E03F2DE9F0432DED028B8B
:1057E00083B001910090DDE9004535F0004712D10A
:1057F00084F48004640014F5000F1AD9DDED007AFA
:105800009DED017A77EE877A17EE900A03B0BDEC32
:10581000028BBDE8F08324F00048B8F1FF4F0FD9A8
:10582000B4F17E5FEAD185F480056D0015F5000FB7
:10583000E4D84FF07E5003B0BDEC028BBDE8F0839E
:10584000B7F1FF4FECD8002CC14616DBB7F1FF4F84
:1058500000F0F980B7F17E5F00F02281B5F1804F52
:1058600000F04F81B5F17C5F40F0368103B0BDECB4
:10587000028BBDE8F043FFF705BFB7F1974F80F00B
:10588000EB80B7F17E5F80F01781B5F1804F00F0BB
:105890003881B5F17C5F00F04082FFF79BFBB8F1E7
:1058A000FF4F4FF0000600F0E280B8F1000F00F06B
:1058B0001C81B8F17E5F00F01881E10F013956EAD2
:1058C000010300F02581B7F19A4F40F24981954BD1
:1058D000984540F26482944B984500F2718207EE3D
:1058E000100AF7EE007A77EE677ADFED905A9FEDB7
:1058F000905AB5EE007AE7EEC75AB6EE006AA5EE0A
:10590000E76A67EEA76A9FED8B7ADFED8B5A66EE4A
:10591000866A27EE667AA7EE857AF0EE476AE7EEAA
:10592000A56A16EE903A6FF30B0306EE903AB0EECE
:10593000666AA7EEE56A37EE467A6FF30B0507EE67
:10594000905A9DED016ADDED015A36EE676A27EE49
:10595000257A66EEA77AA6EE267A731E0B43BFEE73
:10596000008A77EE276AB7EE006A16EE903A18BF03
:10597000B0EE468A002B23F0004240F3DE81B2F104
:10598000864F00F2628200F04682B2F17C5F00F244
:105990002A82002211466FF30E0306EE103ADFED65
:1059A000676ADFED673ADFED675A9FED672A9FED83
:1059B000674ADFED674A9FED675A76EE677AB0EE89
:1059C000003A37EE677A66EE267ADFED636AE7EE35
:1059D000267AB0EE677AA6EE237A67EE076AF0EED3
:1059E000472AE6EE632AB0EE656AA6EE826A77EE93
:1059F000E27AA6EE264AB0EE646AA4EE266AE7EEE4
:105A0000277AA6EE265AB0EE476AA5EE666AF7EE4A
:105A1000005A27EE065A36EE436AC5EE066A76EE5F
:105A2000E77A77EEC77A75EEE77A17EE903A134485
:105A3000B3F5000FC0F2BD8107EE903A67EE887AA9
:105A400017EE900AE2E6B8F17E5F3FF4F2AE2DD990
:105A5000002D29DB0198D9E6B7F1FF4FF3D0FFF70E
:105A6000B9FAB8F1FF4F4FF002067FF41EAF002DD8
:105A70000ADA07EE100AF7EE007AC7EE877A17EE19
:105A8000900A002CBFF6C2AEA8F17E5858EA06086C
:105A900000F02781012E7FF4B9AE80F00040B5E61A
:105AA000002D25DB0098B1E60020AFE6002DFBDAE3
:105AB000019B83F00040A9E6FA15C2F1960247FA6D
:105AC00002F303FA02F2BA4200F01481B7F17E5FEA
:105AD000E6D0B5F1804F14D00098FFF77BFAB8F10B
:105AE000FF4F4FF000067FF4E0AE002DC1DBC8E7AA
:105AF0009DED007AF7EE007AC7EE877A17EE900AEE
:105B000084E6DDED007A67EEA77A17EE900A7DE66F
:105B1000DDED007A77EEE77AC7EEA77A17EE900A06
:105B200074E600BFF3FF7F3F0700803FABAAAA3EA9
:105B300070A5EC363BAAB83F00AAB83F8CBEBF3573
:105B40000072313F0EEADDB54CBB313355B38A38B4
:105B5000610B36BBABAA2A3E1872313F0000804B66
:105B600014F0FF4F40F019815FED047A07EE100A40
:105B700067EE277A6FF0170317EE909A4FEAE95213
:105B8000BA4C7F3A1A44C9F31603A34243F07E503D
:105B900040F3FB80B64CA34240F31C81DFEDB54AD5
:105BA0000132F0EE643AA0F50000B7EE006A00237F
:105BB00007EE100A77EE067AF7EE005A85EEA78A0E
:105BC00007EE902AAC4ADFEDAD1A9FEDAD0ADFED8E
:105BD000AD0A9FEDAD1ADFEDAD5A9FEDAD2A02EA99
:105BE000600242F0005202F58002D31877EE466A56
:105BF000B8EEE75A07EE903A66EE882A37EEC66AA4
:105C000012EE903A37EE464A22EEA27AB0EE606A81
:105C1000A7EE210A6FF30B03B0EE083AA0EE076A75
:105C2000DFED9C1AA6EE071AB0EE656AA1EE076AD0
:105C3000F0EE435AA6EE072A27EE076A07EE103A5F
:105C4000E7EE676A72EE877AE7EE446AE7EE075A94
:105C500066EE886A9FED901A9FED904A67EEA67AED
:105C6000E6EE027A35EEA76A16EE103A6FF30B03F2
:105C700006EE103A76EE435AE7EE475A77EEE57AAB
:105C800067EEA27AE6EE867AF0EE675AE7EE065AFB
:105C900015EE903A6FF30B0305EE903AF0EE656A5D
:105CA000E7EE466A77EEE67A67EEA17AE5EE817A6C
:105CB00077EEA37AB0EE677AA5EE847A37EE247A8F
:105CC00037EE057A17EE103A6FF30B0306EE903AB3
:105CD00036EEC57A37EE647AA5EEC47A37EEC77A27
:105CE0002BE607EE900A77EEE77AC7EEA77A17EE73
:105CF000900A8BE5B7F17E5F3FF4D2AEB5F1804FED
:105D00003FF4FFAE03F00103C3F10206FFF762F9AF
:105D1000B8F1FF4F7FF4C9ADA9E6FFF75BF9B8F121
:105D2000FF4F3FF473ADB8F1000F3FF46FADB8F122
:105D30007E5F7FF4EDAE0026A6E659498A4200F266
:105D40008C807FF422AE76EEE76AF4EEC76AF1EE5D
:105D500010FA80F2828003F50043524AC3F3C75021
:105D60007F38C3F31601024141F40001C0F117006E
:105D70001A400141494206EE902A77EEE67ACA05BA
:105D800077EE276A16EE903A05E6DFED3A4AB7EE6F
:105D9000006AF0EE643A00230AE70023EEE6002DE5
:105DA00010DB002003B0BDEC028BBDE8F04300F037
:105DB00017B917EE900A00F07DF807EE900A3DE65D
:105DC000002DEEDD002003B0BDEC028BBDE8F043FA
:105DD00000F00AB9DFED344ADFED343AB7EE086A75
:105DE0004FF40013E4E6D2157E3A4FF40000104160
:105DF00018442C4AC0F3C7547F3CC0F3160122411B
:105E000041F40001C4F11704002B41FA04F102EA45
:105E10000002B0DAAEE79FED266A76EEE76A37EE6B
:105E2000066AB4EEE66AF1EE10FA0EDC03F5004302
:105E30001C4AD8157F38C3F31601024141F4000112
:105E4000C0F117001A40014195E7B5EEC08AF1EEA6
:105E500010FA4CBF01200020B5E7B5EEC08AF1EE84
:105E600010FA4CBF012000209CE700BF71C41C0049
:105E7000D6B35D000000000000F0FFDF42F1533EAA
:105E800055326C3E05A38B3EABAAAA3EB76DDB3EF6
:105E90009A99193F4F38763FC623F6B80040763FAF
:105EA00000001643000080FF00C0153FDCCFD13555
:105EB0003CAA383330F00042034641D0B2F1FF4FE4
:105EC0003FD210F0FF4F20D107EE100ADFED2E7AFF
:105ED0002E4B67EE277A994217EE900A38DB4CF288
:105EE000503CC0F3C75261450346A2F1190212DDCE
:105EF00000289FED277ADFED267AB8BF9FED257A3F
:105F000067EE277A17EE900A70474CF2503C6145D5
:105F10004FEAD252ECDC0A44FE2AE9DC002A20DCFB
:105F200012F1160F22DB193223F0FF4343EAC2536A
:105F3000DFED197A07EE103A67EE277A17EE900A2E
:105F4000704707EE900A77EEA77A17EE900A70472F
:105F500007EE100ADFED117A67EE277A17EE900A46
:105F6000704723F0FF4343EAC250704700289FED7B
:105F70000B7ADFED0A7AB8BF9FED097A67EE277AD0
:105F800017EE900A704700BF0000004CB03CFFFFC6
:105F9000CAF24971CAF249F1000000336042A20D11
:105FA0006042A28D38B505460C4602F00DFE034650
:105FB00028461C6038BD00BF07EE901A38B1B1EE1C
:105FC000677A67EE277A222117EE900AEAE7B0EEA9
:105FD000677A67EE277A222117EE900AE2E700BF80
:105FE0004FF08051E8E700BF4FF0E041E4E700BF29
:105FF00000289FED077AF7EE007AFFEE006A18BFDF
:10600000F0EE667AC7EE877A222117EE900AC9E78A
:106010000000000007EE900A37EEE77AF4EE677AA8
:10602000C7EE076AF1EE10FA16EE900A01D62121AA
:10603000B8E77047004870470000C07F30F000426A
:1060400033D008B500282DED028B07EE900A0246EA
:1060500034DBB0F1FF4F45DAB0F5000F39DB00213A
:10606000D3157F3B0B44D80F03EBD37307EE903A65
:10607000C2F31602C0F17F0042EAC050B8EEE78AD0
:1060800000F08AF8DFED1B7ADFED1B6A07EE100ADD
:1060900027EE277ADFED197AA8EE267AA8EE277A7E
:1060A000BDEC028B17EE100A08BDDFED156ADFEDBF
:1060B000157A86EEA77A17EE100A704777EEE77A20
:1060C000DFED106A87EEA67ABDEC028B17EE100AA0
:1060D00008BD9FED0D7A67EE877A6FF0180117EE15
:1060E000902ABDE7BDEC028B37EEA77A17EE100AB7
:1060F00008BD00BFD95BDE3EDB27543580209A3EC9
:10610000000000CC000000000000004CC0F3C753AA
:106110007F3B162B07EE900A20F0004118DC002B85
:106120001EDB1A491941084223D09FED197A37EE38
:10613000877AB5EEC07AF1EE10FA1ADD002804DA9B
:106140004FF4000242FA03F3184420EA01007047BA
:10615000B1F1FF4F0DD377EEA77A17EE900A704793
:106160009FED0B7A37EE877AB5EEC07AF1EE10FA32
:1061700002DC17EE900A7047002801DB0020704710
:1061800011B94FF00040704702487047FFFF7F0091
:10619000CAF24971000080BF30F0004307EE900A58
:1061A0002FD00028034635DBB0F1FF4F44DAB0F5BD
:1061B000000F38DB4FF0000C6748C3F316010844AA
:1061C00000F4000282F07E520A43DB1507EE102A2B
:1061D0007F3B624A634401F10F0CF7EE007A0CEA50
:1061E000020237EE677A03EBD05352BBB5EE407A2A
:1061F000F1EE10FA68D1002B40F096809FED587AAE
:1062000005E0DFED586ADFED567A86EEA77A17EEE5
:10621000100A704777EEE77ADFED516A87EEA67ACB
:1062200017EE100A70479FED507A67EE877A6FF08D
:10623000180C17EE903ABFE737EEA77A17EE100A60
:106240007047F0EE007A77EE277A06EE903AC7EEC6
:10625000273A4648C1F55712084402F52272024314
:10626000002ADFED432A9FED434A9FED435A9FEDFD
:10627000433ADFED434ADFED437A9FED436A63EE35
:10628000A35AB8EEE62A65EEA56AA6EEA24AE6EEA5
:10629000834AA4EE265AA4EEA66AE5EE267A67EEB5
:1062A000A57AE6EE267A2ADDF6EE006A67EE266A21
:1062B00066EE876A77EEA67A67EEA37A3BBB76EE48
:1062C000E76A37EE667AA2E7DFED306AF6EE007A2B
:1062D000E7EE667A67EE076A66EEA76A002BF0D0F3
:1062E00007EE903ADFED2A5A9FED2A6AF8EEE77A38
:1062F000E7EEE56A36EEC77A97EE867A87E777EEBD
:10630000677A67EEA37AE3B937EE677A7FE7DFED66
:10631000205A9FED206AE2EE257A76EEE76A36EEA5
:10632000C77A92EE067A72E707EE903A9FED187AF6
:10633000DFED186AF8EEE77A27EE877AA7EEA67AFD
:1063400065E79FED136ADFED136AE2EE467A37EEFA
:10635000C77A92EE267A5AE720FB4A00F0FF7F00C8
:1063600000000000000000CC0000004C305CCFFFBB
:106370009788173E25333A3E2549923E4FD01C3E22
:10638000298E633EABAA2A3FCDCCCC3EABAAAA3E17
:10639000D1F717378071313F08B410B5002A9DB08E
:1063A000044636DB4FF40273ADF814304FF00003AF
:1063B0001B930291069120AB17D0013A4FF6FF7163
:1063C00004920792ADF816101F9A019302A901F0EA
:1063D00035F9421C01DA8B232360029B00221A70DC
:1063E0001DB0BDE8104001B070474FF6FF71049238
:1063F0000792ADF816101F9A019302A901F01EF939
:10640000431C01DA8B2323601DB0BDE8104001B0AE
:1064100070478B2303604FF0FF30F5E70CB410B5E5
:10642000214B00291C689CB038DB4FF000034FF46F
:1064300002721B93ADF81420029006901FAB18D087
:1064400001394FF6FF7204910791ADF8162002A9A9
:106450001E9A0193204601F0F1F8421C01DA8B23C9
:106460002360029B00221A701CB0BDE8104002B0ED
:1064700070474FF6FF7204910791ADF8162002A9FC
:106480001E9A0193204601F0D9F8431C01DA8B23B0
:1064900023601CB0BDE8104002B070478B2323601E
:1064A0004FF0FF30F5E700BF8C0000202DE9F041F0
:1064B0000E461446804608B1036A8BB3A3891B07B6
:1064C0001DD52369DBB1013E16F8015FA5B1A368B4
:1064D000013B002BA36007DAA769BB42224629468D
:1064E000404616DB0A2D14D023685A1C22601D700A
:1064F00016F8015F002DEAD12846BDE8F08121465B
:10650000404602F0E7FB0028DDD04FF0FF30BDE849
:10651000F08100F0A1FE0130D6D14FF0FF30F6E758
:1065200000F0FAF9CAE700BF10B4044C03460A466B
:1065300020685DF8044B1946FFF7B8BF8C000020B7
:1065400038B5074D074C2C1BA41005D0013C55F85D
:10655000043D9847002CF9D1BDE838400AF03CBB17
:10656000800200207C020020844641EA000313F0F0
:1065700003036DD1403A41D351F8043B40F8043B4A
:1065800051F8043B40F8043B51F8043B40F8043B0D
:1065900051F8043B40F8043B51F8043B40F8043BFD
:1065A00051F8043B40F8043B51F8043B40F8043BED
:1065B00051F8043B40F8043B51F8043B40F8043BDD
:1065C00051F8043B40F8043B51F8043B40F8043BCD
:1065D00051F8043B40F8043B51F8043B40F8043BBD
:1065E00051F8043B40F8043B51F8043B40F8043BAD
:1065F00051F8043B40F8043B403ABDD2303211D34D
:1066000051F8043B40F8043B51F8043B40F8043B8C
:1066100051F8043B40F8043B51F8043B40F8043B7C
:10662000103AEDD20C3205D351F8043B40F8043B4C
:10663000043AF9D2043208D0D2071CBF11F8013B4A
:1066400000F8013B01D30B8803806046704700BF10
:10665000082A13D38B078DD010F003038AD0C3F11F
:106660000403D21ADB071CBF11F8013B00F8013B01
:1066700080D331F8023B20F8023B7BE7043AD9D3C0
:10668000013A11F8013B00F8013BF9D20B78037095
:106690004B7843708B78837060467047032A30B420
:1066A00012D941EA0004A40784460B4621D11946B9
:1066B000604653F8044B5CF8045BA54219D1043AD8
:1066C000032AF4D860461946541E7AB1431E013994
:1066D000021901E09A4209D013F8010F11F801CF15
:1066E0006045F7D0A0EB0C0030BC7047002030BCF8
:1066F0007047541EEAE700BF00B50B4C25681446EE
:10670000EE681A4685B003460D464CB10749009520
:10671000CDE901143046064902F0C8FA01F02EFC1A
:1067200004490C46F3E700BF8C000020A8260300B4
:10673000B82603004826030008B513460022FFF7D9
:10674000DBFF00BF00207047024A0349034801F005
:106750005BBC00BFDC000020F56A02009000002056
:106760000C4B4168994210B5044601D000F0C2F9C3
:10677000A168094B994202D0204600F0BBF9E168BC
:10678000064B994204D02046BDE8104000F0B2B953
:1067900010BD00BF9C1D0020041E00206C1E0020A8
:1067A000002070472DE9F8432A4C2B49DFF8BC90B4
:1067B000DFF8BC80294FC4F83811002504230822D3
:1067C000294604F15C00264EE360C4E90055C4E9A3
:1067D0000455A5606566A56102F0E6F8214B636784
:1067E0000822294604F1C400C4E90849C4E90A871B
:1067F000C4E91A55C4E91E552567C4F8CC50C4F83D
:106800008050266302F0D0F8174BC4F8DC302946DC
:1068100004F16803082204F59670C4F88830C4E9CE
:106820002398C4E92576C4E93455C4E93855C4F839
:10683000D850C4F83451C4F8E85002F0B5F804F167
:10684000D003C4E93D98C4E93F76C4F8F030BDE810
:10685000F88300BF9C1D00204967020045820200AA
:10686000698202000900010012000200DD810200BD
:1068700005820200F8B5254BD3F838310646002BC7
:106880003CD0234FD7E90134013B04D51DE05A1C0D
:1068900004F1680419D0B4F90C50013B002DF6D175
:1068A0001C4BE360C4E90155C4E9045565662560E5
:1068B000A5610822294604F15C0002F075F8C4E9DC
:1068C0000D55C4E912552046F8BD3D680DB12F465F
:1068D000D8E74FF4D6713046EAF7BCFF044680B1E2
:1068E0000423C0E900530C302946A0604FF4D07255
:1068F000254602F059F83C602F46C3E7FFF752FFE8
:10690000BFE70C2338603360DDE700BF9C1D00202B
:10691000DC0000200100FFFF036A03B17047044B55
:10692000044AD3F838310262002BF7D13AE700BFAE
:106930009C1D002061670200704700BF704700BFC8
:10694000024A0349002001F05FBB00BFDC000020C9
:1069500045670200024A0349002001F055BB00BF11
:10696000DC000020A167020038B505460346800719
:1069700002D12BE09A0708D0184601330278002A8A
:10698000F8D102F027F9284638BD4278E2B11868FC
:10699000A0F1013222EA000212F0803F0BD118462A
:1069A00053F8044FA4F1013222EA040212F0803FAE
:1069B000F5D0027942B1184610F8013F002BFBD107
:1069C00002F008F9284638BD1846DAE72A78DDE7EC
:1069D000B1F90C302DE9F0411D070C4680463FD43B
:1069E0004A68002A58DDE56A002D36D00022D8F822
:1069F0000060C8F8002013F480525AD1216A0123A4
:106A00004046A8470246501C66D0B4F90C30E56AEF
:106A1000590705D56368D21A636B0BB1236CD21A80
:106A20000023216A4046A847421CB4F90C3042D0EA
:106A300022692260DF044FF00002626000D56065C9
:106A4000616BC8F8006041B104F14403994202D07F
:106A50004046EAF705FF002363630020BDE8F081AC
:106A60000E69002EF9D09B070D6808BF4B690E60B8
:106A700018BF0023AD1B8B600BE02B463246216A0A
:106A8000A76A4046B847B0F1000CA5EB0C05664478
:106A900006DD002DF1DCE0E70A6C002AA3DCDCE770
:106AA000B4F90C3043F04003A3814FF0FF30BDE850
:106AB000F081626DACE7D8F800101D29F2D80C4ABD
:106AC000CA40D507EED52269226000226260DA044E
:106AD000B6D50029B3D0B3E7D8F80030002B94D056
:106AE0001D2B01D0162BDBD1C8F80060B5E700BF25
:106AF000010040200B69B3B110B5044682B008B163
:106B0000036A5BB1B1F90C3013B9002002B010BDBB
:106B1000204602B0BDE81040FFF75ABF0191FFF7D1
:106B2000FBFE0199EEE70020704700BFB8B138B511
:106B3000036904463BB10C4B1D680DB12B6A53B180
:106B4000B4F90C300BB9002038BD21462846BDE809
:106B50003840FFF73DBF2846FFF7DEFEF0E7034A67
:106B60000349044801F050BA8C000020DC000020EA
:106B7000F56A02009000002030B40478C4B10D78AA
:106B8000844685B10A462B4602E012F8013F2BB13C
:106B90009C42FAD1ACEB000030BC70471CF8014FAE
:106BA000002CEFD1F6E71CF8014F002CFBD1F1E7E8
:106BB0002046F1E72DE9F0410469B4EB611F05DCE3
:106BC0000023036100234361BDE8F08100F1140C50
:106BD0004E1111F01F0E0CEB84050CEB860323D035
:106BE0005CF8261004339D4221FA0EF1CEF1200804
:106BF00030D967461A6802FA08F20A4347F8042BAC
:106C000053F8041B9D4221FA0EF1F3D8A31B9B00FD
:106C1000053B9C080CF1040223F0030342F8241006
:106C2000134479B104330DE09D4288BF00F1100296
:106C3000C6D953F8041B42F8041F9D42F9D8A31B80
:106C40000CEB8303A3EB0C02921063450261B9D0F5
:106C5000BDE8F08141610029B2D06346E2E700BFA0
:106C60002DE9F04F0F6885B0CDE90020BA78039385
:106C7000302A894640F0F881FB1C1A78302A1C46DD
:106C800003F10103F9D0E71B023FDFF8108318F886
:106C90000230002B00F0EE80237818F803304FF01C
:106CA000000A5546002B00F06B81264616F8013F7E
:106CB00018F80330002BF9D1B7490122304601F012
:106CC00015FF834600284CD03278002D00F0A281B9
:106CD000AB1B4FEA830B02F0DF02502A35464CD043
:106CE000C9F80060BAF1000F74D12A1B013A072AD3
:106CF000514604DD5210072A01F10101FADC019826
:106D000002F04CFD8246002800F09B8200F1140640
:106D1000AC42029666D20027B9460DE0202F1AD069
:106D20003A4604372B7818F8033003F00F039340EA
:106D300049EA0309A54258D015F8013D2E2BEDD1A3
:106D4000A542EBD394490122284601F0CFFE00284A
:106D5000F0D0202FE4D1002246F8049B042791466E
:106D6000E0E7002D00F07181327802F0DF02AB1B0A
:106D7000502A4FEA830B3546B2D16A782B2A00F0AD
:106D800047812D2A40F0E5800120AA7818F80210EA
:106D90004A1E182A05F1020600F2E580727818F8FA
:106DA0000220103901365AB90CE001EB810116F8C6
:106DB000013F02EB4102A2F1100118F803200AB1D1
:106DC000192AF2DD00B149428B44C9F80060BAF1DA
:106DD000000F8AD0002F0CBF06240024204605B0E7
:106DE000BDE8F08F029E4FF0000946F8049B029B1D
:106DF000F61AB610CAF81060484602F0DBFD009B98
:106E000076011D68361AAE4255DCC0F20581009B42
:106E10009A685A45C0F2F3805A68934580F2A5807B
:106E2000A2EB0B0BAB4571DA0BF1FF36002E40F0F5
:106E3000618137467311029A06F01F0652F823202B
:106E40000123B3401342A5EB0B055946504600F011
:106E50006081FFF7AFFE009BDC68D3F804B0022C22
:106E600000F01481032C00F07081012C00F0698186
:106E700012247BE048490122204601F037FE824679
:106E800000287FD1637818F80320651C002A7BD086
:106E9000302B2C4640F05B8114F8013F302BFBD0A7
:106EA00018F80330B3FA83FA01274FEA5A1A002B75
:106EB0007FF4FBAE64E0761B3146504603F0D0F918
:106EC000074678B1711E4A11029B012753F8220030
:106ED00001F01F0207FA02F2024203D0B94200F3A6
:106EE0000F81022731465046FFF764FE009B9A68E7
:106EF000B3445A45C0F28380009B5A685A4540F318
:106F0000B680A2EB0B0B5D4500F3E580009BDB68D0
:106F1000022B45D0032B00F00881012B43D1AB4558
:106F200041D1BBF1010F08D00BF1FF31504603F006
:106F300097F9002837D0009B5A6803990A60029A93
:106F40000123CAF8103013600E9B6224C3F800A01E
:106F500044E718F802104A1E182A05F101064FF0FE
:106F600000007FF61BAF2E46BAE601240E9BC3F845
:106F700000A0039B2046C3F800B005B0BDE8F08F29
:106F8000264699E62378254603F0DF03502B00F0D0
:106F9000C780C9F800501DE7E826030038590300F0
:106FA0000F9B002BC9D00198514602F037FC5024AA
:106FB0000E9A00232046136005B0BDE8F08FDAF882
:106FC0000820974280F2C5800AEB87017A1C0120D5
:106FD000022CCAF81020DDF80880486100F0AA8071
:106FE000002A00F3DB800022CAF810200022CAF831
:106FF0001420009B9A680BF1010B5A4569DA01983D
:10700000514602F00BFC0E9A0023A3241360E5E620
:107010000020BAE6AB465EE6AE1B5146324601980A
:1070200002F076FE009B9A68ABEB060B9345824616
:10703000E5DC5A68934598DAA2EB0B0B00F11403D8
:10704000AB450293BFF662AFEEE6727818F8021015
:10705000751C2E4600293FF43EAE16F8012F18F895
:107060000230002BF9D133E6BC1C00270DE60124C9
:10707000002F3FF47BAF009BDA68022A06D0032A78
:1070800008D0012A2ED044F010046FE70F9BC3F103
:1070900001030F930F9B002BF5D0DAF81070029AC2
:1070A0004FEA8709904602EB8706002003E09642EC
:1070B00042F8040C83D9944652F8041B4B1CF6D0BA
:1070C0000131022CCCF8001034D015F01F0540F02F
:1070D000918021244AE70BF1FF36002F3FF4A6AE42
:1070E0000127A7E6B907CED5029B1A681743FA070E
:1070F000D3D4C8E73146504603F0B2F8074699E6C4
:10710000B11E504603F0ACF800283FF4EAAE032766
:10711000E8E6FFF74FFD009B0224D3F804B0A7E791
:107120004FF0000B4FF0010A27E60F9B002B7FF476
:1071300004AF38E7009B1A68013AAA4267D02224BC
:1071400014E747F002070224CEE70224A2E7012752
:10715000ABE5DAF804100198013102F01FFB064696
:10716000002868D0DAF81020023292000AF10C01EF
:107170000C30FFF7F9F95146019802F04FFB3269E4
:10718000012006EB8201022C0244326106F1140850
:107190004861B246CED0974297DA21E708EB8205E4
:1071A0000AF11800DAF8142085424FEA52023AD95F
:1071B0004446036842EAC37244F8042B50F8042B97
:1071C00085424FEA5202F4D8A5EB0A01193908F1B9
:1071D00004008C0821F0030140F82420014402B18E
:1071E0000431A1EB080292104145CAF810207FF447
:1071F00000AFFBE6C144C5F1200559F8040C02F0CC
:10720000D9FBA842BFF665AFDAF81020E8E66A11AC
:1072100005F01F0558F822100122AA400A4214BFA7
:1072200021242224A2E6C8F800200AB14146D7E76B
:10723000CAF81020DAE6064B064832468421FFF7EA
:107240005BFA034B03485246E421FFF755FA00BFAF
:10725000FC26030010270300F8B50D461446064629
:1072600010B1036A002B37D0A389A269A2601A0764
:1072700019D52369BBB122686169D31AEDB299426D
:107280002F4620DD0133A1680139A160511C216026
:10729000157062699A420DD0A389DB0701D50A2DCA
:1072A00008D03846F8BD2146304601F013FD38B904
:1072B0002369E0E721463046FFF71CFC0028F0D0A8
:1072C0004FF0FF37EDE721463046FFF713FC00286B
:1072D000F6D122680123D6E7FFF71EFBC4E700BF03
:1072E00010B4044C03460A4620685DF8044B194666
:1072F000FFF7B2BF8C000020F030704700487047A5
:10730000D801002000487047D80100202DE9F0473F
:10731000074649480E46354616F801EB10F80EC0F0
:107320001CF0080CF7D1BEF12D0F5AD0BEF12B0F77
:1073300003BF96F800E06446AE1C64464BB9BEF14C
:10734000300F5CD00A23DFF8F4804FF0050A99462D
:107350000AE0102B4AD04FF0FF38B8FBF3F803FBDC
:1073600008FA6FEA0A0A99460025284605E02CD05B
:1073700009FB00C0012516F801EBAEF1300CBCF1A1
:10738000090F06D9AEF1410CBCF1190F0BD8AEF1C3
:10739000370C634510DDB5F1FF3FECD04045E6D931
:1073A0004FF0FF35E7E7AEF1610CBCF1190F03D8E0
:1073B000AEF1570C6345EEDC6B1C0BD004B14042C0
:1073C0000AB165B91160BDE8F087D445D0DD4FF052
:1073D000FF35D0E722233B602846002AF3D0711EF8
:1073E000F0E796F800E00124AE1CA7E7BEF1300FED
:1073F00011D04FF00F0A6FF070489946B4E7337818
:1074000003F0DF03582B0BD008234FF0070A6FF06F
:1074100060489946A8E7307800F0DF005828E8D1A6
:107420004FF0100996F801E04FF00F0A02366FF0A6
:1074300070484B4698E700BF395A0300999999194B
:1074400064E700BF10B4044C8446134620685DF81E
:10745000044B0A46614659E78C00002010B4044CE6
:107460008446134620685DF8044B0A4661464DE7A2
:107470008C0000202DE9F0478F681D46AF420B6855
:107480000C46164636D8B1F90CC01CF4906F0ED1DC
:107490003D46184631462A4600F0C6FCA368DF1B6D
:1074A0002368A7602B4400202360BDE8F0874A6969
:1074B000096902EB42025F1A02EBD2726B1C521096
:1074C0003B44934292BF914699461A461CF4806F02
:1074D000804611D01146EAF7BDF9824600B3216912
:1074E0003A46FFF741F8A38923F4906343F0800301
:1074F000A38105E02F46CCE701F034FB824658B16A
:107500000AEB0703A9EB0707A760C4F810A0C4F8AB
:10751000149023602F46BCE721694046EAF7A0F9A2
:10752000A3890C2243F04003C8F800204FF0FF303D
:10753000A381BAE72DE9F04F936883B09246002B00
:1075400075D04FF0000B17688B680A6881460C46AF
:107550005D4645E0B4F90C3013F4906F2CD0D4E9BB
:107560000401161A01EB410202EBD272711C521097
:107570002944914292BF904688460A465B0539D518
:1075800011464846EAF766F9019000283DD0324698
:107590002169FEF7E9FFA289019B22F4906242F083
:1075A0008002A2819819A8EB0606A660C4F8148090
:1075B00023612060A8462E463246594600F034FC2E
:1075C000DAF80810A3682268A3EB08033244491BC9
:1075D000A3602260CAF8081049B3D7E900B508379C
:1075E00098461046002DF8D09D421E46B2D2A846BD
:1075F0002E46E1E70146484601F0B4FA034600286A
:10760000D0D121694846EAF72BF9A3890C2243F02F
:107610004003C9F800204FF0FF30A381002200236F
:10762000CAF80820CAF8043003B0BDE8F08F002083
:107630000023CAF8043003B0BDE8F08F2DE9F0470D
:107640001C468B891D069CB00F468046924603D58A
:107650000B69002B00F0ED800023099343F2200317
:10766000ADF829309AF80030794D03940126002BAB
:1076700071D0D14603E019F8013F002B72D0252BC1
:10768000F9D1B9EB0A0470D199F80020002A62D030
:1076900000234FF0FF32CDE9052309F101090493DE
:1076A00007938DF853301A9304E006FA03F313435B
:1076B0000493A1464C46052214F8011B2846D8F72E
:1076C0007FFFA246049A431B0028EED1D00644BF98
:1076D00020238DF85330110799F8001044BF2B2355
:1076E0008DF853302A294ED1039B196804330029A1
:1076F00003937ADB079199F801102E2959D0554848
:107700000322D8F75DFF40B1524A049B801A402201
:10771000824013430AF1010A04931AF8011B4E48F0
:107720008DF828100622D8F74BFF002863D04B486D
:10773000002853D003AA0092494B3A4604A9404678
:10774000AFF30080421C06D0099B034409939AF8CA
:107750000030002B8DD1BB895B0676D409981CB014
:10776000BDE8F087B9EB0A04F5D023465246394606
:107770004046FFF77FFE0130EDD0099B99F80020CD
:107780002344099382E7A1F13002092A88BFCA463F
:10779000B3D8079B00E00134217803EB830302EBAD
:1077A0004303A1F13002092AF5D92E290793A246F5
:1077B000A5D19AF801102A2926D1039B9AF8021024
:1077C0001A6805920433002A0AF102000393B8BF35
:1077D0004FF0FF338246B8BF059390E7039B073312
:1077E00023F0070308330393AEE7494242F0020255
:1077F000079104927FE703AA0092194B3A4604A925
:10780000404601F085FE9DE7A1F130020023092AE0
:1078100005930AF1010A3FF672AF1AF8011F03EB54
:10782000830302EB4303A1F13002092AF5D9059342
:1078300065E74021EAF70EF83860386110B140235F
:107840007B6109E70C23C8F800304FF0FF3086E772
:10785000442703004C2703005027030000000000CA
:10786000757402000CB410B59CB01EAB0291069169
:107870006FF0004104910791084953F8042B0591DA
:10788000002402A901931B94FFF7D8FE029B1C70F1
:107890001CB0BDE8104002B0704700BF0802FFFFF7
:1078A0000EB430B59CB06FF000411FAB049107914E
:1078B0000A4953F8042B029000240690084D0868EA
:1078C000019302A905951B94FFF7B8FE029B1C705B
:1078D0001CB0BDE8304003B0704700BF8C000020F2
:1078E0000802FFFF8C461146BCF18E0F00F291801A
:1078F000DFE81CF03A013801360134013201300171
:107900002E012C012A012801260124012201200137
:107910001E018F001C011A01180116011401120129
:1079200010010E010C010A01080106010401020107
:107930000001FE00FC00FA00F800F600F4008F00E1
:107940008F008F008F008F008F008F008F00F2005C
:10795000F0008F008F008F008F008F008F008F004E
:107960008F008F008F008F008F008F00EE00EC00E3
:10797000EA00E8008F008F008F00E6008F008F0084
:107980008F00E4008F008F00E2008F008F00E00086
:107990008F008F008F008F008F008F008F008F006F
:1079A0008F008F00DE008F00DC00DA00D8008F002F
:1079B0008F00D6008F008F008F008F008F008F0008
:1079C0008F008F00D400D200D000CE00CC00CA00BF
:1079D0008F00C800C600C400C200C000BE00BC00CA
:1079E000BA00B800B600B400B200B0008F00AE001C
:1079F000AC00AA00A8008F008F008F008F008F00BE
:107A0000A6008F008F008F00A400A200A0009E009F
:107A10009C0008B5002B14BF1A460246604600F0D1
:107A200015FB524A002808BF104608BD5048704751
:107A3000504870475048704750487047504870470A
:107A400050487047504870475048704750487047FA
:107A500050487047504870475048704750487047EA
:107A600050487047504870475048704750487047DA
:107A700050487047504870475048704750487047CA
:107A800050487047504870475048704750487047BA
:107A900050487047504870475048704750487047AA
:107AA000504870475048704750487047504870479A
:107AB000504870475048704750487047504870478A
:107AC000504870475048704750487047504870477A
:107AD000504870475048704750487047504870476A
:107AE000504870475048704750487047504870475A
:107AF000504870475048704750487047504870474A
:107B00005048704750487047504870475048704739
:107B10005048704750487047504870475048704729
:107B20005048704750487047504870475048704719
:107B30005048704750487047504870475048704709
:107B400050487047504870475048704750487047F9
:107B500050487047504870475048704750487047E9
:107B600050487047504870475048704748260300B7
:107B7000CC2D0300B42D0300A02D0300042E030020
:107B8000FC2A0300342A03006C2D0300842D03001B
:107B900070290300302D0300A42B03002C2E0300BA
:107BA000382803000028030008290300082A0300DE
:107BB000F8280300402E03004C290300202B03006B
:107BC000482D0300182D0300E82C0300D02C0300DF
:107BD000B02C0300902C0300602C03003C2C03000D
:107BE000FC2C0300E02D0300242C0300082C0300D0
:107BF000F42B0300D82B0300CC2B0300B82B03007D
:107C0000942B03007C2B0300682B0300502B0300F4
:107C1000582C0300402B0300382B0300142B0300C7
:107C2000E82A0300CC2A0300B82A0300882A0300AC
:107C30007C2A03006C2A0300542A0300442A030010
:107C40001C2A0300F8290300E8290300D0290300B7
:107C5000B0290300902903003829030028290300D4
:107C6000E8280300D8280300C4280300B82803002C
:107C7000A028030094280300802803006C28030038
:107C8000582803002C2803001C280300EC270300BD
:107C9000D8270300BC270300B02703009827030060
:107CA000882703006C270300602703005827030080
:107CB000034A0023014610681A46FFF713BE00BFAF
:107CC0008C000020034A0023014610681A46FFF783
:107CD00009BE00BF8C0000202DE9F04F83B002FBED
:107CE00003F80C9C0093B8F1000F36D0914606467D
:107CF0000D4618B1036A002B00F082806768A389E3
:107D0000002FB7BF4FF0000BBB46C4F804B05F466E
:107D10009B0726D4C2460FE0FEF726FC23683B44AF
:107D20002146236030463D44AAEB070B00F074FC6B
:107D300000285CD16768DA46574521683A462846EC
:107D4000EAD35246FEF710FCD4E90031A1EB0A0158
:107D50005344C4E90031DDF80080404603B0BDE87B
:107D6000F08FC34528BFC34621685A462846FEF710
:107D7000FBFB2368616B5B4423606368A3EB0B032D
:107D80006360A8EB0B0751B1002FE4D004F144036A
:107D9000994202D03046E9F763FD002363635D44F6
:107DA000CDF80480B24600E0174621465046002F29
:107DB000D1D0D4F810802668D4F814B02560C4E976
:107DC000045700F029FC636826600021C4E9048B95
:107DD000FA1A1D4461600028E6D0DDF804804344AF
:107DE000DB1BB3FBF9F8404603B0BDE8F08F474416
:107DF000A7EB0A07B7FBF9F8404603B0BDE8F08FE0
:107E0000FEF78AFD7AE700BF10B5064C82B08446C3
:107E10002068009313460A466146FFF75DFF02B0F3
:107E200010BD00BF8C0000208842F0B514D98B181B
:107E3000834211D9032A00EB020166D802F1FF3C0C
:107E40004AB16FEA0C0C0A469C4413F8011D02F873
:107E5000011D6345F9D1F0BD032A0FD8034602F195
:107E6000FF3C002AF7D00CF1010C013B8C4411F8C7
:107E7000012B03F8012F6145F9D1F0BD41EA000360
:107E80009B073ED10F2A64D9A2F1100301F110041F
:107E900023F00F032031A446194400F1100E5CF8C2
:107EA000105C4EF8105C5CF80C5C4EF80C5C5CF8F6
:107EB000085C4EF8085C5CF8045C4EF8045C0CF15D
:107EC000100C8C450EF1100EE9D1E11812F00C0FD8
:107ED000034402F00F0E03F1100338D02EF0030517
:107EE000043D1A1F5E198C465CF8044B42F8044F9F
:107EF000B242F9D10431043329442B440EF0030279
:107F0000ADE702F1FF3C0346ADE741EA0304A407F5
:107F10001F4602D002F1FF3C93E7A2F1040E2EF0BF
:107F200003068E1B4FEA9E0E8C46644653F8045D92
:107F30004CF8045DB442F8D1CEEB8E7301EB8301B3
:107F400007EB83073B1F043902F0030276E7724612
:107F500085E703469646C1E7EC46A0E8F05F80EC73
:107F6000108B4FF000007047B0E8F05FE54690ECF2
:107F7000108B080008BF0120704700BF08B506201D
:107F800001F01EF9012004F09FFD00BF830710B52A
:107F9000844603D135E01CF0030F12D063460CF188
:107FA000010C1C78002CF6D152B101399C1811F843
:107FB000012F03F8012B1AB1A342F8D100221A7045
:107FC00010BD5B78DBB1DCF80040A4F1013323EA9B
:107FD000040313F0803F0CD1E6465CF8044FA4F193
:107FE000013323EA040313F0803FF5D09EF80430F8
:107FF0002BB1634613F8014F002CFBD1D4E7634645
:10800000D2E70378DEE700BF2DE9F843074688464C
:1080100016464FF00009D6E90154013D10D4A3895A
:10802000012B08D9B4F90E3001332146384602D06D
:10803000C04749EA0009013D6B1C04F16804EED118
:108040003668002EE7D14846BDE8F8830020704727
:108050002DE9F0430F4685B011461C46054618B180
:10806000036A002B00F08A8003AA284601F042F937
:108070000646002800F08780B4F90C30002B5BD056
:108080001B076AD4236B002B6ED0002F5AD0216AB5
:10809000284698474FF4DB733946039A284602F086
:1080A00067F9A389D5F80080074603F080031BB168
:1080B00021692846E9F7D4FB616B0023C4E9013349
:1080C000C4E904332360A36141B104F1440399423C
:1080D00002D02846E9F7C4FB00236363A16C4FF08C
:1080E0000009C4F8389021B12846E9F7B9FBC4F873
:1080F0004890A38923F40053A381636E4FF00009D5
:1081000023F400536366C4F84C900822494604F1F6
:108110005C0000F049FC4F453BDB2549254A2648D9
:10812000264BA681C4E90A12C4E90840E78123630B
:10813000204605B0BDE8F0832023A381002FA9D1FC
:10814000236B7BB3216A28469847A3894FF009081F
:108150004FF0FF3703F08003A9E721462846FEF7DA
:10816000C9FC236B002B90D1002F93D1A3894FF032
:10817000090803F080034FF0FF3798E70192FEF7FC
:10818000CBFB019970E72146284600F0E7F9002073
:10819000CFE7FEF7D1FBA4F80C90C5F80080FEF7FE
:1081A000CDFBF4E74FF009084FF0FF3784E700BF3D
:1081B0000582020045820200DD8102006982020020
:1081C00010B4054C8446134620685DF8044B0A46FB
:1081D0006146FFF73DBF00BF8C00002010B50C4684
:1081E000B1F90E1000F0A4F9002803DB636D03441D
:1081F000636510BDA38923F48053A38110BD00BF24
:10820000002070472DE9F0410C46B1F90C101F46D3
:10821000CB05054616460BD421F48051A1813B467F
:10822000B4F90E1032462846BDE8F04101F0C8B856
:10823000B4F90E100223002200F0A0FBB4F90C10D8
:10824000EAE700BF10B50C46B1F90E1000F096FB3E
:10825000B4F90C30421C0EBF23F4805343F4805316
:108260006065A38110BD00BFB1F90E1000F05EBBC8
:1082700011F0FF01034600F0030239D08ABB026807
:1082800010B501EB012E0EEB0E4E8EEA0204A2F1A8
:10829000013323EA0203A4F1013222EA0402134368
:1082A00013F0803F0FD150F8044F84EA0E0CA4F174
:1082B0000133ACF1013223EA040322EA0C02134336
:1082C00013F0803FEFD0037823B936E010F8013F78
:1082D000002B32D09942F9D110BD8A4228D09A079A
:1082E00029D01A7818460133002AF6D11046704773
:1082F000CAB90268A2F1013323EA020313F0803FF6
:1083000008D150F8042FA2F1013323EA020313F03D
:10831000803FF6D003785BB110F8013F002BFBD112
:108320007047990705D0184613F8012B002AF8D199
:1083300070471846DDE71846A1E7184610BD00BF94
:1083400010B5044682B008B1036A2BB1204602B0D2
:10835000BDE8104002F056B8CDE90012FEF7DCFA95
:10836000DDE90012204602B0BDE8104002F04AB834
:1083700010B50D4B0446186882B00A4608B1036A6E
:108380002BB1214602B0BDE8104002F03BB8CDE968
:108390000001FEF7C1FADDE90002214602B0BDE8A6
:1083A000104002F02FB800BF8C00002001F1440300
:1083B0002DE9F0410C46496B994214D0A66B770029
:1083C0003A4600F0CFFB054630B300EB0608014605
:1083D00032464046FEF7C8F8C4E90D57C4F800809D
:1083E0000020BDE8F0814FF48061E9F733FA98B1DD
:1083F00094F846304FF48062C4E90D0280F8FF33F0
:1084000094F8453080F8FE3394F8442080F8FD233A
:1084100000F2FD332360E3E74FF0FF30E1E700BFF8
:1084200070B54C1C2BD00E460546144610B1036A9D
:10843000002B4CD0B4F90C3023F020025807A28155
:1084400006D4D9061BD51B0734D442F00402A281FE
:10845000626B6368F6B2AAB1A26B9A4209DD236827
:108460005A1E226003F8016C636801336360304672
:1084700070BD21462846FFF799FF0028EFD04FF046
:10848000FF36F4E7226921682AB18A4203D211F843
:10849000012C96421ED02246C4E90F1304F1440079
:1084A00003236063A36302F8466F0123C4E900233A
:1084B000304670BD21462846FEF71CFB0028DED161
:1084C000B4F90C20A06022F00802A061BDE7FEF71D
:1084D00023FAAFE701390133C4E90013C7E700BF4E
:1084E00010B4044C03460A4620685DF8044B194654
:1084F000FFF796BF8C00002030B404787CB10D7873
:1085000085B10A462B4602E012F8013F1BB1A34297
:10851000FAD130BC704710F8014F002CF1D1204641
:1085200030BC704710F8014F002CFBD1F7E700BFBB
:1085300038B50D46084C8446114628461A46002395
:108540002360654604F0A0FA431C00D038BD2368C0
:10855000002BFBD02B6038BDD81E002070B5002941
:1085600035D006460C4610B1036A002B3AD0FEF710
:10857000E3F9B4F90C3043B321463046FEF728FA4C
:10858000236B054633B1216A304698470028B8BFAF
:108590004FF0FF35A3891B061CD4616B41B104F178
:1085A0004403994202D03046E9F75AF90023636345
:1085B000A16C21B13046E9F753F90023A3640023ED
:1085C000A381FEF7BBF9284670BDFEF7B7F9002579
:1085D000284670BD21693046E9F742F9616B0029F0
:1085E000DDD1E5E7FEF798F9C1E700BF024B014690
:1085F0001868FFF7B3BF00BF8C0000208B8903F021
:108600000903092B01D000207047024B1868FEF7C0
:1086100071BA00BF8C00002070B50C46054610B141
:10862000036A002B56D0B4F90C3000229E0662601B
:108630005DD4580719D4D9065CD51A0739D443F04C
:108640000403A3812369002B3FD0B4F90C60B30766
:108650001ED12269666A6369216A22602846B04792
:108660000028606039DD002070BD616B0029E9D011
:1086700004F14403994202D02846E9F7F1F8236C4B
:10868000636000226263002BDCD0E36B2360EAE7C7
:108690000123A3811A4A1B491B48FFF7B5FC06F0CA
:1086A0000903092BA681D4D121462846FEF790F96B
:1086B000CFE721462846FEF71DFAC0B9B4F90C30C1
:1086C000A06023F00803A061B9E72146284601F025
:1086D000EBFEBAE7FEF720F9A5E7B4F90C3017BFB7
:1086E000002243F0200343F040036260A3814FF077
:1086F000FF3070BD092243F040032A60A381F6E7F2
:10870000DC000020FD850200900000200A220021EC
:1087100000F0AEB80A23002200F09CB8242B2DE90B
:10872000F84F43D8012B41D0804649481F468E461A
:1087300075461EF801BB10F80B4014F00804F7D181
:10874000BBF12D0F6FD0BBF12B0F08BF9EF800B00F
:108750006FF0004908BF05F1020E73BBBBF1300F8B
:108760004BD00A273B460025B9FBF7F6284607FB06
:10877000169A05E03AD007FB00C001251EF801BBA0
:10878000ABF1300CBCF1090F06D9ABF1410CBCF1D7
:10879000190F19D8ABF1370C63451EDDB5F1FF3F5A
:1087A000ECD08642E6D24FF0FF35E7E700F00CFA56
:1087B000162303600020BDE8F88F102BD3D1BBF146
:1087C000300F23D01F46CEE7ABF1610CBCF1190F7F
:1087D00003D8ABF1570C6345E0DC6B1C2BD054B9CC
:1087E000002AE8D085BB1160BDE8F88FE245C2DA07
:1087F0004FF0FF35C2E74042F2E79EF8003003F049
:10880000DF03582B08D008273B46ACE79EF8000052
:1088100000F0DF005828D5D110279EF801B03B4664
:108820000EF1020E9FE79EF800B04FF0004905F1EF
:10883000020E012491E72223C8F8003032B10EF174
:10884000FF3148461160CFE78146F8E74846B2E776
:10885000395A030062E700BF10B4044C8446134643
:1088600020685DF8044B0A46614657E78C000020FB
:1088700010B4044C8446134620685DF8044B0A4645
:1088800061464BE78C00002010B4034CD4F8E04064
:10889000A4465DF8044B6047E800002049B1FF2A78
:1088A00002D80A70012070478A2303604FF0FF301E
:1088B00070470846704700BF20B5054682B008B132
:1088C000036A83B14B68013B002B4B6005DB0B68EF
:1088D0005A1C0A60187802B020BD284602B0BDE8D4
:1088E000204001F0EBBC0191FEF716F80199E9E791
:1088F00038B50D4B1D6804460DB12B6A7BB163681A
:10890000013B002B636004DB23685A1C226018784B
:1089100038BD21462846BDE8384001F0CFBC284686
:10892000FDF7FAFFEBE700BF8C00002038B5074DDC
:108930000022044608462A6004F096F8431C00D042
:1089400038BD2B68002BFBD0236038BDD81E00201B
:1089500038B511F0FF040CD00346002501E0431C9C
:10896000054621461846FFF783FC0028F7D1284624
:1089700038BD2146BDE83840FFF77ABC38B50D4612
:10898000084C8446114628461A4600232360654653
:1089900004F076F8431C00D038BD2368002BFBD0D0
:1089A0002B6038BDD81E0020830730B546D0841810
:1089B000844604E003F8011B9D0704D09C46A445AF
:1089C0006346F7D130BD013A0244A2EB0C02032A00
:1089D00029D9CCB204EB04240F2A04EB04442FD988
:1089E000A2F1100C2CF00F0C03F11005AC44C3E9FC
:1089F0000044C3E9024410336345F8D112F00C0F70
:108A000002F00F0E18D02EF0030C9C44AEF10405BA
:108A10001A4642F8044B6245FBD125F003040433A7
:108A20000EF003022344002ACCD0C9B21A4403F842
:108A3000011B9342FBD130BD7246F4E70346C6E703
:108A40009646E0E7F0B5144683B00F4601AA2146EA
:108A5000064600F04FFC28B305463046FDF70AFFF6
:108A60000446F8B1019A4FF4DB733946304601F001
:108A70007FFC002810DB124B124AE081C4E9084356
:108A8000114B2DB2C4E90A23104B2363EB05A581DA
:108A90000CD4204603B0F0BDFDF74EFF0023A381A8
:108AA000FDF74CFF0024204603B0F0BD0223002256
:108AB0002146304600F0E0F9204603B0F0BD00BF8B
:108AC000DD81020005820200458202006982020007
:108AD00010B4044C03460A4620685DF8044B19465E
:108AE000FFF7B0BF8C000020D7F7FABB8AB330B5D0
:108AF00040EA0104A40786460B4617D1032A07D88B
:108B000014E0043A23D01CF0803F20D1032A26D958
:108B1000DEF80040194653F8045BA4F1013CAC4276
:108B200070462CEA040C0EF1040EEAD003780C789F
:108B3000013AA34208BF121807D00CE06BB110F83D
:108B4000013F11F8014FA34205D19042F6D1002018
:108B500030BD10467047181B30BD184630BD7046FA
:108B60001946E3E72DE9F041144641B30AB306463E
:108B70000D4601F0F5FB8442074602D8B4EB500FD6
:108B800013D821463046E8F765FE804650B1BC4216
:108B90002246294628BF3A46FDF7E6FC29463046DC
:108BA000E8F75EFE4046BDE8F081A8464046BDE8D5
:108BB000F081A046E8F754FE4046BDE8F081BDE8EC
:108BC000F0411146E8F746BE014B1868704700BFF8
:108BD0008C00002080EA0102844612F0030F4FD17E
:108BE00011F0030F32D14DF8044D11F0040F51F87C
:108BF000043B0BD0A3F101329A4312F0803F04BF33
:108C00004CF8043B51F8043B16D100BF51F8044B1B
:108C1000A3F101329A4312F0803FA4F101320BD14B
:108C20004CF8043BA24312F0803F04BF51F8043BD0
:108C30004CF8044BEAD023460CF8013B13F0FF0F2D
:108C40004FEA3323F8D15DF8044B704711F0010F60
:108C500006D011F8012B0CF8012B002A08BF704731
:108C600011F0020FBFD031F8022B12F0FF0F16BF28
:108C70002CF8022B8CF8002012F47F4FB3D17047F0
:108C800011F8012B0CF8012B002AF9D1704700BF15
:108C90000CB400B583B004AB53F8042B019301F07E
:108CA00069FD03B05DF804EB02B070470EB410B577
:108CB00083B005AB064C53F8042B019301462068A2
:108CC00001F058FD03B0BDE8104003B0704700BF8D
:108CD0008C00002038B53D4B1B6805460C4613B18F
:108CE0001A6A002A5AD0B4F90C3019070BD5226938
:108CF0009AB113F0010221D19B075ABF6369A360A7
:108D0000A260002038BDDA0658D558071CD4226965
:108D100043F00803A381002AEBD1990528D5180652
:108D200003F0800124D4D80741D49D073CD5A2602C
:108D30000029E6D043F04003A38144E063690022A8
:108D40005B42A260A361DCE7616B51B104F14402B4
:108D5000914204D02846E8F783FDB4F90C30002294
:108D6000626322690021C4E9002123F02403CFE7D4
:108D70002146284601F098FBB4F90C30226913F023
:108D800001010FD0616900204942A060A161002A61
:108D9000B7D103F080010029B3D0CBE71846FDF727
:108DA000BBFDA0E7980700D46169A160EFE76069A7
:108DB000A2604042A0610029A3D0BBE7092243F092
:108DC00040032A60A3814FF0FF3038BD8C000020A3
:108DD00040EA01039B0710B501D1032A17D8844646
:108DE00001F1FF3E07E01EF8011F03F8011B541EAE
:108DF00029B19C4622466346002AF4D110BD944412
:108E0000002CFBD003F8011B6345FBD110BD8E463F
:108E10008446DEF80040A4F1013323EA040313F092
:108E2000803F71460EF1040EDAD1043A032A4CF861
:108E3000044BEED87146D3E708B5064B044613B190
:108E40000021AFF30080044B1B6803B19847204614
:108E500003F03AFE00000000D41E002010B5054CBF
:108E600034B113460A4601460220AFF3008010BD1C
:108E7000204610BD0000000001F0A0BB10B4054C5E
:108E80008446134620685DF8044B0A46614601F0AB
:108E900095BB00BF8C00002010B40468013409E0C9
:108EA00014F8013BA3F1410CBCF1190F98BF20331A
:108EB000934208D111F8012B002AF1D1046001205E
:108EC0005DF8044B704700205DF8044B704700BF0D
:108ED00009682DE9F04F4B1102EB830311F01F0BD2
:108EE00007460CBF1846181D3C680CBF1D1F1D46C9
:108EF000002385B040F8043C61780134002900F07B
:108F0000A9809E469A461E460B4601461046DFF84B
:108F1000849101975A46A846AC46834610E0202B20
:108F200000F29080564508DDC44502D2BEF1070F1D
:108F300060DDE34555D34FF0080E14F8013FB3B19F
:108F400019F80370002FEAD00EF1010EBEF1080FE0
:108F500006F101063BDCDCF800301B0107F00F07CF
:108F60001F43CCF8007014F8013F002BE8D15B469A
:108F7000084693461A46002E6CD0C44502D2BEF174
:108F8000070F72DD62454ED2111F634653F8044B42
:108F900041F8044FAB42F9D9A5EB0C03691C23F04F
:108FA00003030CF1010C8C4588BF0023111D0B44F9
:108FB000002419460433AB420C60FAD950F8043C43
:108FC000002B4DD1AA4249D055F8043DF8E7E345BE
:108FD000B3D200234CF8043C4FF0010EACF1040C6A
:108FE000BCE70023ACF104084CF8043CB246C4468C
:108FF0009E46A2E7CEF108008000CDE9022CDCF805
:1090000000306746C0F1200E8446786800FA0EF200
:109010001A4320FA0CF33A6047F8043F4745F4D36B
:10902000DDE9022C85E750F8043CBBF1000FC7D006
:10903000CBF1200B4FF0FF3121FA0BF10B4040F840
:10904000043CBDE70846194629295B46019F934623
:109050001A4607D0042005B0BDE8F08F0123136045
:109060000520F8E701343C6085E7CEF10803DCF821
:1090700000109B00C3F1200E66460C46776807FA85
:109080000EF1214327FA03F4316046F8044F4645B8
:10909000F4D377E73859030038B5C46B0CB100201E
:1090A00038BD80210546E8F7D5FB0246E86330B1BC
:1090B000031F7C3243F8044F9342FBD1EFE74FF09C
:1090C000FF3038BD30B51F2983B0054608D8C36BC3
:1090D0000C465BB153F8240043F8242003B030BDA4
:1090E000162303604FF0FF3003B030BD80210192A2
:1090F000E8F7B0FB019AE86303460028F2D0011FAD
:1091000000F17C05002041F8040FA942FBD1E1E702
:109110001F2938B505461ED8C26B0C466AB152F8F5
:10912000213053B1012B06D0591C10D0002142F838
:10913000241020469847002038BD284601F00EF93B
:10914000224601462846BDE8384001F0F1B8162312
:109150000360012038BD162303604FF0FF3038BD97
:109160001F2929D8C26B38B50C4605469AB152F86A
:10917000243053B1591C0CD0012B08D000252046B7
:1091800042F824509847284638BD012038BD0320B6
:1091900038BD022038BD8021E8F75CFB0246E86359
:1091A00038B1031F00217C3043F8041F8342FBD1F8
:1091B000DDE74FF0FF3038BD4FF0FF30704700BFA4
:1091C00038B5134B1F281D681DD8EA6B044662B1E1
:1091D00052F820304BB1012B05D0591C0FD0002183
:1091E00042F820109847002038BD284601F0B6F814
:1091F000224601462846BDE8384001F099B81623BA
:109200002B60012038BD16232B604FF0FF3038BD96
:109210008C000020114B1F2870B51E6808D8F36B16
:1092200004460D464BB153F8240043F8245070BD5A
:10923000162333604FF0FF3070BD80213046E8F7D1
:1092400009FB0346F0630028F4D0021F00217C30A4
:1092500042F8041F8242FBD1E5E700BF8C000020EA
:1092600038B50B4B1D68EC6B0CB1002038BD80216C
:109270002846E8F7EFFAE86338B1031F00F17C02F3
:1092800043F8044F9342FBD1EFE74FF0FF3038BD76
:109290008C00002038B5164B1F281D6825D8EA6BB6
:1092A00004469AB152F8243053B1591C0CD0012B0A
:1092B00008D00025204642F824509847284638BD5B
:1092C000012038BD032038BD022038BD802128464A
:1092D000E8F7C0FA0246E86338B1031F00217C308A
:1092E00043F8041F8342FBD1DCE74FF0FF3038BD69
:1092F0008C00002010B50B78722B35D0772B05D061
:10930000612B2AD016230360002010BD4FF4C064E7
:109310004FF0010C08204B7801316BB916E02B2B74
:1093200020F01C0E2CF0030303D14EF0100043F08C
:10933000020C11F8013F4BB1622B0BD0782BEED110
:1093400011F8013F4CF4006C002BF5D144EA0C04F9
:10935000146010BD4CF4803CEBE74FF402744FF006
:10936000010C4FF48470D6E70024A4460420D2E711
:1093700070B50F4B0F4DAB42A3EB050607D0B610EF
:10938000002455F8043B01349847A642F9D807F069
:109390001DFC094D094B5E1BAB424FEAA60606D0E9
:1093A000002455F8043B01349847A642F9D870BD13
:1093B0005C0200205C0200205C0200207C02002095
:1093C00038B50D46084C8446114628461A460023F7
:1093D0002360654603F05CFB431C00D038BD236866
:1093E000002BFBD02B6038BDD81E00202DE9F84F94
:1093F00092461F460A698B68DDF828909A42B8BFEA
:109400001A46CAF8002091F843300C46064613B1BC
:109410000132CAF80020226891065CD5DAF80030E3
:109420000233CAF80030226812F0060F11461DD12F
:10943000E1689942D8BF114618DD4FF0000804F1E9
:10944000190B05E0E568DAF80030ED1A45450CDD4A
:1094500001235A4639463046C847013008F1010811
:10946000F0D14FF0FF30BDE8F88F216894F8433019
:10947000003B18BF01238A060AD5E1181A4630209E
:1094800081F84300224494F8451082F844100233D6
:1094900004F1430239463046C8470130E1D0236821
:1094A000A268216903F00603042B1BD08A4224DD45
:1094B0004FF00008521A90441A34002501E0454547
:1094C0001BDA0123224639463046C847013005F1F0
:1094D0000105F4D1C5E712F0060F11D0003B18BF0B
:1094E0000123D5E7DAF80000E3688A42A3EB000322
:1094F00023EAE378DEDC002BDEDC0020BDE8F88F19
:10950000E168DAF800309942D8BF114695DCADE742
:109510002DE9F047174684B00A7E0C9D0C4606469E
:10952000984601F1430C002A35D0A2F15803D9B274
:10953000202969D8202B67D8DFE813F0E500660002
:1095400066006600660066006600660066006600EB
:109550006600AB0070006600660066006600700082
:10956000660066006600660021008200C500660095
:109570006600B5006600820066006600EB002B689E
:1095800022686169181D286010061B6802D4520603
:1095900000F1DF8019600023E1462361CDF80080EF
:1095A0003B4603AA21463046FFF720FF013020D07A
:1095B00023694A4639463046C047013019D02368EE
:1095C000E068DDF80C909B0718D5484516DD0025AE
:1095D00004F1190A04E0E068A0EB0903AB420DDDD9
:1095E0000123524639463046C047013005F1010596
:1095F000F1D14FF0FF3004B0BDE8F0874845B8BF67
:10960000484604B0BDE8F08784F84220012004F108
:1096100042090023206184F84330BFE72A682368A9
:10962000111D1806296002D4590600F194801268B1
:109630001146002AC0F2938056484FF00A0E13E0FC
:1096400020682B6810F0800F53F8041B02D14006ED
:1096500048BF89B26F2A4F482B6000F08F804FF0CF
:109660000A0E002384F843306268A260002A52DBAD
:10967000236823F00403236000294CD1002A40F022
:109680008280E146BEF1080F56D0ACEB090323619E
:1096900084E72B681A6804332B6004F1420984F8CC
:1096A00042200120B5E72B686268191D2960D3F8B4
:1096B000009000214846D6F783FF002861D0A0EB38
:1096C00009006060A5E7236843F020032360782247
:1096D000314884F845202A6813F0800F52F8041BA3
:1096E00003D113F0400F18BF89B22A60DA0744BFD4
:1096F00043F02003236019B9236823F0200323607B
:109700004FF0100EADE7582384F845302148236808
:10971000E1E72368DBE77546E146B1FBF5F305FBBE
:10972000131A0A46AA4210F80A1009F8011D194630
:10973000F3D2BEF1080FA8D12368DD07A5D5626872
:1097400023699A42A1DC302309F8013C09F1FF3971
:109750009BE719801FE7B2F900100A4669E76268C3
:10976000A2602D20002A84F8430002DB23F00403CA
:1097700023600A2507484942AE46CDE74FF0080E60
:109780006FE7606845E7037884F8423004F14209E6
:1097900078E700BF642E0300782E030070B5C66919
:1097A00005460C465EB1F368A3B153F82400E8B156
:1097B000026843F824200023C0E9033370BD102061
:1097C000E7F7C0FF0646E861E8B10023C0E90033CF
:1097D000C0E9023321220421284600F0FFFDEB6995
:1097E000F060DB68002BE0D1002070BD012101FAA0
:1097F00004F6721D9200284600F0F0FD0028F3D018
:10980000C0E90146D7E7034B034832466B21FCF71A
:1098100073FF00BF642603008C2E030070B5C66979
:1098200005460C464EB13CB1EB696268DB6853F803
:109830002210216043F8224070BD1020E7F782FF1C
:109840000246E86120B1C0E90066C0E90266EAE7C5
:10985000024B03488F21FCF74FFF00BF6426030033
:109860008C2E03002DE9F0410D6907460E461C467B
:1098700001F1140E0020DEF800108BB202FB03434E
:109880004FEA134C090C02FB01CC01309BB203EBF5
:109890000C4385424EF8043B4FEA1C44EBDC3CB1E0
:1098A000B368AB4207DD06EB850301355C613561CA
:1098B0003046BDE8F081716838460131FFF76EFF30
:1098C000804690B13269023206F10C0192000C30F0
:1098D000FCF74AFE314638464646FFF79FFF06EB47
:1098E000850301355C613561E2E7034B034842467D
:1098F000BA21FCF701FF00BFFC2603008C2E0300F9
:109900002DE9F8431746284A1E4608330C46092E0F
:1099100082FB03124FEAE3730546C3EB62033ADDB1
:109920004FF0010C00214FEA4C0C634501F101019D
:10993000F9DC2846FFF732FF014670B3089B43610C
:10994000092F4FF00103036112DC0A340927BE42DC
:109950000BDDF61B264414F8013B0A22303B284657
:10996000FFF780FFB4420146F5D10846BDE8F88311
:1099700004F1090804EB0709444614F8013B0A22E4
:10998000303B2846FFF76EFF4C450146F5D1B84401
:10999000A8F10804DBE70021CBE70A46034B0448A3
:1099A000D321FCF7A9FE00BF398EE338FC26030063
:1099B0008C2E0300B0F5803F034636BF0304002021
:1099C0001020B3F1807F3CBF1B020830B3F1805FF1
:1099D00006D3B3F1804F0FD29A0012D403307047F0
:1099E0001A01B2F1804F00F1040006D29B0108D4A5
:1099F0005B00F3D4202070471A46002AFBDB0130BD
:109A000070470230704700BF03685907024607D00D
:109A1000D8071DD499072AD55B0813600120704729
:109A200099B279B91B0CD9B2A1B11020190701D193
:109A300004301B09990712D0D90701D401305B0803
:109A400013607047D9B241B1180718D10420F0E76C
:109A50000020704718201B0AE8E70820FBE713F0F6
:109A6000040F4FEA930106D002300B46E8E79B084B
:109A7000136002207047DB0804D120207047DB0808
:109A80000320DDE70330DBE710B50C460121FFF7CB
:109A900085FE024618B10123C0E9043410BD034B12
:109AA000034840F24511FCF727FE00BFFC260300E7
:109AB0008C2E03002DE9F04FD1F810801569A845D0
:109AC00085B00E46924605DB2A46534645468A46F1
:109AD00090461E46DAF80830DAF8041005EB080460
:109AE000A342B8BF0131FFF759FE8446002800F0B9
:109AF0008C8000F1140707EB840E774505D23B46B6
:109B0000002243F8042B9E45FBD8143606EB880848
:109B10000AF11409464509EB850567D2A5EB0A034E
:109B2000153B0AF1150A23F00303AA4594BF9B468F
:109B30004FF0000BCDF808E00394AE46E24605E096
:109B4000090C2BD1B04507F104074CD956F8041B7A
:109B50008DB2002DF4D0CC463C46002301965CF833
:109B6000040B216886B28AB2000C05FB0622090CA0
:109B70001A4405FB001101EB124192B242EA014284
:109B8000E64544F8042B4FEA1143E8D807EB0B02F3
:109B9000019E536056F8041C090CD3D03B68002288
:109BA00048461D463C469446028801FB02C202EB31
:109BB00015429BB243EA024344F8043B50F8043B8D
:109BC00025684FEA134CABB201FB0C3303EB124395
:109BD00086454FEA134CE7D807EB0B02B0455360BC
:109BE00007F10407B2D8DDE902E4D446002C02DC18
:109BF00005E0013C03D05EF8043D002BF9D060463F
:109C0000CCF8104005B0BDE8F08F034B0348624626
:109C10004FF4B171FCF770FDFC2603008C2E03009D
:109C20002DE9F04312F0030383B01446074634D104
:109C30000E46A4102CD0FA69002A37D09568002D62
:109C40003FD004F001034FF0000864103BB92868CE
:109C5000A0B1054604F001036410002BF7D0314693
:109C60002A463846FFF726FF314681463846FFF739
:109C7000D5FD74B128684E460028EAD12A46294607
:109C80003846FFF717FF2860C0F800800546E1E777
:109C9000B146484603B0BDE8F083013B184A52F88C
:109CA00023200023FFF7DEFD0646C2E71020E7F77A
:109CB00049FD0246F861E0B10023C0E90033C0E984
:109CC0000233012138460192FFF768FD019A0546EB
:109CD00040B1012340F27121C0E9043100239060BA
:109CE0000360AEE7074B08482A4640F24511FCF7EF
:109CF00003FD064B044840F2B311FCF7FDFC00BF26
:109D0000A80D0300FC2603008C2E0300642603002C
:109D10002DE9F0470D4691462B69496803EB62181F
:109D2000AB6808F101049C4207464FEA621A04DD61
:109D30005B009C4201F10101FADC3846FFF72EFD81
:109D4000064600284AD0BAF1000F00F114000BDDDE
:109D50000AF1050206EB82020346002143F8041BC8
:109D60009342FBD100EB8A00296905F1140319F035
:109D70001F0903EB810129D0C9F1200E84464FF061
:109D8000000A1A6802FA09F242EA0A024CF8042BA5
:109D900053F8042B994222FA0EFAF2D84B1B153BCA
:109DA00023F0030305F11502914238BF0023043369
:109DB00040F803A0BAF1000F00D1444638463461A0
:109DC0002946FFF72BFD3046BDE8F087043853F8ED
:109DD000042B40F8042F9942F9D8EEE7034B0448CE
:109DE00032464FF4EF71FCF787FC00BFFC260300FE
:109DF0008C2E03000B6984460069C01A16D10CF141
:109E0000140C14310CEB830210B401EB830301E05A
:109E1000944508D252F8044D53F8041D8C42F7D0F3
:109E200005D24FF0FF305DF8044B704770470120BA
:109E30005DF8044B704700BF2DE9F04F13690E69C0
:109E4000F61A002E83B08946154614D101F1140785
:109E500002F1140101EB830107EB830301E09F4250
:109E60007ED253F8044D51F8042D9442F7D080F07F
:109E70008480012603E0FCDB00260D4691466968DC
:109E8000FFF78CFC0146002800F084802F69C66033
:109E9000D9F8100005F1140B05F1100201F1140AB4
:109EA00009F1140505EB80000BEB870ED04600236B
:109EB000CDF804B0944655F8046B5CF8042F1FFAF3
:109EC00086FB94B2A4EB0B041C44330CC3EB12438B
:109ED00003EB2443A4B244EA0344A84248F8044BE9
:109EE0004FEA2343E7D82646A0EB0904153CDDF8EA
:109EF00004B024F0030409F11509484538BF0024D3
:109F00000BEB0402043204EB0A05964505F1040448
:109F1000104636D9AAEB0B0A00EB0A0C50F8045B8A
:109F200013FA85F62B442D0C05EB26459BB243EA2C
:109F300005468645CCF800604FEA2543ECD80EF183
:109F4000FF339B1A23F00303234426B953F8042D4F
:109F5000013F002AFAD008460F6103B0BDE8F08F38
:109F60000021FFF71BFC014668B101220023C0E974
:109F70000423084603B0BDE8F08F2B464D469946B2
:109F80007DE72B46E1E70A46064B074840F23721BA
:109F9000FCF7B2FB0A46034B034840F24521FCF7AD
:109FA000ABFB00BFFC2603008C2E0300114B0B40C3
:109FB000A3F15073002B03DD0022194610467047B1
:109FC0005B42B3F1A07F4FEA235206DA4FF400233D
:109FD00013410022194610467047A2F114031E2BAC
:109FE000DABF4FF00042DA40012200231946104642
:109FF000704700BF0000F07F2DE9F843066900F1CB
:10A00000140808EB8606A6F1040956F8047C3846C5
:10A01000FFF7D0FCC0F120030A280B6033DDC845F0
:10A02000A0F10B0219D256F8083C22B3C2F120016C
:10A03000974023FA01F007439340A6F1080247F046
:10A040007F55904545F4401519D256F80C2CCA405E
:10A05000134318462946BDE8F8830B280AD007FAAF
:10A0600002F242F07F5545F4401500231846294678
:10A07000BDE8F883002347F07F5545F440151846A6
:10A080002946BDE8F883C0F10B0327FA03F2C8455F
:10A0900042F07F553CBF56F8082CDA4000F115031A
:10A0A00028BF002207FA03F345F44015134318466E
:10A0B0002946BDE8F88300BFF0B5012183B01646FC
:10A0C0001F46FFF76BFB0546002845D0C7F30A542F
:10A0D000C7F313030CB143F48013002E019314D182
:10A0E00001A8FFF791FC019B6B61012120302961E0
:10A0F00014B3089BA4F2334404441C60099BC0F1D0
:10A1000035001860284603B0F0BD68460096FFF79A
:10A110007BFCDDE9002330B1C0F1200103FA01F13D
:10A12000C3400A430193002B0CBF01210221C5E962
:10A1300005232961002CDCD105EB8102A0F232431A
:10A140001069089A1360FFF735FC099BC0EB4110BA
:10A150001860284603B0F0BD034B04482A4640F27D
:10A160000F31FCF7C9FA00BFFC2603008C2E030058
:10A170002DE9F04383B0884669468146FFF73CFFEE
:10A1800004460D46404601A9FFF736FFD9F81030C6
:10A19000D8F81020A3EB020CDDE900329B1A03EB88
:10A1A0004C13002B0BDD05EB03573D4602460B46D7
:10A1B0002046294601F08EF803B0BDE8F083C3EBDA
:10A1C000033301EB03594946F0E700BF172870B588
:10A1D00006460ADD0849094D0020002422462B4688
:10A1E00000F04EFF013EF9D170BD054B03EBC003FB
:10A1F000D3E9040170BD00BF0000F03F000024401F
:10A20000A80D03000139491101F1010C116902F196
:10A21000140303EB81018B4200EB8C0C16D210B5BA
:10A22000A0F1040E53F8044B4EF8044F9942F9D8AC
:10A23000891A153921F0030104300844844504D9F2
:10A24000002340F8043B8445FBD810BD844505D964
:10A25000002340F8043B8445FBD87047704700BF9B
:10A2600003694A11934200F1140009DA00EB8303F9
:10A2700002E053F8042DAAB98342FAD800207047AF
:10A2800000EB8203F8DD11F01F01F5D010B450F897
:10A29000224024FA01F28A40944209D001205DF85C
:10A2A000044B70470120704753F8042D002AF5D164
:10A2B0008342F9D800205DF8044B704738B50C464E
:10A2C000054608B1036A63B121462846FEF7A4F9A2
:10A2D00050B9D4E90023511C013BC4E900131078A4
:10A2E00038BDFCF719FBEFE74FF0FF3038BD00BF7A
:10A2F00010B50E4B0446186882B008B1036A63B10A
:10A300002146FEF789F968B9D4E90023511C013BC5
:10A31000C4E90013107802B010BD0190FCF7FCFAFC
:10A320000198EDE74FF0FF30F5E700BF8C0000200B
:10A3300070B50C46084D03460026204611461C46C3
:10A340002E6002F099FB431C00D070BD2B68002BDF
:10A35000FBD0236070BD00BFD81E002002F088BB78
:10A3600051F8043C181F002BBCBF0B58C018704795
:10A3700038B50D46084C8446114628461A46002337
:10A380002360654602F098FB431C00D038BD23686B
:10A39000002BFBD02B6038BDD81E002010B4034C1E
:10A3A000D4F8E440A4465DF8044B6047E800002080
:10A3B00082B049B15AB16BB113780B601278101E9C
:10A3C00018BF012002B0704701A9002AF3D110463E
:10A3D00002B070476FF00100F4E700BF70B5A1FB59
:10A3E000025454B92946E7F735FA064618B12A4609
:10A3F0002146FEF7D9FA304670BD0C2202600026D5
:10A40000F9E700BF30B5144683B0054608B1036ACA
:10A41000CBB1A368013B002BA36012DAA26993427F
:10A4200008DBC8B20A2805D023685A1C22601970BC
:10A4300003B030BD2246284603B0BDE83040FCF7EB
:10A440000BBFC8B2F0E70191FCF766FA0199E0E7AB
:10A45000144B70B51E6805460C460EB1336AE3B165
:10A46000A368013B002BA36011DAA269934207DBCA
:10A47000E8B20A2804D023685A1C22601D7070BDFF
:10A48000224629463046BDE87040FCF7E5BE236809
:10A490005A1C22601D70E8B270BD3046FCF73CFAD1
:10A4A000DEE700BF8C00002070B5B1F90C300C461F
:10A4B000990796B007D504F147030122C4E9043295
:10A4C000236016B070BDB4F90E100029054629DBD3
:10A4D0006A4600F091FA002822DB4FF4806128469A
:10A4E000019EE7F7B7F988B3A389206043F08003A2
:10A4F00006F47046A381B6F5005F4FF48063C4E9AB
:10A500000403DED1B4F90E10284600F063FA0028E7
:10A51000D7D0A38923F0030343F00103A381D0E73D
:10A52000B4F90C3013F0800F14BF40264FF480664E
:10A5300031462846E7F78EF940B1A389206043F001
:10A540008003C4E90406A38116B070BDB4F90C30D1
:10A550009A05B6D423F0030304F1470243F0020343
:10A560000121C4E90421A3812260AAE770B50C4649
:10A57000B1F90E10002996B015461E4613DB6A4647
:10A5800000F03AFA00280EDB019901F47041A1F5C0
:10A590000051B1FA81F14FF4806349090020316024
:10A5A0002B6016B070BDA18911F0800102D000218E
:10A5B0004023F3E74FF48063F0E700BF2DE9F84351
:10A5C0000C4617461E46054610B1036A002B77D08D
:10A5D000A38903F48473B3F5847F6CD0D4F82C90F2
:10A5E000B9F1000F6FD0012E35D036F0020306D03E
:10A5F00016232B604FF0FF384046BDE8F8832269F0
:10A60000002A47D021462846FCF774FA80460028E5
:10A61000F0D1216A33463A462846C8470130E9D08E
:10A62000616B41B104F14403994202D02846E7F737
:10A6300017F900236363A3892269002123F40263CD
:10A64000C4E90021A381082204F15C00FEF7ACF903
:10A650004046BDE8F88321462846FCF74BFAB4F99A
:10A660000C3013F480521AD13346216A2846C84769
:10A67000461C18BFB4F90C30BCD05907226912D55A
:10A680006368C01A636B0BB1236CC01A07440026C1
:10A69000002AB7D121462846FFF706FFB2E759073F
:10A6A000606D2269ECD41B07F0D52368002BEDD038
:10A6B0009B1A1844EAE721462846FCF71BFA8DE767
:10A6C000FCF72AF984E71D232B6093E710B4054CAF
:10A6D0008446134620685DF8044B0A466146FFF73E
:10A6E0006DBF00BF8C0000209368013B002B93607E
:10A6F00011DA10B49469A34209DB0A2907D0136860
:10A70000581C1060197008465DF8044B70475DF8DE
:10A71000044BFCF7A1BD1368581C10601970084663
:10A72000704700BF9BB1F8B5134406460F46541E50
:10A730005D1E01E0AC4208D014F8011F3A463046D5
:10A74000FFF7D2FF431CF5D1F8BD0020F8BD002073
:10A75000704700BF936810B514461BB91846002314
:10A76000636010BD00F05EF90023A3600023636006
:10A7700010BD00BF2DE9F04F9FB00F4692461C461A
:10A78000039018B1036A002B00F00881BB891D07F4
:10A7900040F18B803B69002B00F0878000230B93F6
:10A7A00043F22003ADF831309AF800307D4D059426
:10A7B0000126002B72D0D14603E019F8013F002B8F
:10A7C0007DD0252BF9D1B9EB0A0B7BD199F800305C
:10A7D000002B63D000234FF0FF32CDE9072309F1AE
:10A7E0000109069309938DF85B301C9304E006FA87
:10A7F00003F313430693A1464C46052214F8011BAC
:10A800002846D5F7DDFEA246069A431B0028EED166
:10A81000D00644BF20238DF85B30110799F8001053
:10A8200044BF2B238DF85B302A2961D1059B196821
:10A83000043300290593C0F28D80099199F8011025
:10A840002E296BD058480322D5F7BAFE40B1564A9C
:10A85000069B801A4022824013430AF1010A0693A4
:10A860001AF8011B51488DF830100622D5F7A8FEC2
:10A87000002875D04E48002865D005AA00924D4B9F
:10A8800003983A4606A9AFF30080421C06D00B9B02
:10A8900003440B939AF80030002B8CD1BB895B06E4
:10A8A0000AD40B981FB0BDE8F08F03983946FEF725
:10A8B00011FA00283FF472AF4FF0FF30F2E7B9EB26
:10A8C0000A0BEBD00AF1FF384446039818F8011F31
:10A8D0003A46FFF709FF02340130A4EB0A04DDD049
:10A8E000A345F1D80B9A99F800305A440B926FE7C0
:10A8F000A1F13002092A88BFCA46A1D8099B00E00D
:10A900000134217803EB830302EB4303A1F130020E
:10A91000092AF5D92E290993A24693D19AF8011054
:10A920002A2926D1059B9AF802101A680792043347
:10A93000002A0AF102000593B8BF4FF0FF338246A8
:10A94000B8BF07937EE7059B073323F0070308335F
:10A9500005939CE7494242F00202099106926DE795
:10A9600005AA0092134B03983A4606A9FEF7D0FDBC
:10A970008BE7A1F130020023092A07930AF1010AAB
:10A980003FF660AF1AF8011F03EB830302EB4303AA
:10A99000A1F13002092AF5D9079353E7FBF7BCFF71
:10A9A000F4E600BF442703004C27030050270300B0
:10A9B0000000000025A7020010B4054C8446134691
:10A9C00020685DF8044B0A466146FFF7D3BE00BF1E
:10A9D0008C00002038B5074D0022044608462A6046
:10A9E00002F062F8431C00D038BD2B68002BFBD06E
:10A9F000236038BDD81E002070B50C46084D0346B4
:10AA00000026204611461C462E6002F045F8431CE5
:10AA100000D070BD2B68002BFBD0236070BD00BF41
:10AA2000D81E00209368002B00F0B6802DE9F04F6F
:10AA3000B1F90CC01CF0080F83B0174680460C46D5
:10AA400027D00B692BB31CF002033D682DD04FF0CB
:10AA5000000ADFF8B0B25646B9465E453346524664
:10AA600028BF5B464046002E00F08580216AA76A19
:10AA7000B847002840F38880D9F808301B1A824470
:10AA8000361AC9F80830002BE7D1002003B0BDE822
:10AA9000F08F21464046FEF71DF9002879D1B4F920
:10AAA0000CC03D681CF00203D1D11CF0010975D126
:10AAB0004E460097002E5AD01CF4007F2068D4F830
:10AAC00008B000F0B180B3455A4600F2DF801CF4B4
:10AAD000906F32D023696269A0EB030A02EB420255
:10AAE00002EBD2720AF1010152103144914292BF3D
:10AAF00093468B460A461CF4806F00F0E5801146B1
:10AB00004046E6F7A7FE002800F0F580524621698E
:10AB10000190FBF729FDA289019B22F4906242F08B
:10AB20008002A28103EB0A002361ABEB0A03C4F8A5
:10AB300014B0A3602060B346324649460192FDF747
:10AB400073F9A368019AA3EB0B012368A160134476
:10AB5000B24623600026009A9368A3EB0A03D1440F
:10AB60009360002B91D0B4F90CC0002EA4D1D5E98C
:10AB7000009608359EE7D5E900A608356DE7214621
:10AB80004046FBF7B7FF70B3B4F90C3043F0400315
:10AB9000A3814FF0FF3079E7002070471E46BA4688
:10ABA0009946184600951F465EB3002831D04A46A4
:10ABB000D4E904132068B24228BF3246884204D93F
:10ABC000A16803EB010B5A4570DC934261DC216AFA
:10ABD000A56A3A464046A847B0F1000BD4DDB9EB70
:10ABE0000B09CCD00120DAF80830A3EB0B035F444B
:10ABF000A6EB0B06CAF80830002B3FF446AF002E38
:10AC0000D3D1009A5668134608320092002EF8D02D
:10AC10001F6832460A213846D5F7D2FC002867D093
:10AC20000130A0EB0709C2E72369834216D36269AA
:10AC3000B24213D86FF00043B34228BF3346216AB3
:10AC400093FBF2F3A76A02FB03F340464A46B84778
:10AC5000B0F1000A98DDA6EB0A067CE7B345DA46B8
:10AC600028BFB24652464946FDF7DEF8A36822687F
:10AC7000A3EB0A035244A3602260002BEBD12146D0
:10AC80004046FBF737FF0028E5D07DE7B346324664
:10AC900053E739460192FDF7C7F8019AA3689B1A5A
:10ACA000A360236813442360934698E739465A46C5
:10ACB000FDF7BAF823685B44236021464046FBF762
:10ACC00019FF00288BD05FE719464046FDF74AFF81
:10ACD000034600287FF426AF21694046E6F7C0FD11
:10ACE000B4F90C300C22C8F8002023F080034DE7A3
:10ACF000721C91465CE70C22B4F90C30C8F80020B5
:10AD000044E700BF00FCFF7F81F0004102E000BF8C
:10AD100083F0004330B54FEA41044FEA430594EA1B
:10AD2000050F08BF90EA020F1FBF54EA000C55EA56
:10AD3000020C7FEA645C7FEA655C00F0E2804FEA27
:10AD40005454D4EB5555B8BF6D420CDD2C4480EA09
:10AD5000020281EA030382EA000083EA010180EA39
:10AD6000020281EA0303362D88BF30BD11F0004F87
:10AD70004FEA01314FF4801C4CEA113102D04042BD
:10AD800061EB410113F0004F4FEA03334CEA1333F8
:10AD900002D0524263EB430394EA050F00F0A78010
:10ADA000A4F10104D5F1200E0DDB02FA0EFC22FA0B
:10ADB00005F2801841F1000103FA0EF2801843FAFF
:10ADC00005F359410EE0A5F120050EF1200E012AF0
:10ADD00003FA0EFC28BF4CF0020C43FA05F3C0182E
:10ADE00051EBE37101F0004507D54FF0000EDCF1A7
:10ADF000000C7EEB00006EEB0101B1F5801F1BD350
:10AE0000B1F5001F0CD349085FEA30004FEA3C0C53
:10AE100004F101044FEA445212F5800F80F09A8049
:10AE2000BCF1004F08BF5FEA500C50F1000041EB4D
:10AE3000045141EA050130BD5FEA4C0C404141EB51
:10AE40000101013C28BFB1F5801FE9D291F0000F4C
:10AE500004BF01460020B1FA81F308BF2033A3F1FB
:10AE60000B03B3F120020CDA0C3208DD02F1140CF2
:10AE7000C2F10C0201FA0CF021FA02F10CE002F12D
:10AE80001402D8BFC2F1200C01FA02F120FA0CFC26
:10AE9000DCBF41EA0C019040E41AA2BF01EB04516F
:10AEA000294330BD6FEA04041F3C1CDA0C340EDC6D
:10AEB00004F11404C4F1200220FA04F001FA02F3B0
:10AEC00040EA030021FA04F345EA030130BDC4F16E
:10AED0000C04C4F1200220FA02F001FA04F340EA63
:10AEE0000300294630BD21FA04F0294630BD94F014
:10AEF000000F83F4801306BF81F480110134013DFB
:10AF00004EE77FEA645C18BF7FEA655C29D094EA6B
:10AF1000050F08BF90EA020F05D054EA000C04BFE9
:10AF20001946104630BD91EA030F1EBF00210020D4
:10AF300030BD5FEA545C05D14000494128BF41F073
:10AF4000004130BD14F580043CBF01F5801130BDD7
:10AF500001F0004545F0FE4141F470014FF0000062
:10AF600030BD7FEA645C1ABF194610467FEA655C13
:10AF70001CBF0B46024650EA013406BF52EA0335B5
:10AF800091EA030F41F4002130BD00BF90F0000FA3
:10AF900004BF0021704730B54FF4806404F13204DF
:10AFA0004FF000054FF0000150E700BF90F0000F98
:10AFB00004BF0021704730B54FF4806404F13204BF
:10AFC00010F0004548BF40424FF000013EE700BF8F
:10AFD00042004FEAE2014FEA31014FEA02701FBF1F
:10AFE00012F07F4393F07F4F81F06051704732F051
:10AFF0007F4208BF704793F07F4F04BF41F40021A8
:10B00000704730B54FF4607401F0004521F0004105
:10B010001CE700BF50EA010208BF704730B54FF08F
:10B0200000050AE050EA010208BF704730B511F090
:10B03000004502D5404261EB41014FF4806404F1C8
:10B0400032045FEA915C3FF4D8AE4FF003025FEA4E
:10B05000DC0C18BF03325FEADC0C18BF033202EBD2
:10B06000DC02C2F1200300FA03FC20FA02F001FA2C
:10B0700003FE40EA0E0021FA02F11444BDE600BFCF
:10B0800070B54FF0FF0C4CF4E06C1CEA11541DBF7E
:10B090001CEA135594EA0C0F95EA0C0F00F0DEF849
:10B0A0002C4481EA030621EA4C5123EA4C5350EA2E
:10B0B000013518BF52EA033541F4801143F480137F
:10B0C00038D0A0FB02CE4FF00005E1FB02E506F010
:10B0D0000042E0FB03E54FF00006E1FB03569CF065
:10B0E000000F18BF4EF0010EA4F1FF04B6F5007F6B
:10B0F00064F5407404D25FEA4E0E6D4146EB0606DD
:10B1000042EAC62141EA55514FEAC52040EA5E5065
:10B110004FEACE2EB4F1FD0C88BFBCF5E06F1ED80F
:10B12000BEF1004F08BF5FEA500E50F1000041EB46
:10B13000045170BD06F0004646EA010140EA0200F3
:10B1400081EA0301B4EB5C04C2BFD4EB0C0541EA15
:10B15000045170BD41F480114FF0000E013C00F32A
:10B16000AB8014F1360FDEBF002001F0004170BD4E
:10B17000C4F10004203C35DA0C341BDC04F1140467
:10B18000C4F1200500FA05F320FA04F001FA05F2F3
:10B1900040EA020001F0004221F0004110EBD370C0
:10B1A00021FA04F642EB06015EEA430E08BF20EAEC
:10B1B000D37070BDC4F10C04C4F1200500FA04F38F
:10B1C00020FA05F001FA04F240EA020001F0004121
:10B1D00010EBD37041F100015EEA430E08BF20EA94
:10B1E000D37070BDC4F1200500FA05F24EEA020EDC
:10B1F00020FA04F301FA05F243EA020321FA04F00B
:10B2000001F0004121FA04F220EA020000EBD370C1
:10B210005EEA430E08BF20EAD37070BD94F0000FC1
:10B220000FD101F00046400041EB010111F4801FF5
:10B2300008BF013CF7D041EA060195F0000F18BFA6
:10B24000704703F00046520043EB030313F4801FE2
:10B2500008BF013DF7D043EA0603704794EA0C0F9C
:10B260000CEA135518BF95EA0C0F0CD050EA4106B2
:10B2700018BF52EA4306D1D181EA030101F000412F
:10B280004FF0000070BD50EA410606BF1046194657
:10B2900052EA430619D094EA0C0F02D150EA013663
:10B2A00013D195EA0C0F05D152EA03361CBF1046A4
:10B2B00019460AD181EA030101F0004141F0FE4143
:10B2C00041F470014FF0000070BD41F0FE4141F4C7
:10B2D000780170BD70B54FF0FF0C4CF4E06C1CEAC7
:10B2E00011541DBF1CEA135594EA0C0F95EA0C0F7C
:10B2F00000F0A7F8A4EB050481EA030E52EA033537
:10B300004FEA013100F088804FEA03334FF0805557
:10B3100045EA131343EA12634FEA022245EA111584
:10B3200045EA10654FEA00260EF000419D4208BF35
:10B33000964244F1FD0404F5407402D25B084FEAE2
:10B340003202B61A65EB03055B084FEA32024FF48E
:10B3500080104FF4002CB6EB020E75EB030E22BFEB
:10B36000B61A754640EA0C005B084FEA3202B6EBAB
:10B37000020E75EB030E22BFB61A754640EA5C005A
:10B380005B084FEA3202B6EB020E75EB030E22BFEA
:10B39000B61A754640EA9C005B084FEA3202B6EBEB
:10B3A000020E75EB030E22BFB61A754640EADC00AA
:10B3B00055EA060E18D04FEA051545EA16754FEA0C
:10B3C00006164FEAC30343EA52734FEAC2025FEA2A
:10B3D0001C1CC0D111F4801F0BD141EA00014FF0B9
:10B3E00000004FF0004CB6E711F4801F04BF01438A
:10B3F0000020B4F1FD0C88BFBCF5E06F3FF6AFAEA6
:10B40000B5EB030C04BFB6EB020C5FEA500C50F135
:10B41000000041EB045170BD0EF0004E4EEA1131B8
:10B4200014EB5C04C2BFD4EB0C0541EA045170BDBF
:10B4300041F480114FF0000E013C90E645EA060E03
:10B440008DE60CEA135594EA0C0F08BF95EA0C0F31
:10B450003FF43BAF94EA0C0F0AD150EA01347FF479
:10B4600034AF95EA0C0F7FF425AF104619462CE750
:10B4700095EA0C0F06D152EA03353FF4FDAE1046B3
:10B48000194622E750EA410618BF52EA43067FF404
:10B49000C5AE50EA41047FF40DAF52EA43057FF494
:10B4A000EBAE12E74FF0FF3C06E000BF4FF0010C9F
:10B4B00002E000BF4FF0010C4DF804CD4FEA410C03
:10B4C0007FEA6C5C4FEA430C18BF7FEA6C5C1BD0D0
:10B4D00001B050EA410C0CBF52EA430C91EA030F51
:10B4E00002BF90EA020F0020704710F1000F91EAAE
:10B4F000030F58BF994208BF90422CBFD8176FEA7C
:10B50000E37040F0010070474FEA410C7FEA6C5C49
:10B5100002D150EA013C07D14FEA430C7FEA6C5C50
:10B52000D6D152EA033CD3D05DF8040B704700BF7C
:10B530008446104662468C461946634600E000BFCA
:10B5400001B5FFF7B7FF002848BF10F1000F01BD9C
:10B550004DF808EDFFF7F4FF0CBF012000205DF867
:10B5600008FB00BF4DF808EDFFF7EAFF34BF0120EC
:10B5700000205DF808FB00BF4DF808EDFFF7E0FF85
:10B5800094BF012000205DF808FB00BF4DF808EDD6
:10B59000FFF7CEFF94BF012000205DF808FB00BF3D
:10B5A0004DF808EDFFF7C4FF34BF012000205DF81F
:10B5B00008FB00BF4FEA410C7FEA6C5C02D150EA05
:10B5C000013C0AD14FEA430C7FEA6C5C02D152EA9B
:10B5D000033C02D14FF0000070474FF0010070476C
:10B5E0004FEA410212F5001215D211D56FF47873AB
:10B5F000B3EB625212D94FEAC12343F0004343EA4E
:10B60000505311F0004F23FA02F018BF4042704728
:10B610004FF00000704750EA013005D111F00040B2
:10B6200008BF6FF0004070474FF00000704700BF48
:10B630004A0011D212F5001211D20DD56FF47873B1
:10B64000B3EB62520ED44FEAC12343F0004343EA06
:10B65000505323FA02F070474FF00000704750EA51
:10B66000013002D14FF0FF3070474FF000007047BB
:10B670004FEA4102B2F1E04324BFB3F5001CDCF114
:10B68000FE5C0DD901F0004C4FEAC0024CEA50704C
:10B69000B2F1004F40EB830008BF20F0010070477B
:10B6A00011F0804F21D113F13872BCBF01F000407E
:10B6B000704741F480114FEA5252C2F11802C2F1B0
:10B6C000200C10FA0CF320FA02F018BF40F0010031
:10B6D0004FEAC1234FEAD32303FA0CFC40EA0C00E3
:10B6E00023FA02F34FEA4303CCE77FEA625307D120
:10B6F00050EA01331EBF4FF0FE4040F44000704757
:10B7000001F0004040F0FE4040F40000704700BFF0
:10B7100053B94AB9002908BF00281CBF4FF0FF31B8
:10B720004FF0FF3001F09EB9ADF1080C6DE904CE89
:10B7300000F03CF8DDF804E0DDE9022304B07047D6
:10B7400038B50022002304460D46FFF70BFF28B949
:10B7500020462946BDE8384000F00AB8204605F1E9
:10B76000004100F005F8404261EB410138BD00BFE7
:10B77000D0B50C4B002206460F46FFF781FCFFF7C1
:10B7800057FF0446FFF702FC074B0022FFF778FC47
:10B7900002460B4630463946FFF7BAFAFFF748FF34
:10B7A0002146D0BD0000F03D0000F0412DE9F047FA
:10B7B000089D0F4604468C46002B48D18A42164607
:10B7C00061D9B2FA82F34BB1C3F1200201FA03FC52
:10B7D00020FA02F29E4042EA0C0C9C404FEA164EC0
:10B7E000B7B2BCFBFEF1220C0EFB11CC42EA0C42BC
:10B7F00001FB07F0904209D9B21801F1FF3C80F03B
:10B80000EE80904240F2EB8002393244121AA4B228
:10B81000B2FBFEF00EFB102244EA024400FB07F7E5
:10B82000A74209D9341900F1FF3280F0DA80A7422B
:10B8300040F2D7803444023840EA0140E41B002142
:10B840001DB1DC400023C5E90043BDE8F0878B4211
:10B8500006D90DB1C5E9000100210846BDE8F08711
:10B86000B3FA83F1002948D1BB4202D3824200F2ED
:10B870000781841A67EB030201209446002DE4D06F
:10B88000C5E9004CE1E7002A00F09280B2FA82F3A9
:10B89000002B40F0A8808A1A4FEA164E1FFA86FC49
:10B8A0000121200CB2FBFEF70EFB172240EA0242F8
:10B8B0000CFB07F0904207D9B21807F1FF3802D20B
:10B8C000904200F2E2804746121AA4B2B2FBFEF0A8
:10B8D0000EFB102244EA02440CFB00FCA44507D9ED
:10B8E000341900F1FF3202D2A44500F2CB80104699
:10B8F000A4EB0C0440EA0740A2E7C1F120068B400C
:10B9000022FA06FC4CEA030C07FA01F420FA06F3CB
:10B91000F7404FEA1C49234300FA01F81FFA8CFE56
:10B92000B7FBF9F01C0C09FB107744EA074400FB55
:10B930000EF7A74202FA01F20AD91CEB040400F147
:10B94000FF3A80F09B80A74240F29880023864441E
:10B95000E41B9FB2B4FBF9F309FB134447EA044428
:10B9600003FB0EFEA64509D91CEB040403F1FF37C7
:10B9700080F08280A6457FD9023B644443EA0040C0
:10B98000A4EB0E04A0FB02E7BC427346B94663D3A6
:10B9900060D05DB1B8EB030264EB090404FA06F66B
:10B9A00022FA01F31E43CC40C5E9006400214CE7B4
:10B9B0006208480842EAC1710B0C43EA00438AB2AC
:10B9C00042EA0342B3FBF6F1E407B4463746B64613
:10B9D0001F23B0FBF6F0D21B41EA004161E761464C
:10B9E00014E7104628E7C3F1200120FA01F29E4037
:10B9F00027FA01F19F403A434FEA164E1FFA86FCA0
:10BA0000B1FBFEF70EFB1710110C41EA004107FBDA
:10BA10000CF8884504FA03F43AD9711807F1FF309D
:10BA200001D288451FD8A1EB0801B1FBFEF808FB45
:10BA30000CF70EFB181192B242EA0142BA422FD221
:10BA4000B21808F1FF31C6D2BA42C4D2A8F102013D
:10BA50003244C0E7F0459CD2BEEB020367EB0C0713
:10BA60000138B94695E7A6EB08084144B81EB1FB7A
:10BA7000FEF808FB0CF7DCE73B467FE7504667E73C
:10BA80000846FBE63444023832E7023F32441BE703
:10BA9000A1EB08013846B1FBFEF808FB0CF7C8E73C
:10BAA000414698E703685A004CBF43F0004323F037
:10BAB00000431844704700BF2DE9F04759B301F126
:10BAC000FF380546164647464FF0000A0AEB0701C5
:10BAD00001EBD171491005EBC1094846FFF7E2FFC0
:10BAE00088454FEAC104034610D004F10800B34270
:10BAF000284407D8FFF7D6FF0138B04208D201F139
:10BB0000010AE3E78A4506D04F1EDFE7B042F9D8C5
:10BB10004846BDE8F0874FF000094846BDE8F08789
:10BB2000012806D0022802D028B9044870470448EA
:10BB30007047044870470020704700BF1DC20200D4
:10BB400025C2020021C2020030B5224B83B0044658
:10BB50008D1E43B301A92846AFF30080F0B10199CF
:10BB60002A46FFF7A9FF0146C0B1FFF79BFF4B68CC
:10BB7000A064012B2BD0002B01F1040025DBFFF783
:10BB800091FF002323650368E064002B12DBFFF7BD
:10BB900089FF03460020236103B030BD0023092044
:10BBA000236103B030BD0C4B0C49C91AC9101846AB
:10BBB0000191D5E7C3F30360FFF7B2FF031E0CBF8B
:10BBC00009200020236103B030BD0123DAE7002300
:10BBD0000520E0E700000000DC6C0300AC6D030012
:10BBE0000368DA0710B5044606D49B0700F150003D
:10BBF00009D500F0A3FC2368590709D51A070ED50B
:10BC0000DB0613D510BD00F091FC23685907F5D46D
:10BC100004F1D80000F09AFC23681A07F0D404F568
:10BC2000AC7000F09BFC2368DB06EBD404F5EC70F1
:10BC3000BDE8104000F0D6BC0346006800B11844CF
:10BC4000704700BF704700BF70B504460E46316CA8
:10BC50002046FFF779FF054688B9326C6261236997
:10BC600032462146012098470828F0D0072806D1FF
:10BC70002846316CFFF7E6FF301D00F04BFCFFDE7D
:10BC80002DE9F04F0D1DD0F80C90D0F818A0074604
:10BC900014460FCDADF5777D0DF10C0CACE80F001F
:10BCA0000FCDACE80F000FCDACE80F0095E80F000A
:10BCB00002AE4FF0000E8CE80F000DF5F878C6F8D4
:10BCC00000E021E0336C7B614FF4F4723146404672
:10BCD000FAF74AFC3B694246394658469847D8F835
:10BCE0003830B3642146CDE9006A05463B46012061
:10BCF0003A46C847044618BB4FF4F47241463046F2
:10BD0000FAF732FC082D19D1316C3846FFF71CFFC9
:10BD1000093405465FFA84FB0028D3D0B36BB364C3
:10BD20003A46CDE9006A3B464BF010010120C84776
:10BD300030B928460DF5777DBDE8F08F072D05D089
:10BD4000092528460DF5777DBDE8F08F2046316C3A
:10BD5000FFF778FF03A800F0DDFB00BF806C7047A1
:10BD6000F0B5CB6BFBB001F1040C0B640F4605463C
:10BD7000BCE80F0001AC0FC4BCE80F000FC4BCE866
:10BD80000F000FC49CE80F004FF0FF3E84E80F0047
:10BD90006E46CDF800E006E02B693246294698470A
:10BDA0000828044608D1316C2846FFF7CDFE00284C
:10BDB000F2D009207BB0F0BD3046FFF711FF062C12
:10BDC000F7D139462846FFF73FFF00BFC160D96B66
:10BDD000826119640022194652E700BF70B5C66837
:10BDE00043690B64AEB903690A4604460D46014631
:10BDF00002209847072805D008280ED1294620465A
:10BE0000FFF722FF3046296CFFF71CFF281D00F0CA
:10BE100081FB0122FFF734FFFFDEFFDEC26808B5B9
:10BE20002AB1CA6B0A64BDE80840002228E7FFF780
:10BE300097FF092008BD00BF704700BF8368014617
:10BE40000BB1012018477047052915D8DFE801F02C
:10BE50000A031403030501207047009A436C136022
:10BE60000020704743B90F2A06D800EB8202002059
:10BE70005368009A136070470220704700B585B080
:10BE80000A46002303A900911946FFF7DDFF039836
:10BE900005B05DF804FB00BF052915D8DFE801F007
:10BEA0000A031403030501207047009B1B684364C9
:10BEB0000020704743B90F2A06D8009B00EB82028E
:10BEC0001B685360002070470220704710B584B093
:10BED000002303AC039200940A461946FFF7DCFFE7
:10BEE00004B010BD2DE9F041D36BADF5107D02F12A
:10BEF000040C136407460E46BCE80F000DF15C0EFF
:10BF0000AEE80F00BCE80F00AEE80F00BCE80F0081
:10BF1000AEE80F009CE80F0016AC4FF0FF388EE83B
:10BF20000F006D46C4F8008010E0FFF7CFFF3146E8
:10BF30002046B847034622460820294683B92B6984
:10BF40009847052880460DD0092809D0216C28463D
:10BF5000FFF7FAFD03460C212A462046002BE4D0C9
:10BF60004FF009082046FFF73BFE40460DF5107DD7
:10BF7000BDE8F0812DE9F04F1646CA6C89B00D4638
:10BF800052F8041B069200F0030CE3B10C0C8DF880
:10BF90001D400904E4B2059102EB840202218DF8F0
:10BFA0001C10296DBCF1020F08BFAA6B11F001082B
:10BFB0000FD005A9304600F0AFFB002839D108208A
:10BFC00009B0BDE8F08F090205918DF81D300321FD
:10BFD000E5E71768002FECD000F008010191E34677
:10BFE000CDF808809A46BAF1020F26D017885488F7
:10BFF00002F10409AA6C24F001030F21304603EB7F
:10C000000208FFF73BFF804515D827F0010202EB3D
:10C010000803834294BF00230123640004F0020458
:10C0200007F001072743012F0BD0022F50D0002F1C
:10C0300045D00920C4E70023EFE7546802F108095E
:10C04000D8E7BBF1000F73D1CBB1D9F80430D9F8E0
:10C050000020991C4FEAD272EBD005F1580401334D
:10C06000049400F0CC8009F10400FFF7E5FD04AB77
:10C0700001462846AFF30080002840F0978009F180
:10C0800008021768002FAED105A93046DDF80880F8
:10C0900000F042FB0028CCD1B8F1000F8FD00F2167
:10C0A0003046FFF7EBFE0E2102463046FFF70EFF4B
:10C0B000594A0F213046FFF709FF072080E7BBF1FF
:10C0C000000F02D0002B40F0878009F10402D8E76E
:10C0D000D9F8004024F00048BBF1000F0FD12BB17C
:10C0E000019B002B3CD0B8F1000F39D0002C01DAB5
:10C0F00009F1040908F1010209EB8202C1E70D21EF
:10C100003046FFF7BBFE2F6A8742EFD1AB6A9945F5
:10C11000ECD100240423C5E90B434B44C5F8288027
:10C120006B63D9F80030A34270DB01230293E1E78F
:10C130000D213046FFF7A2FE2C6A84429FD1AB6AE4
:10C1400099459CD14846FFF7ADFC0F210246304689
:10C15000FFF7BCFE2A4600213046FFF7B7FEACE7EA
:10C1600005F15803CDF80CB009F10407B3460024DB
:10C170001E460BE038460496FFF75EFD002201469E
:10C1800004AB2846AFF300800437F8B9444504F106
:10C190000104EFD10D215846FFF770FE049BC5F84E
:10C1A00028900246C5E90823062009E704460D2128
:10C1B0003046FFF763FE049E2862022C04BFEE6245
:10C1C00005F12C06C5E909690620F9E65E46D9F8AD
:10C1D0000040DDF80CB089E74846FFF763FC09F141
:10C1E00004030446AB632846AFF3008000283FF405
:10C1F00020AF22460F213046FFF768FE5DE730464C
:10C200000D21FFF73BFE26462862DBE708F101021D
:10C2100009EB820097E700BF000000000023A9E6B9
:10C220000123A7E60223A5E62DE9F0410646C4B0A6
:10C230001446052908D8DFE801F016300773980B7B
:10C240003A19102A40F2B780022044B0BDE8F081CC
:10C25000836B002CF8D153F8042B426483630020D5
:10C2600044B0BDE8F081002BEED1856B1FFA84FC51
:10C27000012006F1040E00FA03F111EA0C0F2A4620
:10C2800004D052F8041B4EF8231015460133102B2E
:10C29000F1D1A004E3D4B563E1E7012B4FEA1447E1
:10C2A000A4B2CDD0052BCFD107EB0408B8F1200FF5
:10C2B000CAD80F2F40F2BD80002CD0D002685107A1
:10C2C000A04600F11B81019302AC204600F042F928
:10C2D000D6F838C0019B102F4FF0FF3239464FF08F
:10C2E000020E38BF102118FB0E2E04EBC101843959
:10C2F0007246604650F8045B41F8045F013A551CF1
:10C30000F8D10CF1040C012B0CEB8E0200F0D5805F
:10C310000F2FB26340F2FA80204600F017F99EE733
:10C32000032B91D1A7B207EB1443102B4FEA14440F
:10C330008AD80368190700F1A38022AD284600F0CF
:10C340002FF97A00B06B05EBC404531E42B1011BF8
:10C35000625844F8042B013B5A1CF9D100EBC7008A
:10C36000B063284600F0FAF879E7002B7FF46CAF51
:10C37000102C3FF669AF0368D80679D422AD284661
:10C3800000F03AF9B76B294600234FF0010C0CFA84
:10C3900003F22242384603F1010303D050F8042B84
:10C3A0000A600746042B01F10401F0D1B763284667
:10C3B00000F018F953E7102F3FF446AF0268D10799
:10C3C00008D5304622F0030240F8502B019300F0CC
:10C3D000B1F8019B019322AD284600F0ABF8D6F8E6
:10C3E00038C0002C6BD0019B4FF0000802214FF0A9
:10C3F000FF3214FB012E05EBC7010439724660467B
:10C4000050F8044B41F8044F013A541CF8D10CF198
:10C41000040C0CEB8E0CB8F1000F39D1012B4ED06F
:10C420000F2FC6F838C03FF61AAF284600F086F83E
:10C4300015E70268B8F1100F02F001012AD851B1D6
:10C44000304622F0010242F0020240F8502B0193E4
:10C4500000F078F8019B019322AD284600F072F8B5
:10C46000019B002CE1D0D6F838C04FF00008BDE7A2
:10C4700023F01003336006F5EC7000F0BDF87DE7A3
:10C4800023F00803036000F5AC7000F089F854E76E
:10C4900002AC20E7D1B9550726D422AD2846019336
:10C4A00000F050F802A800F055F8A8F11008D6F8EE
:10C4B00038C0019BC7F1100498E7944622AD0CF1F7
:10C4C0000403B363284600F031F8C8E622F0010205
:10C4D00042F0020240F8502B019300F033F832682A
:10C4E000019B12F0040FD8D0304622F0040240F82D
:10C4F000D82B019300F02EF8019BCEE722F0040226
:10C5000040F8D82B019300F025F8DDE622A800F0D2
:10C5100015F801E700F1340191E838009C46A64681
:10C520004CF8045D90E8FF0FE54600BD90EC210B50
:10C53000704700BF80EC210B704700BF90EC200BD0
:10C54000704700BF80EC200B704700BFD0EC200B81
:10C55000704700BFC0EC200B704700BFF0EC020139
:10C56000F0EC0211F0EC0221F0EC0231F0EC0241AF
:10C57000F0EC0251F0EC0261F0EC0271F0EC02819F
:10C58000F0EC0291F0EC02A1F0EC02B1F0EC02C18F
:10C59000F0EC02D1F0EC02E1F0EC02F1704700BFE8
:10C5A000E0EC0201E0EC0211E0EC0221E0EC0231EF
:10C5B000E0EC0241E0EC0251E0EC0261E0EC0271DF
:10C5C000E0EC0281E0EC0291E0EC02A1E0EC02B1CF
:10C5D000E0EC02C1E0EC02D1E0EC02E1E0EC02F1BF
:10C5E000704700BFB0FC0181B0FC0191B0FC01A11B
:10C5F000B0FC01B1704700BFA0FC0181A0FC01911B
:10C60000A0FC01A1A0FC01B1704700BFEC4600B541
:10C610002DE900502DE9FF1F4FF000032DE90C001C
:10C6200001A9FFF79DFBDDF840E012B0704700BFA5
:10C63000EC4600B52DE900502DE9FF1F4FF0000337
:10C640002DE90C0001A9FFF7C9FBDDF840E012B0AD
:10C65000704700BFEC4600B52DE900502DE9FF1FE3
:10C660004FF000032DE90C0001A9FFF7D7FBDDF81F
:10C6700040E012B0704700BFEC4600B52DE9005015
:10C680002DE9FF1F4FF000032DE90C0001ABFFF770
:10C690009DFBDDF840E012B0704700BFEC4600B5EE
:10C6A0002DE900502DE9FF1F4FF000032DE90C008C
:10C6B00001AAFFF717FCDDF840E012B0704700BF99
:10C6C000027A03467AB9427AA2B14168013A10B4BB
:10C6D0004272086803220C1D1A7202025C60000E8E
:10C6E00010BC1A6070470068013A1A7202021A60A0
:10C6F000000E7047B020704700B585B003AA002334
:10C70000009219460C22FFF79FFB039805B05DF8D5
:10C7100004FB00BFF0E700BF2DE9F043064685B0FB
:10C720000D4600272846FFF7CBFFB028044600F04F
:10C73000218103065ED500F0F003A02B1DD033D875
:10C74000802B00F08780902B2AD100F00D030D2B59
:10C7500026D00DF10808002300F00F021946CDF88D
:10C7600000803046FFF770FB0023CDF800800D22DB
:10C7700019463046FFF790FBD4E7C34303F00703A5
:10C780004FF47F621A41010702F47F6201D542F43F
:10C790008042002319463046FFF746FD0028C1D0ED
:10C7A000092005B0BDE8F083B02B68D0C02B3FD185
:10C7B000C62800F0CC80C72800F0DF8000F0F80326
:10C7C000C02B00F0EC80C82800F0F780C928E7D122
:10C7D0002846FFF775FF020300F00F0002F47022F5
:10C7E00001300243012105233046FFF71DFD0028DB
:10C7F00098D0D5E78300DBB203F104080DF10809F6
:10C8000000231946CDF800900D223046FFF71CFB9F
:10C81000029ACDF8009060064CBFA2EB0802424499
:10C820000023029219460D223046FFF735FB79E7C7
:10C8300000F0F803D02BB3D100F00702013205233A
:10C8400042F4002201213046FFF7EEFC00283FF4BD
:10C8500069AFA5E72846FFF733FF24022043B0F570
:10C86000004F9DD004010023A2B219463046FFF7C5
:10C87000DBFC002894D1C4F3C030074352E7A0F199
:10C88000B103042B00F2B580DFE803F05729160C42
:10C89000030003AA0023009219460D223046FFF739
:10C8A000D3FA3FE700231A4605213046FFF7BCFCC8
:10C8B00000283FF437AF73E72846FFF701FF020374
:10C8C00000F00F00013002F47022012302431946E8
:10C8D0003046FFF7A9FC00283FF424AF60E70023AF
:10C8E0000DF108090D221946CDF800903046FFF7EA
:10C8F000ABFA2846FFF7E4FE0206029C4FF002085E
:10C900000CD500F07F0000FA08F004442846029499
:10C91000FFF7D6FE030608F10708F2D400FA08F084
:10C9200004F50174204400230290CDF800900D22FC
:10C9300019463046FFF7B0FAF4E62846FFF7C0FE86
:10C94000431EDBB20E2B02467FF623AF28E72846B4
:10C95000FFF7B6FE020300F00F00013002F4702270
:10C960000323024319463046FFF75EFC00283FF4DC
:10C97000D9AE15E76FB3002013E72846FFF7A0FEF6
:10C98000431EDBB20E2B02463FF60AAF0023042102
:10C990003046FFF749FC00283FF4C4AE00E700F042
:10C9A0000F020132032342F4202219463046FFF7DA
:10C9B0003BFC00283FF4B6AEF2E62846FFF780FEC7
:10C9C00000F0F00200F00F031032013343EA0232AC
:10C9D00008E702AC3B46394600940E223046FFF78A
:10C9E00033FA0F2200943B4639463046FFF754FA9B
:10C9F000C1E700F0FC03B42B3FF4D2AE00F0070215
:10CA00000132012342F4002219463046FFF70CFCA4
:10CA100000283FF487AEC3E610B5C26C536884B0FB
:10CA20004FF0030C08321C0208461B0E01A90194AA
:10CA300002928DF80CC08DF80D30FFF76DFE04B03A
:10CA400010BD00BF08B5FFF765FE806C08BD00BFD4
:10CA500008B5FFF75FFEC06CC37900EB83000830B8
:10CA600008BD00BF704700BF4FF0FF30704700BFE8
:10CA70004FF0FF30704700BF4FF0FF30704700BFEE
:10CA80004FF0FF30704700BF4FF0FF30704700BFDE
:10CA90004FF0FF30704700BF024B58221A604FF032
:10CAA000FF307047D81E0020024B58221A60002029
:10CAB000704700BFD81E0020024B58221A604FF06A
:10CAC000FF307047D81E0020FEE700BFF8B5DDE953
:10CAD000064605462C44104619462746AF420AD85A
:10CAE000234631193020CA1A002A0CDC002EACBFB4
:10CAF000A019201CF8BD0A220023FEF709FE3032DF
:10CB000007F8012DEAE703F8010BECE70029ACBFB9
:10CB10002B232D230029B8BF4942632910B5437048
:10CB2000C2BF6423B1FBF3F330330270CABF83701A
:10CB3000821CC21C0A20B1FBF0F400FB1411B4FBF0
:10CB4000F0F300FB13433033303113705170901CFD
:10CB500010BD2DE9F34716461F4605460022002367
:10CB600030463946FEF71CFDDDF82880DDF830A0A0
:10CB700008F101090446A8B90022CAF800001346CA
:10CB8000CDE90094681CFFF7A1FF6B782B700B9B1D
:10CB900058EA03030EBF00F1FF302E236B7002B082
:10CBA000BDE8F087B9F10E0FC8BF4FF00E0953462C
:10CBB0004A4630463946CCBFA8F10D040024DBF7C5
:10CBC00077FF02460B46DBE72DE9FF479046994683
:10CBD00049460546002200234046FEF7E1FCDDE918
:10CBE0000C670146002841D040464946DBF70AFF62
:10CBF00000F1010AB244BAF1000F2ADDBAF10E0FBA
:10CC0000A8BF4FF00E0A03AB524640464946DBF739
:10CC10004FFF039C013434440B460246A4EB0A0147
:10CC2000A41B002C27DDCDE900A12846FFF74EFF0D
:10CC30003743804609D0601C324629192844FBF747
:10CC4000F3F82E232B5508F10108404604B0BDE847
:10CC5000F087324640464946DBF7A2FEDBF7FAFE94
:10CC600001240B4602460021A246D9E701240022F6
:10CC7000A2461346D4E72E46302706F8027B2E2024
:10CC80006870C4F1020005443046A84207D1301B49
:10CC9000CDE90CA104B0BDE8F047FFF717BF00F8DD
:10CCA000017BF2E710B50A1A0C462E21D3F788FC57
:10CCB00040B123461C4613F8012D302AFAD02E2A03
:10CCC00008BF1C46204610BD4369826A934217BFC5
:10CCD0005B68806C1B68D8687047D1E90012EFF779
:10CCE00047BCB1F5FA5F38B504461CDCD0E9025206
:10CCF000AA1A01EBE202B2F5FA5F14DC002901DCAA
:10CD0000012038BDC269521BB2EBC10F4FEAC10509
:10CD100001DC00F033FD6269A36891682B449942FD
:10CD2000EED29360ECE70020EBE78842F0B506D046
:10CD30008368A3EBC20383600023934200DBF0BD52
:10CD400085688C6805EBC30604F1080755F8335075
:10CD50008F602560756865600133EEE7838E8B8692
:10CD600070470369986D996570470369D3E910327C
:10CD70009A4210B5044601D3EFF73CFE204601F07D
:10CD8000B4FDA368082218605A601344A36010BD64
:10CD9000D0E90230181AC0107047002910B50DDB19
:10CDA000C36803EBC103002182689A4201D3836008
:10CDB00010BD02F1080484605160F5E78368013119
:10CDC00003EBC103F3E710B50446EEF709FCA368D3
:10CDD0000830834202D8083BA36010BD026840F8C7
:10CDE000082C426840F8042CF2E710B50446EEF730
:10CDF000F7FBA2681346834204D8136803605368A4
:10CE0000436010BD53F8081C196053F8041C5960A6
:10CE1000083BF0E710B50446EEF7E2FBA3680268B2
:10CE20001A6042685A600833A36010BD08B5EEF777
:10CE3000D7FB4368062B05D103689879003818BFE3
:10CE4000012008BD0020FCE707B5EEF7C9FB4368E9
:10CE5000032B08D0694601F0D9FF003818BF012024
:10CE600003B05DF804FB0120FAE708B5EEF748FCD3
:10CE7000033801288CBF0020012008BD07B5EEF75C
:10CE8000AFFB4268032A034604D0694601F0BEFFA7
:10CE9000034618B1186803B05DF804FB0020FAE7F8
:10CEA00007B5EEF79DFB4268032A034604D06946A6
:10CEB00001F0ACFF034628B1D3ED007AFDEEE77A2E
:10CEC00017EE900A03B05DF804FB08B5EEF788FB97
:10CED0000346406828B1012804D11868003818BFFB
:10CEE000012008BD0120FCE770B50E46054614463A
:10CEF000EEF776FB4368042B014614D0284602F077
:10CF00001EF818B904B12060002070BD2B69D3E968
:10CF100010329A4202D32846EFF76CFD314628467C
:10CF2000EEF75EFB014614B10B68DB68236008680E
:10CF30001030EAE738B50546EEF752FB4368033B8D
:10CF40000446042B04D8DFE803F00D1308030500A2
:10CF5000002038BD03681869FBE7BDE83840006869
:10CF6000F1F7FCBC0146284601F0E9FF0028EFD0AC
:10CF70002368D868EDE708B5EEF732FB4368022B6B
:10CF800004D0072B04D10068183008BD0068FCE706
:10CF90000020FAE708B5EEF723FB4368082B0CBF27
:10CFA0000068002008BD38B504460D46EEF718FBB2
:10CFB0004368023B062B0DD8DFE803F0060C0C0497
:10CFC00004060400006838BD29462046BDE8384004
:10CFD000FFF7D1BF0020F6E7836800225A600833CC
:10CFE000836070478368032219605A600833836046
:10CFF000704707EE901A8368F8EEE77A0322C3EDD4
:10D00000007A5A60083383607047F8B503691646A2
:10D01000D3E910329A4204460D4601D3EFF7EAFCF9
:10D02000A76832462946204601F0E8FC04237B60CD
:10D03000A36838600833A360F8BD38B505460C46D0
:10D0400019B9BDE83840FFF7C7BF0846D3F7D8F88D
:10D05000214602462846BDE83840FFF7D6BF03699F
:10D0600070B51646D3E910329A4204460D4601D3F4
:10D07000EFF7C0FC324629462046BDE87040EFF786
:10D080005DBD0EB4036917B5D3E910329A42044668
:10D0900001D3EFF7AFFC06AA059901922046EFF7FE
:10D0A0004DFD03B0BDE8104003B07047036970B593
:10D0B0001446D3E910329A4205460E4601D3EFF7E3
:10D0C00099FC2846FFF700FE21460246284600F05C
:10D0D0001FFDAB680661A3EBC403AB6000EBC402A9
:10D0E000013C611CAB68A2F1080205D10622186060
:10D0F0005A600833AB6070BD03EBC40153F83430A1
:10D1000053614B689361EBE78368003918BF0121D5
:10D11000012219605A6008338360704783680222D5
:10D1200019605A600833836070478368082218606A
:10D130005A601344836003695B6E1B1A584258415E
:10D14000704710B50446EEF74BFAA368083B01465A
:10D150001A462046BDE81040F1F792BE73B504466A
:10D160001546EEF73DFA06462846D3F749F8294614
:10D170000246204601F042FC0423009001936A46D7
:10D18000A36831462046F1F77BFEA3680833A3600D
:10D1900002B070BD10B50446EEF722FAA16800682F
:10D1A0000839F1F7F1F9A368026843F8082C4268DE
:10D1B00043F8042C10BD38B515460446EEF710FAB6
:10D1C00029460068F1F790F9A36802681A6042687E
:10D1D0005A600833A36038BDF8B503691646D3E931
:10D1E00010329A4204460D4601D3EFF703FCA768BC
:10D1F000324629462046F1F731F905237B60A368C2
:10D2000038600833A360F8BD10B50446EEF7E8F9BE
:10D210004268052A06D0072A04D0236903EB82035B
:10D22000D86F01E00368986830B1A36805221860E0
:10D230005A600833A360012010BD10B50446EEF714
:10D24000CFF94268A368072A03D0082A09D0062A22
:10D250000CD10268D2681A6005225A600833A360B4
:10D2600010BD0268916C1960D26CF6E70022F4E7F9
:10D2700010B50446EEF7B4F9A2680146A2F108031E
:10D280002046103AF1F752FEA368103BA36010BD90
:10D2900073B504461546EEF7A3F906462846D2F7BD
:10D2A000AFFF29460246204601F0A8FB0423019364
:10D2B000A3680090083B6A4631462046F1F736FEE7
:10D2C000A368083BA36002B070BD70B50446EEF7DA
:10D2D00087F9A6680168A6F1100205462046F1F715
:10D2E000FBFA56F8083C036056F8043C4360A36818
:10D2F00053F8042C032A0BDD53F8083C5B799A079A
:10D3000006D029684B795B0702D5204601F00FF85B
:10D31000A368103BA36070BDF8B504461646EEF74F
:10D320005FF932460168A76805462046F1F760F9C3
:10D3300057F8083C036057F8043C4360A36853F86F
:10D34000042C032A0BDD53F8083C5B799A0706D0BE
:10D3500029684B795B0702D5204600F0E8FFA368F7
:10D36000083BA360F8BD10B50446EEF739F9A36891
:10D3700053F8042C0AB153F8082C4168052906D04B
:10D38000072916D0236903EB8103DA670CE00368F1
:10D390009A604AB153799B0706D001684B795807C8
:10D3A00002D5204600F0C3FFA368083BA36001201C
:10D3B00010BD03689A60002AF6D053799907F3D01C
:10D3C00001684B795B07EFD5204600F09AFFEBE749
:10D3D00010B50446EEF704F94268A368072A03D0A3
:10D3E000082A17D0062A1CD1026853F8083CD360DB
:10D3F000A36853F8082C5379990706D001684B7934
:10D400005B0702D5204600F07CFF0120A368083BA3
:10D41000A36010BD026853F8083C93640523D364ED
:10D42000E6E70020F2E738B58368C943154603EB09
:10D43000C1010446EFF79CF8013505D16369A26884
:10D4400099688A4228BF9A6038BD1346826813B52E
:10D4500052F8044C062C0AD152F8084CA27932B981
:10D4600000920A46216900F039FB02B010BD01208C
:10D47000FBE78079704738B504690546072930D83D
:10D48000DFE801F004090B0E1115292C6FF00203DF
:10D490002364002038BD636CFAE700F00BFFF8E767
:10D4A000606C800AF6E7606CC0F30900F2E7636C19
:10D4B0009102B3EB822F2CBF5B1A00232364D4E9C3
:10D4C00010239A42E5D82846EFF794FA637D002BA3
:10D4D000F5D10120DEE7206D2265DBE7606D626536
:10D4E000D8E74FF0FF30D5E708B500F08DF8002001
:10D4F00008BD10B50446EEF773F8A2680168083A53
:10D500002046F0F72BFFA36810B10833A36010BDCD
:10D51000083BFBE738B50369D3E910329A42044669
:10D520000D4601D3EFF766FA2046FFF7CDFB2946FB
:10D530000246204601F0D7FAA368072218605A6015
:10D540000833A360183038BD4B685A68062A0ED1DC
:10D550001B689A795AB942691B698A4204BF826979
:10D56000CA60C868DB68C01A8010013870474FF085
:10D57000FF30704710B5FFF7E7FF031E07DB4A686F
:10D5800012681269506908B150F8230010BD4FF0BD
:10D59000FF30FBE7022A06D0032A0BD0D2B9B1FA3A
:10D5A00081F04009704790F84B308B42D4BF002087
:10D5B00001207047CB0509D5806A21F48071814232
:10D5C000B4BF0020012080F00100704790F84B307C
:10D5D0009942F5E70120704700F03F031E2B03D866
:10D5E0001B2B03D800207047222BFBD1C00DB0FAB3
:10D5F00080F04009704708B5C16AFF22EEF768F96C
:10D60000003818BF012008BDF8B5456E04462DB39B
:10D61000076A7E197368062B02D0052100F082F894
:10D62000A36853F8082C1A6053F8042C5A607A59EE
:10D6300043F8082C726843F8042CE269D21A082ACD
:10D6400003DC0121204600F099F8A16801F10803EC
:10D65000A360012208392046EEF78AFF2046022106
:10D66000BDE8F84000F05EB800B5B1B000232E93DD
:10D67000036E049304ABCDE90101036606A803928F
:10D68000FAF76AFC18B9DDE9010303999847049B8E
:10D69000019A2E98136631B05DF804FBF8B5CB1DE6
:10D6A000B3F1005F056A04460E4601F106071CD27D
:10D6B000C26AFB00D200294600F06FFEA368206218
:10D6C0005B1B00EBC606A26DE7621844E661A06032
:10D6D000236A6AB96069A16A884201F118020DD211
:10D6E000E268521B1344E360F8BDEFF7AFF9E5E7DA
:10D6F0009168491B194491601268E9E752F8101CBF
:10D70000491B194442F8101C52F8181C491B1944B3
:10D7100042F8181C52F8141C491B194442F8141CF6
:10D720001146D9E7056E08B504460E4635B1C5F871
:10D73000A81005F108000121FAF716FC03698171B0
:10D740009B6DC3B1836A43611968C16000F066FADA
:10D75000E26831462046EEF791FCE38EA386012372
:10D7600084F839302046EEF7D3FC2369C4E9185514
:10D770009B6D204698470120FBF75EFBC36A8B42F6
:10D78000ACBF5900C918FFF789BF436970B51E685F
:10D790008660044608460D46D2F732FD2946024609
:10D7A000204601F02BF90423A2687360E36930601E
:10D7B0009B1A082B03DC01212046FFF7DFFFA3683B
:10D7C0000833A36070BD70B590F838309A070446EE
:10D7D0000DD5056A4FF0FF324D1B0121EEF70AFD12
:10D7E00063695B681B689B79F3B1216A29446269AC
:10D7F000106952F8185CA2F118036361536852F87B
:10D800000C2CA261E560024622B1A5688D4202F1AE
:10D81000FF3614D811461D4600261EE04FF0FF3299
:10D8200004212046EEF7E6FC94F8383062699B0745
:10D83000DBD55369591E5161002BEFD1D5E751F863
:10D84000082B43F8082B51F8042C43F8042C3246DB
:10D85000DAE70835013945F8046C0029F9DC22EAD9
:10D86000E27203EBC203A360013070BD2DE9F84FF3
:10D870000A9DD0F864804566B0F834B04669D0F8A7
:10D8800028A090F8399004461F46FFF7EDFE0546A4
:10D89000D0B1226A17443946204600F0BFF93A4613
:10D8A00029462046EEF7EAFBA16AA4F834B0A6EBBD
:10D8B0000A03CA18CB58E360D3686261A36184F895
:10D8C00039902046EEF724FCC4F864802846BDE871
:10D8D000F88F38B51369144633B9D2E901530A46B3
:10D8E00001462068A847206138BD07B50A468DF873
:10D8F000070001210DF10700FFF7EBFF03B05DF812
:10D9000004FB07B50A46042101900DEB0100FFF767
:10D91000E0FF03B05DF804FB37B50D46044680B167
:10D92000C3680A4604210DEB010001330193FFF7A0
:10D93000D0FF01992A4604F11000FFF7CAFF03B097
:10D9400030BD0A46042101900DEB0100F5E72DE9F9
:10D95000F3470546006A8842144667D0D368002B17
:10D9600018BF00202146FFF7D7FFE86B2146FFF7DD
:10D97000C8FF286C2146FFF7C4FF95F848002146F0
:10D98000FFF7B3FF95F849002146FFF7AEFF95F882
:10D990004A002146FFF7A9FF95F84B002146FFF703
:10D9A000A4FFEE6AEF6830462146FFF7AAFFB100F8
:10D9B00022463846FFF78DFFD5F828902146484685
:10D9C000FFF79FFF0026B14532DC6F6B21463846DA
:10D9D000FFF797FF0026B74253DCE368002B59D1CD
:10D9E0002E6B6F6921463046FFF78BFF2246B10050
:10D9F0003846FFF76EFFE368002B4DD1AF6B214631
:10DA00003846FFF77EFF00264FF00C09B74245DC91
:10DA1000E368002B58D16F6A21463846FFF771FF43
:10DA20000026B74252DC02B0BDE8F087002099E73B
:10DA3000AF6807EBC6082146D8F80400FFF755FF8A
:10DA4000D8F80430032B4FEAC60A0AD0042B12D0B0
:10DA5000012B04D157F836002146FFF746FF013667
:10DA6000B1E70421D8F80030019322460DEB010004
:10DA7000FFF72FFFF3E757F80A002146FFF74CFFA7
:10DA8000EDE72B69296A53F826002246FFF75FFF6E
:10DA90000136A0E70026A4E70027B0E709FB06F857
:10DAA000AB69214653F80800FFF736FFAB694344E2
:10DAB00021465868FFF725FFAB6943442146986823
:10DAC000FFF71FFF0136A1E70027A5E7EB69214615
:10DAD00053F82600FFF720FF0136A2E730B589B0E2
:10DAE000CDE90302059300250C9B069368460C467E
:10DAF0000795F1F77BF903AA68460C21FFF7E9FEC9
:10DB0000204603AA2946FFF722FF079809B030BD37
:10DB1000F8B51646CB0000220D46143311460746D1
:10DB200000F03BFC062204460146384600F008FCA3
:10DB30000123A371E660E5712046F8BDF8B51646ED
:10DB40008B00002214330D461146074600F025FCD9
:10DB5000062204460146384600F0F2FB0023A3717A
:10DB6000E660E57104F11402013D01D22046F8BDE2
:10DB700042F82530F8E7002238B51146142305464F
:10DB800000F00BFC0A2204460146284600F0D8FBB0
:10DB900004F10C03A36000232361204638BD70B557
:10DBA000826D04690E4600F15805D2B90022142393
:10DBB000114600F0F2FB0A220271227D866002F01B
:10DBC000030242712A680260286004F16802C260A0
:10DBD000A26F02610346D060A06710E01A681D467C
:10DBE000E3E72B689A68B242E0D3F7D15A79217DF6
:10DBF00022EA0101890702D082F003025A71184615
:10DC000070BD8A6801F10C039A421EBFD1E903324C
:10DC1000D3601A610023142200F0BFBB70B50669FF
:10DC200004460D46A16D11B18B68AB4200D270BDA8
:10DC30000A68A265307D4A7922EA0002920703D081
:10DC40002046FFF7DEFFEDE7D1E90320C260106157
:10DC50001A685B680B6101F10C03CA608B60204697
:10DC600000F078FBDEE7002238B511464C2305466C
:10DC700000F093FB092204460146284600F060FBB1
:10DC80000023A364C4E90B33C4E90F33A360A36288
:10DC900023616363E3606362E3616361A363A36120
:10DCA0002362204638BDCA6A70B50C460023C96895
:10DCB0009200054600F071FB626B2169002392001F
:10DCC000284600F06AFBA26AA1680023D200284619
:10DCD00000F063FB226B616900239200284600F08C
:10DCE0005CFBA26B0C214A430023A169284600F08B
:10DCF00054FB626AE16900239200284600F04DFB64
:10DD0000214628460023BDE870404C2200F045BB68
:10DD1000CA798B79013A23B1D2001C32002300F07A
:10DD20003CBB92001832F9E7F0B5876B8E460023B2
:10DD30004FF00C0C9F4206DD86690CFB03F574194D
:10DD40006168914201DD002007E0A468944205DD8E
:10DD5000BEF1010E02D170591030F0BD0133E9E778
:10DD600038B505460C466379227903F0FC03053A81
:10DD70006371052A13D8DFE802F02C28032F321331
:10DD8000A16843F00403637129B14B79980702D06D
:10DD90002846FFF7E5FFE46863799A07E3D138BDC9
:10DDA000A3685A68032A06DD19684B799B0702D0DD
:10DDB0002846FFF7D5FFA26804F10C039A42EED182
:10DDC000637943F004036371E9E76B6AA3606C62F3
:10DDD000E5E76B6AA361FAE76B6AE365F7E76B6AED
:10DDE0006364F4E74368032B06DD0268042B507973
:10DDF00004D120F00300507100207047820706D143
:10DE0000072BF9D10029F7D1C0F3C00070470120DA
:10DE1000704770B5044600F1780500F19C0655F88E
:10DE2000041F29B14B799B0702D02046FFF798FFCA
:10DE3000B542F4D170BD70B50469666E0023C4E9C3
:10DE40000933E36273799907054603D031462046CA
:10DE5000FFF786FFF36C032B06DDB16C4B799A0755
:10DE600002D02046FFF77CFF2B691A6E032A06DDDD
:10DE7000D96D4B799B0702D02046FFF771FF2046F2
:10DE8000FFF7C7FF0123637570BD2DE9F8430569EE
:10DE90002B6B1E68B34219BF32681A6000232B63D4
:10DEA0006B6E1A6832601E6073792A7D044623F017
:10DEB000070302F00302B0681343737130B387792C
:10DEC00017F0040722D123690221D3F8A82000F01B
:10DED0009DFED8B1D5F8408094F8399084F8397017
:10DEE0006B6CA1685B002B6403680B604368C1E93D
:10DEF00001360723CB6001F11003A3603A462046A8
:10DF0000EEF736FB84F83990C5F84080BDE8F88319
:10DF10002DE9F843D0F8108098F81490054617467C
:10DF200089F003090E4634680CB1013F02D2304635
:10DF3000BDE8F8832379082B06D16FF0020204F1C3
:10DF400058012846FFF7E4FF627982F0030319EADB
:10DF5000030F09D098F8143022F0070203F00303EE
:10DF6000134363712646DEE723683360D8F81C202C
:10DF7000A24208BFC8F81C302379043B062BD2D834
:10DF8000DFE803F01D13092918040E002146284676
:10DF9000FFF789FEC7E721462846FFF7B9FEC2E72B
:10DFA00021462846FFF72DFEBDE721462846F0F71B
:10DFB0007BFAB8E72146284600F0CCFCB3E72A6993
:10DFC0005368013B5360E268002311322146284622
:10DFD00000F0E3F9A7E7226900231832F6E738B525
:10DFE00004460025636A0BB9284638BD2046EEF783
:10DFF00059FB0544F6E72DE9F843D0F81080D8F82E
:10E000006460074689460025346814B92846BDE88F
:10E01000F8836379990702D1B9F1000F01D01A078B
:10E0200001D52646F0E7A06820B9637943F00803DC
:10E030006371F6E783795B07F7D43B690221D3F874
:10E04000A82000F0E3FD0028EFD063792268216961
:10E0500043F0080363713260D8F830302BB9246084
:10E0600018350D44C8F83040CEE71A6822601C60AD
:10E07000F6E72DE9F84F0469637D0546042B08D8BF
:10E08000DFE813F005000A00A900C100F000FFF767
:10E09000D2FE0020BDE8F88F636A23B12046BDE8B8
:10E0A000F84FEEF7FFBAA66F04F16807BE424BD1F6
:10E0B0002046FFF794FFE36A63620023E3626B7913
:10E0C0009A0703D029462046FFF74AFE2046FFF76D
:10E0D000A0FE2046FFF783FF0026A36A6362A662C4
:10E0E0002046FFF77CFF31462846FFF784FF266B6A
:10E0F00007467EB135462D68227D6B7902F003021A
:10E1000023F0070313436B7129462046FFF728FECF
:10E11000AE42F0D12046FFF762FFE56A80464FF03D
:10E1200000094FF0140AFDB9237DA56183F00303B4
:10E13000237504F11C03236202236375636CDB1BEC
:10E14000A3EB0803A364A4E773795B070AD1B36860
:10E150005A68032A06DD19684B79980702D02046D1
:10E16000FFF7FEFD3669A1E76B79DB0606D4EB7994
:10E1700001269E40013E10D2AD69D4E7EE69013E12
:10E18000F5D3EB6803EBC60B00215846FFF72AFED8
:10E190000028F4D0CBF80410F1E72B690AFB063B0A
:10E1A000DBF80430002BE5D001210BF10800FFF76C
:10E1B00019FE014648B1DBF80C30CBF80490032B74
:10E1C000D8DD0B23CBF80C30D4E75846FFF70AFE16
:10E1D0000028F0D1CEE7A3692168666C5A1CA261C1
:10E1E00001EB83016FF00202FFF792FEA368A269C0
:10E1F0009A42A4BF03236375D4E9112313449B1BE4
:10E20000A3640A2046E7216A666C2822FFF780FE95
:10E2100003682062F3B92F69B9687A6800290B4650
:10E22000B8BFCB1CB2EBA30F05D2402903DD4910C8
:10E23000284600F0A2FBFA6B402A09D94FEA52089F
:10E24000796B4346284600F0A8F8C7F83C8078630D
:10E2500004236375D4E9112313449B1BA3644FF477
:10E26000C87017E7236B43B1FFF70FFEA36C642B55
:10E2700001D9643BA36464200CE76375E36408E799
:10E2800070B5056943232B756FF0020205F11C017F
:10E290000646FFF73DFE0024AB68A34200DC70BDDC
:10E2A00029686FF0020201EB84013046FFF730FE6F
:10E2B0000134F1E738B50469637D012B054609D8BF
:10E2C000002304F11C02C4E90823C4E90A33A36152
:10E2D00002236375637D042B28460BD1FFF7ABFD4A
:10E2E000637D53B96422A36CB3FBF2F3226D5343F5
:10E2F000236438BDFFF7BDFEECE72846FFF7B9FE03
:10E30000EEE710B40069437D012B0C46114603D1A2
:10E310005DF8044BFFF724BD6379027D23F007030A
:10E3200002F00302134363715DF8044B70474B79AD
:10E33000026923F004034B71936A8B619162704709
:10E340000369D8690860D9611B7D0A7103F0030372
:10E350004B71704730B40469E2690A604A79E1613F
:10E3600055070B4617D1657D012D0DD142F00402F2
:10E370008B684A715A68032A0DDD1A6853799B0726
:10E3800009D030BCFFF7BDBF217D22F0070201F0AC
:10E3900003010A435A7130BC70472DE9F041066908
:10E3A0000746D6E9035090461C46A847054620B9C3
:10E3B0001CB104213846FFF7B5F9736CA4EB0804CF
:10E3C000234473642846BDE8F08170B5866804462E
:10E3D00008460D46D1F714FF29460246204600F0B4
:10E3E0000DFB0423A2687360E36930609B1A082B5D
:10E3F00003DC01212046FFF7C1F9A3680833A360BD
:10E4000070BD00230F2806D8072882BF01330838C3
:10E4100040EAC3007047013040080133F2E710F0D2
:10E42000F80FC0F3C4031FBF00F00700083003F16A
:10E43000FF339840704743684A68934217D1032BD3
:10E440000FD8DFE803F0160E0E0290ED007AD1ED42
:10E45000007AB4EE677AF1EE10FA0CBF01200020CA
:10E46000704700680B68C31A584258417047002033
:10E470007047012070470EB403B503AA52F8041B7D
:10E480000192EEF75BFB02B05DF804EB03B070475E
:10E4900008B5C3688B4203D102F061FB012008BDBF
:10E4A0000020FCE7F8B5056A064628460C46FFF74B
:10E4B000DAFBF36920600022C4E9023625614FF0DF
:10E4C000FF33F46184F83220C4E90623C4E908323A
:10E4D000F36A2286C4E90A2262610362022380F899
:10E4E0004B30114607462846EFF7B8FFAA68606030
:10E4F00005235360EB6910609B1A082B03DC012194
:10E500002846FFF73BF9AB68092103F10802AA602E
:10E510009F60D960EB699B1A082B03DC0121284618
:10E52000FFF72CF9AB680833AB60F8BD38B5C368AA
:10E5300040F21D118B42044601D0EEF78DFC256997
:10E54000204602F00CFB284638BD70B50C46194633
:10E550001B78A41AA3F10D02012A05460DD8661CEA
:10E5600026EAE676324601F003FE002C16DD711E27
:10E570002846BDE8704001F0DCBD0BB101F079FF29
:10E58000002C0BDD6E6A2146284601F0D2FD2246A2
:10E5900031462846BDE8704001F049BE70BD70B5F7
:10E5A00006460C46FFF7C2FFF66901460546012301
:10E5B00022463046EEF7A2FC082804D12946304610
:10E5C00001F0C0FD606070BD10B50C2490F83230D1
:10E5D0008B4200DC10BD0268013BDBB2926980F81F
:10E5E000323000EB4303B3F8AC3004FB0323826901
:10E5F0009A60EBE737B545692B684361C368297AB0
:10E600000446D869FFF7E0FF6B7A33B100230A466E
:10E6100000932321204601F0FCFD94F83230696814
:10E620006362204603B0BDE8304001F06CBD90F855
:10E6300032200A44D2B2C1F15503134430B500EB85
:10E64000430380F832200C2401B930BD026833F84E
:10E65000025F926904FB0522856955600139F3E781
:10E6600038B50C460546FFF761FF0146E86901F041
:10E6700069FD4FF0FF33C4E9033304232370606066
:10E6800038BD70B5C66986B0044630460D4601F007
:10E6900004FF204602F063FA01A92046FFF7E0FFDD
:10E6A00001AA2946304601F05EFF06B070BDC3687E
:10E6B000994210B5044601D0EEF7CEFB2046BDE8E6
:10E6C000104002F04CBA0022EFF742B910B586B004
:10E6D00001A90446FFF7F7FF9DF80430E069012B1C
:10E6E00008BF032301A908BF8DF8043002F0C9F860
:10E6F000059806B010BD38B504460D4602F02FFA55
:10E7000029462046FFF7DFFFE069294601F0E2FED7
:10E7100020465D21BDE83840FFF7C9BF70B504460B
:10E720000D46FFF7D0FF01262C212046FFF7B0FE53
:10E7300008B9304670BDE069294601F09AFE2946C5
:10E740002046FFF7C0FF0136EEE710B5044686B05D
:10E7500001A9FFF7B8FFE06901A901F08AFE06B040
:10E7600010BD1FB5C4694FF0FF33029300238DF82D
:10E770000E308DF80D306369019301AB94F83220AF
:10E7800063618DF80C20EEF7E7FC2046FFF732FFBF
:10E7900004B010BD38B5044602F0E1F92046FFF799
:10E7A00095FF4FF4897105462046FFF780FF20460C
:10E7B000FFF7D7FF284638BDF0B5ADF51D7D0546FE
:10E7C00018461E460F460A92D1F71AFD31460246F8
:10E7D000284600F013F93A460346694628460DAD2F
:10E7E00002F095F929466846FFF75CFE2B68022285
:10E7F00083F84A20684602F0B2F96846EEF7ACFCAE
:10E80000039B40F21F118B426C4602D06846EEF724
:10E8100023FB2046EEF710FC28680DF51D7DF0BDAA
:10E8200038B500220D4604461146C0232846FFF79E
:10E83000B4FD0022A06260610823A8301146236362
:10E8400060624FF4B4732846FFF7A7FD2D23E362FF
:10E8500000F59C73E3616369206200F10802002106
:10E860005860A260A83040F8A41C1A60E26098606A
:10E8700038BD70B50A6B0C4618214A430023A16AC3
:10E880000546FFF78AFDE26A216A28460023BDE8B3
:10E890007040D200FFF781BD2DE9F041016A0569A2
:10E8A0000446FFF7BBF92046FFF7EAFC21698A68B6
:10E8B0000968002392002046FFF76FFDEA6B696B41
:10E8C00000232046FFF769FD0026686321462046A5
:10E8D000EE63FFF7CEFFEF68286933462146BC465A
:10E8E0004FF4A672BDE8F0416047002238B51146EA
:10E8F00068230546FFF751FD0822044601462846D5
:10E90000FFF71EFD2B6923614FF480720023C4E9D9
:10E910000F33C4E90A33C4E90C332362236663640A
:10E92000A365A37163612287A3616366E3642046E4
:10E930002946FFF775FFAB6CA364EB6CE36495F8B5
:10E94000383084F83830EB6B6A6CE363C4E910321A
:10E95000204638BD70B50C460546096A2046FFF7CB
:10E960005DF921462846FFF784FF2146284600230B
:10E97000BDE870406822FFF710BD2DE9F843036938
:10E980005B7D022B06460D461ED04B1CB3F1804F1B
:10E990001CD200228B001146FFF7FFFC00233769D1
:10E9A00004461A46AB4214DBD7F8089039680020B9
:10E9B00005F1FF3E814510DC00234FEA8902304615
:10E9C000FFF7EBFCBD603C60BDE8F883EEF73EF876
:10E9D000E4E744F823200133E4E751F820300BB991
:10E9E0000130E7E79A68D3F800800EEA020C54F889
:10E9F0002C201A6044F82C304346F0E72DE9F84308
:10EA00001546884652090646013229462F4608F126
:10EA1000FF30914246D2D6F81090D9F80830D9F894
:10EA20000020013B3B4052F82340002C42D16B1C9C
:10EA3000133302D93046EEF709F8002205F111032D
:10EA400011463046FFF7A9FCC0E9027533691B7D0A
:10EA500003F0030343714FF00009042304460371DC
:10EA60002A4680F8069041461030F7F77DFD62197E
:10EA700082F810903269916810684B1E3B4050F844
:10EA80002350256040F82340536801338B42536084
:10EA900024D96FF04043994220DA49003046FFF70D
:10EAA0006CFF1BE0445CBB0803EB471323445F404F
:10EAB000891AAEE7E368AB4213D12A4604F110018C
:10EAC0004046F7F7EBFD60B9637999F8142023EA23
:10EAD0000202920702D083F0030363712046BDE86F
:10EAE000F8832468A1E711F11B0F70B505460C46A9
:10EAF000164601D9EDF7AAFF0022114604F11803CA
:10EB00002846FFF74AFC29690A7D046102F00302E6
:10EB10004271072202710022C0E902264A6E116882
:10EB20000160106070BD38B5531CB3F1005F0C4636
:10EB300015460DD2CA69C968EB00D200FFF72DFC5B
:10EB4000E369E06000220430AB4204DBE56138BDDC
:10EB5000EDF77CFFF4E740F833200133F4E74B682E
:10EB60000A68032B10B50446006907D0042BE1792D
:10EB700019D0012B1DD18B40013B18E007EE902AE4
:10EB8000F5EE407AF1EE10FA0CD0E17901238B40DA
:10EB9000013B43F00103B2FBF3F103FB1123142209
:10EBA00003FB020010BD01238B409268013B134020
:10EBB000F5E701238B40013B43F00103B2FBF3F186
:10EBC00003FB11221423EBE74368032B10B50C461B
:10EBD0001AD190ED007AFDEEC77AF8EEE76AB4EE4E
:10EBE000667AF1EE10FA0FD117EE903A581EB0F196
:10EBF000806F09D2EDF764FF013054F82030013303
:10EC000044F82030012010BD0020FCE738B50D4647
:10EC100011460446EFF7A0FC42682AB9A179012306
:10EC2000AB401943A171104638BD07B501220DF163
:10EC30000701EFF733FF9DF8070003B05DF804FB11
:10EC400037B504220DEB02010446EFF727FF019AC6
:10EC50008AB1A168206800F045FA019A014605468C
:10EC60002046EFF71BFF019A2068013A2946FFF77B
:10EC7000C5FE03B030BD1046FBE7F8B5056A069F38
:10EC80004E1B85681168296052686A601A68AA601C
:10EC90005B68EB603B682B617B686B61C3695B1BE6
:10ECA000182B044602DC0321FEF768FDA16801F180
:10ECB0001803A36001222046EDF75AFCA368226ADC
:10ECC000A3F108009119A06053F8080C53F8043C14
:10ECD00090514B60F8BD2DE9E3439DF82090164616
:10ECE0004A461F4605468846EFF7B0FE436802468F
:10ECF0003BB94A4631462846EFF7A8FE024640682F
:10ED000030B12846009643463946FFF7B6FF01204A
:10ED100002B0BDE8E083F8B5C568CC6800F1100624
:10ED200001F1100739463046F9F7DEFE38B93046B2
:10ED3000D1F766FA844203D1281B18BF0120F8BD21
:10ED4000854205D0013006442D1A0744241AE9E70C
:10ED50004FF0FF30F3E72DE9F34116461A461F4600
:10ED600004468846EFF772FE4368054623B94FF024
:10ED7000FF3002B0BDE8F08131463A462046EFF759
:10ED800065FE01462846FFF756FB0028EFD00096A7
:10ED900043462046A1682A46FFF76FFFA3685868DC
:10EDA0000028E6D0012804D11868003818BF0120D7
:10EDB000DFE70120DDE7F8B5074615460E4659B1F5
:10EDC0008B79DA0608D403690421D3F8B0203046E1
:10EDD000FFF71CFF044610B900242046F8BDAE42E0
:10EDE000FBD0002DF8D0AB79DB06F5D43B690421CC
:10EDF000D3F8B0202846FFF709FF01460028EBD0E2
:10EE00002046FFF718FB0028E7D1E5E74368032B0E
:10EE100013B50C4602D0042B02D0002002B010BD66
:10EE2000006801A91030EDF759FE0028F5D0019BCC
:10EE30002360032363602046F0E72DE9F0432DEDC6
:10EE4000028B87B080460C46104602A99DF84070A0
:10EE500015461E46FFF7DAFF814600285CD004A95C
:10EE60003046FFF7D3FF002856D0063F99ED008AC1
:10EE7000D0ED008A0323052F04D8DFE807F0080B44
:10EE80000E183B4A38EE288A84ED008A09E038EEF5
:10EE9000688AF9E728EE288AF6E7C8EE287AC4EDF2
:10EEA000007A636007B0BDEC028BBDE8F083C8EE6A
:10EEB000287A17EE900AFCF78BF8D3F751FA8046C0
:10EEC00018EE100A8946FCF783F8064618EE900AF9
:10EED0000F46FCF77DF842464B46FCF7D1F8024658
:10EEE0000B4630463946FBF713FFFCF7C1FB032303
:10EEF0002060D6E718EE900AFCF76AF806460F463F
:10EF000018EE100AFCF764F832463B46F4F70EF9A7
:10EF1000EBE7B1EE488AB7E7009723463246294629
:10EF20004046FFF7D8FE0028BCD13246294640466D
:10EF300007B0BDEC028BBDE8F043EDF76FB830B51C
:10EF40004B68032B89B005460C4615D10868FCF7C1
:10EF50003FF80B4602466846D9F732FF6846D1F7BC
:10EF60004FF9694602462846FFF748FD0423206012
:10EF70006360012009B030BD0020FBE7F8B54B68A5
:10EF80005768BB4206460C46154603D0BDE8F8401C
:10EF9000EDF758B8032B0BD191ED007AD2ED007A42
:10EFA000B4EEE77AF1EE10FA4CBF01200020F8BD74
:10EFB000042B05D111682068FFF7ADFEC00FF6E7FE
:10EFC0000D23FFF7C8FE431CF1D12A4621463046E7
:10EFD000DCE74B6873B506460C461546072B20D870
:10EFE000DFE803F0151F1F041F111F1191ED007AB8
:10EFF000D5ED007AB4EE677AF1EE10FA0CBF01207D
:10F00000002002B070BD0B682A68934201D1012034
:10F01000F7E792689968FFF7CEFE024638B90020FC
:10F02000EFE708682B68C31A58425841E9E7009592
:10F030002346B1683046FFF720FEB3685A68002ABD
:10F04000EDD0012AE3D11868003818BF0120D8E7B5
:10F0500013B58368044601AAD0E90310984740B16C
:10F06000019B33B1013B2360431C6360007802B015
:10F0700010BD4FF0FF30FAE7036810B504464BB9F6
:10F08000FFF7E6FF431C07D0236801332360636862
:10F09000013B63606368187810BDC1E90223002357
:10F0A000C1E9003308617047F8B504460F461546BC
:10F0B0000DB92846F8BD2046FFF7DEFF0130F8D035
:10F0C00026686168AE4228BF2E4638463246F7F7BA
:10F0D0004BFA23689B1B23606368334463603744A7
:10F0E000AD1BE5E770B514468A68A24206460D4698
:10F0F0000FD21F2C05D9631C033303D9EDF7A6FCEF
:10F1000005E02024296823463046FFF746F92860A9
:10F11000AC60286870BD486818B1106000230868AA
:10F120004B60704738B50546044655F80C2B521B0A
:10F1300009D080682946FDF768FF636825600133C0
:10F140006360012038BD1046FCE710B508461C4638
:10F1500023B1BDE810401946E2F764BBE2F730FB8B
:10F16000204610BDF8B5876805464FF0FF31384698
:10F17000FDF7E0FE01240646E1433846FDF7DAFEDE
:10F180006B681A1B082A01DCB04203D20134A34287
:10F190000644F1DC21463846ECF738FB6B681B1B54
:10F1A00001336B60F8BD0EB433B505AB044653F8BC
:10F1B000045B01930121F0F7E1FD019A2946204605
:10F1C000FDF74DFF02212046ECF720FB2046FEF71D
:10F1D0008BF902B0BDE8304003B0704738B50D463A
:10F1E00011460446ECF798FA294602462046BDE847
:10F1F0003840F0F71FBE38B504460D46FDF724FE33
:10F2000030B9294620460322BDE83840FFF7E6BF63
:10F2100038BD70B5144605460E46ECF771FAA042AB
:10F2200006D0224631462846BDE87040FFF7D6BFDB
:10F2300070BD70B505460E46FDF756FE044620B972
:10F24000042231462846FFF7C9FF204670BDF8B5B5
:10F2500006460F4614461D46ECF752FA002807DC16
:10F2600025B120460CB1D0F7CBFF28602046F8BD71
:10F270002A4639463046BDE8F840FFF7DABF38B5D0
:10F280002DED028B04460D46FDF7F8FD08EE100A41
:10F29000B5EE408AF1EE10FA03D129462046FFF779
:10F2A000AAFF18EE100ABDEC028B38BD70B50546FA
:10F2B0000E46FDF7F5FD044618B931462846FFF71E
:10F2C0009AFF204670BD70B505460E461446ECF711
:10F2D00017FA002805DD31462846BDE87040FFF7E3
:10F2E000E5BF204670BD38B504461546FDF78CFFD6
:10F2F00098B129462046FDF7A0FE6FF00101204697
:10F30000FDF748FF4FF0FF312046ECF7F9F930B92F
:10F310006FF002012046FDF740FD002038BD204679
:10F320006FF00101FDF74FFD0120F7E742F20F7387
:10F3300070B51646CA189A4205460C4603D8FDF722
:10F3400027FD04440134324621462846FFF7CBFF0F
:10F35000064640B121462846FDF75CFD01221146D4
:10F360002846FEF760F8304670BD2DE9F8430746A1
:10F3700014469846FDF74EFD2E212046F8F778FFFB
:10F38000054618B92046D0F73BFF2518A5EB040920
:10F390004A4621463846FDF738FE6FF001013846EF
:10F3A000FDF7F8FE4FF0FF313846ECF7A9F90646B5
:10F3B00040BB6FF001013846FDF7EFFC2B782E2B98
:10F3C00014BF4246012231463846FDF705FF4A4642
:10F3D00021463846FDF719FE6FF001013846FDF76A
:10F3E00019FD6FF003013846FDF742FF2C466FF020
:10F3F00001013846FDF7E7FC14F8013B2E2BBBD08A
:10F4000000240BE04FF0FF313846ECF779F905287E
:10F41000ECD06FF002013846FDF7BFFC2046BDE896
:10F42000F8830023F0F76ABD10B50446FFF77AFEB3
:10F4300028B16368012B02DD2046FFF793FE04F13B
:10F440000C0010BDF8B504460D468E1800F20C47AE
:10F45000B54200D1F8BD2368BB4202D32046FFF776
:10F46000E3FF23685A1C226015F8012B1A70EFE79E
:10F4700010B50446FFF756FED4E90110ECF7C6F9C3
:10F480000123636010BD37B58568044601AA4FF0BB
:10F49000FF312846FDF728FD2346014653F80C0BA3
:10F4A000019AC31AC3F5806393420CD3F7F75CF853
:10F4B0002368019A134423606FF001012846FDF789
:10F4C0006CFC03B030BD2046FFF72CFE20B16FF07E
:10F4D00001012846FDF789FC63680133012B636055
:10F4E000EFDD2046FFF73EFEEBE701F10C030B607A
:10F4F000002388604B60704710B50446FDF748FC58
:10F5000001462046BDE81040EDF798B810B5044616
:10F51000FDF70BFE10B12046FDF75EFD012010BD8A
:10F5200010B5052204460121FFF773FE0221204693
:10F53000FDF733FC01212046FDF7DBFF20B9204613
:10F54000FDF74AFD012010BD0220FCE738B502217D
:10F550000446FFF7ABFE0546052220460135012192
:10F56000FFF757FE29462046FDF743FD2A46204671
:10F570000121FDF720FE4FF0FF312046ECF7C0F8E7
:10F58000003818BF0120400038BD10B505220446E0
:10F590000121FFF73EFE20460221F0F775FC2046D0
:10F5A0000321F0F771FC20460321FDF7F6FB20460E
:10F5B0000121FDF78AFE012010BD10B50522044689
:10F5C0000121FFF726FE20460221F0F75DFC2046D0
:10F5D0000221FDF7E2FB20460121FDF7DBFD0120C2
:10F5E00010BD10B501210446F0F74EFC2046FDF792
:10F5F000CFFB4FF0FF32811800232046ECF7CCF808
:10F60000B0FA80F149092046FDF77EFD2046012130
:10F61000FDF7EBFB2046BDE81040FDF7B9BB10B588
:10F6200002210446F0F730FC20460221FDF7B5FB2D
:10F6300020460121FDF7D9FB01234FF0FF320021C5
:10F640002046ECF7A9F8B0FA80F149092046FDF709
:10F650005BFD20460121ECF70BF82046BDE8104089
:10F66000FDF796BB38B5012202210446FFF72BFEB9
:10F67000012105462046FDF790FB01212046FDF7BC
:10F68000F4FB68B1002D0BDD29462046F0F776FB30
:10F6900001212046FDF7BEFB02212046ECF7B6F81B
:10F6A0002046BDE83840FDF71FBF10B501210446D4
:10F6B000F0F7EAFB01212046ECF722F8014620464C
:10F6C000ECF72AF801462046FDF7B7FC012010BDF3
:10F6D00010B501210446F0F7D7FB20460221F0F7D0
:10F6E000D3FB022201212046ECF722F801462046F6
:10F6F000FDF70AFD012010BD002370B501211A4657
:10F700000446FFF7A4FD06462046FDF741FB3146BF
:10F7100005462046F0F76CFC10B12046FDF7E4FEEC
:10F720004FF0FF3200212046FDF77DFE2046FDF719
:10F730002FFB401B70BD10B5002203210446FDF7CE
:10F740009AFE01462046FDF754FC012010BD10B57D
:10F7500081429AB00C4619D00846FDF78AFE20B1C6
:10F76000012818BF03201AB010BD014601AA204687
:10F77000ECF78AF8002807DC2046FDF709FB002893
:10F7800014BF01200320EEE70220ECE70020EAE7A7
:10F7900037B5012101AA0446FFF74BFD00230246BD
:10F7A000054602212046FFF752FD019A03462946ED
:10F7B0002046F0F7A5FC50B12046FDF70DFC204691
:10F7C0006FF00101FDF711FB022003B030BD0120F5
:10F7D000FBE7002310B501211A460446FFF737FD69
:10F7E00001462046F0F704FC48B12046FDF7F4FB43
:10F7F00020466FF00101FDF7F8FA022010BD01204C
:10F80000FCE710B501210446FFF739FD07EE900A29
:10F81000F0EEE77A204617EE901AFDF7E3FB0120A1
:10F8200010BD10B501210446FFF729FDFBF7D0FB01
:10F83000F4F748FDFBF71CFF01462046FDF7D2FB1D
:10F84000012010BD10B501210446FFF718FDFBF79C
:10F85000BFFBF4F7FBFBFBF70BFF01462046FDF770
:10F86000C1FB012010BD10B501210446FFF707FDC3
:10F87000FBF7AEFBF4F7AAF9FBF7FAFE01462046C8
:10F88000FDF7B0FB012010BD10B501210446FFF7C4
:10F89000F6FCFBF79DFBF3F7AFFBFBF7E9FE014638
:10F8A0002046FDF79FFB012010BD10B50121044645
:10F8B000FFF7E5FCFBF78CFBF4F754FCFBF7D8FEF5
:10F8C00001462046FDF78EFB012010BD08B5012141
:10F8D000FFF7ECFCD4F7B4FC002008BD70B52DEDAB
:10F8E000028B0446FDF754FA012106462046FFF735
:10F8F000C6FC08EE100A0225B54208DD18EE101A03
:10F900002046FDF76FFBBDEC028B012070BD294640
:10F910002046FFF7B4FC07EE900AB4EEE78AF1EE5A
:10F9200010FAC8BFB0EE678A0135E5E770B52DED76
:10F93000028B0446FDF72CFA012106462046FFF70C
:10F940009EFC08EE100A0225B54208DD18EE101ADA
:10F950002046FDF747FBBDEC028B012070BD294618
:10F960002046FFF78CFC07EE900AB4EEE78AF1EE32
:10F9700010FA48BFB0EE678A0135E5E710B50121FE
:10F980000446FFF77CFCFBF723FBD2F7E9FCFBF70F
:10F990006FFE01462046FDF725FB012010BDD0B5C6
:10F9A00001210446FFF76BFCFBF712FB06460F46EE
:10F9B00020460221FFF763FCFBF70AFB02460B46D9
:10F9C00030463946F3F7B2FBFBF752FE01462046BC
:10F9D000FDF708FB0120D0BDD3B501210446FFF798
:10F9E0004EFCFBF7F5FA6A46F3F74EFB06460F4668
:10F9F000DDE90001FBF73CFE01462046FDF7F2FA87
:10FA000039463046FBF734FE01462046FDF7EAFA58
:10FA1000022002B0D0BD10B501210446FFF72FFC33
:10FA2000FBF7D6FAF4F77CFCFBF722FE01462046F2
:10FA3000FDF7D8FA012010BD10B501210446FFF7EB
:10FA40001EFCFBF7C5FAF4F713F9FBF711FE0146AC
:10FA50002046FDF7C7FA012010BDD0B501210446AC
:10FA6000FFF70DFCFBF7B4FA06460F4620460221CD
:10FA7000FFF71CFC394602463046F4F7CFF8FBF797
:10FA8000F7FD01462046FDF7ADFA0120D0BD13B5C4
:10FA900001210446FFF7F3FBFBF79AFA01AAF4F7FA
:10FAA0003FFAFBF7E5FD01462046FDF79BFA2046AD
:10FAB0000199FDF79EFA022002B010BDD0B50121D8
:10FAC0000446FFF7DCFBFBF783FA06460F462046A9
:10FAD0000221FFF7D4FBFBF77BFA02460B463046C8
:10FAE0003946F3F791FBFBF7C3FD01462046FDF7CE
:10FAF00079FA0120D0BD10B501210446FFF7BFFB04
:10FB0000FBF766FAD1F710F8FBF7B2FD0146204685
:10FB1000FDF768FA012010BD10B501210446FFF77A
:10FB2000AEFBFBF755FAF4F7D9F8FBF7A1FD014658
:10FB30002046FDF757FA012010BD10B501210446FB
:10FB4000FFF79DFBFBF744FAD1F7B2FAFBF790FD04
:10FB500001462046FDF746FA012010BD10B50121EF
:10FB60000446FFF78CFBFBF733FAD0F761FFFBF796
:10FB70007FFD01462046FDF735FA012010BD10B586
:10FB800001210446FFF77BFBFBF722FAD2F734FD95
:10FB9000FBF76EFD01462046FDF724FA012010BD5B
:10FBA000D0B501210446FFF76AFBFBF711FA0646C0
:10FBB0000F4620460221FFF762FBFBF709FA0246D7
:10FBC0000B4630463946F3F75DFAFBF751FD014627
:10FBD0002046FDF707FA0120D0BD10B501210446EB
:10FBE000FFF74DFBFBF7F4F9F4F7CEFBFBF740FD15
:10FBF00001462046FDF7F6F9012010BD10B50121A0
:10FC00000446FFF73CFBFBF7E3F9F3F75DFFFBF777
:10FC10002FFD01462046FDF7E5F9012010BDF8B59E
:10FC200016464A785E2A04460B4622D10133002547
:10FC3000581CB04202D385F0010508E05A78997843
:10FC4000252A06D120469F1CF1F730F858B12846E6
:10FC5000F8BD2D2909D1DF1CB74206D2944202DB40
:10FC6000DB78A342F3DA3B46E2E79442EFD0074663
:10FC7000F9E70125DCE7F0B5ADF2144D01216A4644
:10FC80000746FFF7D6FA01AC0646214638466D46D0
:10FC9000FFF72BFC2B685A1E2A6033B92046FFF76A
:10FCA000E7FB01200DF2144DF0BD23680DF58262D3
:10FCB000934202D32046FFF7B7FB23682A68591CFA
:10FCC0002160B25C1A70E5E7F0B5ADF2144D6A46FA
:10FCD00001210546FFF7ADFA022106462846FFF747
:10FCE000E5FA01A9044628466F46FFF7FEFB002C03
:10FCF00006DC01A8FFF7BCFB01200DF2144DF0BD9E
:10FD00003A68314601A8FFF79DFB013CEFE708B5D3
:10FD10001846FFF797FB002008BD13B5044601AA5B
:10FD20000121FFF786FA20460199FDF762F90120CB
:10FD300002B010BD30B40B782E2B10D05B2B05D049
:10FD4000252B07D130BC4978F0F7B0BF30BC013A61
:10FD5000FFF765BF1B1A5842584130BC704701205D
:10FD6000FBE72DE9F047D0F804A007460E46914680
:10FD70001D460C46A24507D9A0462A4618F8010B95
:10FD80004946FFF7D7FF58B9A41B01352A46311958
:10FD90003846F1F7BFFA08B9013CF7D2BDE8F08761
:10FDA0004446E7E70021F1F7EDBD0121F1F7EABD97
:10FDB00038B5044615460A460121FDF7ADFA2A4634
:10FDC00020460121BDE83840FDF7A6BAF8B5052266
:10FDD00005460121FFF71DFA01212846FDF7AAF883
:10FDE0000221024606462846FFF76DFA041E1FDD73
:10FDF000A6421DDB224601212846FDF7DCF9B4426C
:10FE000009D12846FDF7E8F8284622460121FDF7EA
:10FE100083FA0120F8BD671C3A4601212846FDF708
:10FE2000CAF9224601212846FDF776FA3C46E6E764
:10FE30000020EFE710B5052204460121FFF7E9F99C
:10FE4000204606220221FFF7E4F92046FDF7C4F818
:10FE500001212046FDF74DFB00B910BD02212046CF
:10FE6000FCF7D8FF6FF002012046FCF7D3FF6FF0DC
:10FE700002012046FCF7CEFF022120460122FDF7B9
:10FE8000D2FA4FF0FF312046EBF73AFC28B96FF079
:10FE900002012046FCF781FFDAE70120DDE710B51B
:10FEA000052204460121FFF7B4F901212046FDF7A0
:10FEB00041F801462046FDF79CF8012010BD70B5C1
:10FEC000052204460121FFF7A4F901212046FDF790
:10FED00031F80622064602212046FFF79AF901254D
:10FEE000B54201DD002070BD02212046FCF792FFE3
:10FEF00029462046FDF77DF82A4601212046FDF7D8
:10FF00005AF9022120460122FDF78DFA4FF0FF3108
:10FF10002046EBF7F5FB30B96FF001012046FCF706
:10FF20003CFF0135DCE70120DDE770B50D4602211D
:10FF300004461646EBF7E4FB30B932462946204624
:10FF4000BDE87040EBF70EBC20460221FCF762FFD3
:10FF5000691E2046FCF75EFFB11E2046FCF75AFFE3
:10FF6000012220460221FDF75EFA4FF0FF312046C4
:10FF7000FCF7ABFF6FF0010105462046FCF70DFFD3
:10FF8000284670BD0378052B07D1C368013304D11F
:10FF90000069431C58425841704700207047CB0508
:10FFA00007D490F832308B42DEBF436A03F1FF334F
:10FFB000436270470B780C2B02D14968FFF7EFBF03
:10FFC000704710B51446F2F7A5F8036803F03F0236
:10FFD0001B2A17D1FF2C4FEAD35206D0944204D0EB
:10FFE00064F38D130360012010BD23F07F4323F4DD
:10FFF000000323F47F5323F03F0343EA821343F0CB
:020000023000CC
:100000001A03EFE70020EFE708B50068F2F782F87F
:10001000036803F47F52B2FA82F2520923F47F5349
:1000200043EA8213036008BDC36853F82100800BC4
:100030006FF4FF73A0F5FF301844421C1CBF013160
:10004000401870472DE9F84305460C4616461F46F2
:10005000631C01D1BDE8F883D5F8009021464846DD
:10006000FFF7E2FF3A46804621464846FFF7A9FFE0
:1000700028B132462846F1F7D5FF4446E8E7089A0A
:10008000F8E738B504464B1C00D138BD2568FF227F
:100090002846FFF796FF2846FFF7C6FF0146F2E71E
:1000A00038B504464B1C01D1002038BD25682846D0
:1000B000F2F730F8036803F03F031B2B04D1284606
:1000C000FFF7B2FF0146EDE70120EEE70346806946
:1000D000D8617047F8B50546501C144603D008682F
:1000E000421C01D10C60F8BD2F6801460646384617
:1000F000FFF79AFF431CF8D1224631462846BDE857
:10010000F840F1F78FBF0A468169C16100F1200113
:10011000FFF7E0BF13B58469944204D102B0BDE893
:100120001040FFF7F0BF0092FF23FFF78BFF02B0F4
:1001300010BD38B504460D46F2F73EF8636A2B440D
:10014000636238BD07B5042300916A46694601938E
:10015000F1F788FF03B05DF804FB07B503230091B6
:100160006A4669460193F1F77DFF03B05DF804FB31
:1001700070B40C780D2C0BD103684868D96851F81D
:100180002030013262F3963341F8203070BC704762
:100190000E2CFBD104684E68E56855F82640013204
:1001A000C4F3160444EAC25445F826404A68416A3A
:1001B00055F8223061F38D1345F82230012170BCCF
:1001C000FFF7B7BF0B780D2B0AD10C230B70036818
:1001D0004A68DB6853F82230C3F387134B607047DB
:1001E0000E2B0CD103684868DA6852F82030C3F34C
:1001F000160343F0807342F820300B230B707047D6
:100200008369026803F180435269013B42F823107D
:10021000704730B41446029AC568920342EAC3524A
:10022000114341EA8411AA6830BCF1F785BFF7B5E4
:10023000D0E90634A34224DD2BB990F832308B424A
:100240001FDC03B0F0BD046803F18043E568013BA7
:1002500055F8234004F03F06032E12D1C4F387164D
:100260008E420EDCE60D771C8F420ADB0A44013A0F
:100270009642E6DAC4F3160444EAC25445F8234031
:10028000DFE78B1800220092013B0A460321FFF7AB
:10029000C0FFD6E707B500230093531C0A461E2172
:1002A000FFF7B7FF03B05DF804FB10B4C46841EA80
:1002B000821141EA8331A2685DF8044BF1F73CBF3B
:1002C00013B50B78063B0C46082B08D8DFE803F083
:1002D000050910180707072424000C23237002B017
:1002E00010BD002200924B680421FFF792FF04E04A
:1002F0004B6800220521FFF7D8FF60600B23EDE774
:100300008A681146FFF74BFE6168FFF748FE0092CE
:100310000B4600220621E8E702B0BDE81040FFF7D7
:1003200051BF73B50D4614460646FFF7C9FF2B783B
:100330005A1E0B2A0FD8DFE802F00610101B220EFF
:100340000E0E0E0E2832012221463046FFF76FFFB7
:100350000C236C602B7002B070BD002200929A1EBC
:1003600053425341022122463046FFF752FFEFE746
:100370006B68224601213046FFF797FFE8E769687E
:100380003046FFF7EAFE0346F3E733686968DA6848
:1003900052F8213064F38D1342F82130D8E76B68AE
:1003A000A342D5D0002100912246DDE72DE9F74395
:1003B0000D4604461646FFF7B4FF2B780A2B05D1ED
:1003C0006A6805F10C012046FFF784FED5E90317A2
:1003D000B9423DD02046FFF763FE28B93946204692
:1003E000FFF75EFE002840D02B780A2B3AD020463B
:1003F000F1F7F8FE8146A369E36101270097002326
:10040000324602212046FFF704FFA369E36100237F
:10041000009302213B46804632462046FFF7F9FE14
:10042000494607462046FFF76EFED4F81890C4F8F8
:100430001C90CDF80080296933464A462046FFF7D4
:1004400001FE0097E96833464A462046FFF7FAFD69
:100450004FF0FF33C5E903330C236E602B7003B0FC
:10046000BDE8F0834FF0FF39C5E74FF0FF37B846DE
:10047000DBE738B504460D46FFF722FF2046294644
:10048000FFF798FD0121FFF754FE626A29462046D6
:10049000013ABDE83840FFF789BF38B50C4605463C
:1004A000FFF70EFF23780C2B0FD1D4E903139942E9
:1004B000626808D095F83230934206DC214628461F
:1004C000FFF774FF6268104638BD21462846FFF7E3
:1004D000D0FFF7E7D1E903239A4201D0FFF7DDBF50
:1004E000FFF7EEBE30B50D4685B00446FFF7F2FFCC
:1004F0002B78042B33D013D85A1E022A12D8A26AA2
:10050000FF2A0FDC012B14D10023039363680093AF
:100510000523019302AA69462046F1F7A3FD0EE0E8
:10052000052BECD02946204605B0BDE83040FFF74A
:10053000B4BF052B0AD169682046FFF70EFE0423DD
:1005400068602B7040F4807005B030BD9A1E534235
:100550005341029302AA012303931146DCE7686822
:10056000FF28DFDCEEE710B50C461146FFF7BAFFB7
:1005700009232370A06010BD2DE9F7438846194672
:1005800016461C46DDF828900546FFF7ABFF4946A6
:1005900007462846FFF7A6FF494602462846FFF7CA
:1005A00009FD2146FFF706FD36B9B8F1170F1FBF49
:1005B0003B46012617461A463B46009241463246C4
:1005C0002846FFF726FE2846F1F70CFE0A23606056
:1005D000237003B0BDE8F0832DE9F34105461446CE
:1005E0001E460E2917D8DFE801F0575A5D60636692
:1005F000277169757A7F830819003146FFF760FE1D
:100600002269284606F110013546FFF763FD0FCD3C
:100610000FC43369236002B0BDE8F0813146FFF7B3
:100620004FFEE268284606F10C013546FFF752FD01
:100630000FCD0FC42B68EDE73146FFF74BFF96F85F
:100640000080B8F10B0F1AD12B687768DA6852F87E
:10065000273003F03F03152B11D121462846FFF721
:10066000A9FC52F827306168C3F3160343EAC1536B
:1006700042F8273084F8008073686360CBE7314626
:100680002846FFF7F6FE334622461521284602B0DB
:10069000BDE8F041F1F7BCBD33460C21F6E7334627
:1006A0000D21F3E733460E21F0E733460F21EDE746
:1006B00033461021EAE733461121E7E71346009657
:1006C000012217212846FFF757FFA4E7134600969B
:1006D0000022F6E71346009601221821F2E713469E
:1006E000009601221921EDE7134600960022F4E757
:1006F000134600960022F5E72DE9F34104460D4626
:100700001646FFF7CAFE20462946FFF753FC022192
:10071000676AFFF70EFD31462046D5F80480FFF7E3
:10072000E1FE434600903A460B212046FFF771FD5B
:1007300031462046FFF73EFC0C236F602B7002B061
:10074000BDE8F08130B54FF0FF3389B0CDE9063315
:1007500005238DF80C3001294FF00003054614469F
:10076000049312D002294FD069B91046FFF70AFC52
:1007700018B911462846FFF790FE03AB2246122116
:100780002846F1F745FD09B030BD1146FFF798FD49
:1007900023785A1E0B2A10D8DFE802F00609060952
:1007A000090F0F0F0F0B1D1D0223237005E00323FC
:1007B000FBE761682846FFF727FCD4E903132846C6
:1007C000C4E90331FFF75DFCE168284609B0BDE8E4
:1007D0003040FFF756BC0C2B09D001212846FFF70B
:1007E000A8FC6A6A2146013A2846FFF79AFD21468D
:1007F00028460022FFF7DEFB009263681321FFF713
:1008000008FD0B236060D0E71146FFF746FE03ABFF
:1008100022461421B4E773B50B780B2B04460D4622
:10082000164619D103684A68DB6853F8222002F0A3
:100830003F03132B12D1836986F00106013B8361CC
:10084000D20D009600231A21FFF7E3FC204602B0E8
:10085000BDE87040F1F7C6BC0C2B09D00121204641
:10086000FFF767FC626A2946013A2046FFF759FD07
:1008700029462046FFF79EFB00966B68FF221B214E
:10088000E2E738B50C460546FFF71AFD2378052B3D
:100890000AD8032B1CD8022B1AD000222146284646
:1008A000FFF7B9FF024606E00A2BF6D16168284639
:1008B000FFF7AAFB626804F110012846FFF70AFC63
:1008C000E1682846FFF71FFC4FF0FF33E36038BDB7
:1008D0004FF0FF32EFE738B5054614460E293AD8F7
:1008E000DFE801F03434343434342F3939393939CC
:1008F00039080D00BDE838401146FFF7C2BF114668
:10090000FFF7DEFC2378032B03D00A2B04D0012B46
:1009100010D14FF0FF3200E0626804F10C0128466C
:10092000FFF7D8FB21692846FFF7EDFB4FF0FF33B7
:10093000236138BD012221462846FFF76CFF02469D
:10094000EBE7BDE838401146FFF793BD1046FFF7CF
:1009500019FB0028EDD121462846BDE83840FFF7B5
:10096000C1BD73B50B78063B04460E461546032BF6
:1009700022D8DFE803F0020C18282946FFF71AFBFB
:100980007268294602B0BDE87040FFF70FBD2946E6
:10099000FFF783FD00230093736802460821204679
:1009A000FFF737FC08E02946FFF777FD736802463A
:1009B00007212046FFF779FC2946204602B0BDE812
:1009C0007040FFF7F7BA2946FFF78CFD0090D6E993
:1009D00001230921E3E773B5541E322294FBF2F49C
:1009E0005A1C04F1010408BF0023B4F5007F064639
:1009F0000D4608DA0A4600942221FFF70AFC013569
:100A0000756202B070BD002200920A462221FFF7F3
:100A100000FCF36821469A683046F1F78DFBEEE75B
:100A200010B5D0E900432344A34200D110BD13F810
:100A3000010C884208BF03F8012C013BF4E770B5B4
:100A4000056804462946F1F7FBFC606A03685A1EF4
:100A500002606BB143685A1C4260187800263D283A
:100A6000206008D0281A18BF4FF0FF30704070BDCA
:100A7000FEF7EEFAF2E701462046F1F7E1FC606A84
:100A800003685A1E02602BB143685A1C42601878F2
:100A90000136E4E7FEF7DCFAFAE738B50446084623
:100AA00025682946F7F7E4FB70B120462946F1F79F
:100AB000C7FC606A03685A1E026033B143685A1C5F
:100AC000426018782060012038BDFEF7C1FAF9E7CE
:100AD000C268F1F781BC70B5056A06462846FDF785
:100AE0008DFFF3690246596804462846EDF720FF5A
:100AF000436853B90123C0E900332B69D3E91032AD
:100B00009A4202D32846EBF775FF204670BD38B5F0
:100B10000C462E21A56A6262002284F83010E26140
:100B200040F21F110122C4E901226161AA68E36257
:100B3000296820622023FDF730FCA36A2860606AE0
:100B400020229A6003685A1E02602BB143685A1C27
:100B500042601878206038BDFEF77AFAFAE74368F9
:100B6000426910B5836040F21F139A42044607D0D1
:100B700000F10C02D0E9050182E80300636110BDB9
:100B800000F11001F1F7CAFDE060F8E710B500F1DF
:100B900018010446F1F7C2FD606110BD0B46014625
:100BA0001846F8F75BB9E0F70BBE012838BF012003
:100BB00010B504462046E0F7C5FD00B110BDF2F7C0
:100BC00013FA08B9F7F7DAF98047F3E7F8B500BF89
:100BD000F8BC08BC9E467047F8B500BFF8BC08BC1E
:100BE0009E467047000000000030004003000000F7
:100BF0000F00000000400040040000000F00000053
:100C000000300240230000000C00000000200040E3
:100C1000020000001000000000F002402F00000061
:100C200004000000008002402800000010000000C6
:100C300002000000030000000400000006000000A5
:100C400000000040FB21F93F000000002D44743EED
:100C5000000000809846F83C0000006051CC783BD2
:100C600000000080831BF0390000004020257A3806
:100C7000000000802282E336000000001DF3693589
:100C8000000000000000F03F59F3F8C21F6EA501FC
:100C90000000E0FE422EE63F0000E0FE422EE6BFEE
:100CA000763C7935EF39EA3D763C7935EF39EABD66
:100CB000000000000000E03F000000000000E0BF76
:100CC000000000000000F03F0000000000000040B5
:100CD00059F3F8C21F6EA501182D4454FB21E9BF3A
:100CE000D221337F7CD90240D221337F7CD902C00C
:100CF0000000000000000080182D4454FB21094032
:100D0000182D4454FB2109C0000000000000000021
:100D100000000000000000804FBB610567ACDD3FB4
:100D2000182D4454FB21E93F9BF681D20B73EF3F12
:100D3000182D4454FB21F93FE2652F227F2B7A3C8A
:100D4000075C143326A6813CBDCBF07A8807703C43
:100D5000075C143326A6913C35000000CEFBFFFF54
:100D6000CB03000001000000000000003400000080
:100D7000CEFBFFFFCB0300000100000000000000DD
:100D8000BC89D897B2D29C3C33A7A8D523F6493961
:100D90003DA7F444FD0FA5329D978CCF08BA5B2583
:100DA000436FAC64280668110500000019000000BC
:100DB0007D00000000000000000000000000F03F87
:100DC0000000000000002440000000000000594026
:100DD0000000000000408F40000000000088C34079
:100DE00000000000006AF8400000000080842E41EE
:100DF00000000000D01263410000000084D797413A
:100E00000000000065CDCD41000000205FA002423F
:100E1000000000E876483742000000A2941A6D42B4
:100E2000000040E59C30A2420000901EC4BCD642A7
:100E300000003426F56B0C430080E03779C3414352
:100E400000A0D8855734764300C84E676DC1AB43C8
:100E5000003D9160E458E143408CB5781DAF1544E6
:100E600050EFE2D6E41A4B4492D54D06CFF08044C1
:100E7000F64AE1C7022DB544B49DD9794378EA44D6
:100E8000BC89D897B2D29C3C33A7A8D523F6493960
:100E90003DA7F444FD0FA5329D978CCF08BA5B2582
:100EA000436FAC642806C80A0080E03779C3414329
:100EB000176E05B5B5B89346F5F93FE9034F384DC0
:100EC000321D30F94877825A3CBF737FDD4F15756C
:100ED000524A20706F7274203120746F20340000E9
:100EE0006932632072656164206572726F720000FE
:100EF000256C75005F4C4F41444544006E616D6543
:100F000020636F6E666C69637420666F72206D6F0C
:100F100064756C6520272573270000006D69637276
:100F20006F626974000000005F5F696E646578003D
:100F30006D6F64756C652027257327206E6F742094
:100F4000666F756E640000005F4E414D4500000005
:100F50005F4D00005F5041434B414745000000009A
:100F6000276D6F64756C6527206E6F742063616CEC
:100F70006C65642066726F6D2061204C756120661F
:100F8000756E6374696F6E006600000069326320DD
:100F90007772697465206572726F72006120626F8A
:100FA000617264206E616D65206973206669766583
:100FB000206C657474657273000000007769647456
:100FC00068000000686569676874000064617461A6
:100FD00000000000696D616765206572726F7200C4
:100FE0006C6F6164656400007061636B61676500CC
:100FF0006D6F64756C65000072657175697265006E
:101000006F7574206F662072616E67650000000066
:101010006D6963726F6269742E646973706C617953
:10102000000000006D6963726F6269742E61636312
:10103000656C65726F6D6574657200006D696372D1
:101040006F6269742E636F6D7061737300000000CE
:101050006D6963726F6269742E617564696F0000F7
:101060006D6963726F6269742E696F006D69637276
:101070006F6269742E73657269616C006D69637269
:101080006F6269742E693263000000006D696372DB
:101090006F6269742E726164696F00007470626FB0
:1010A00074000000706C616E657478007470626F1B
:1010B000743200006E657A68613200006D6F746F83
:1010C000725F7475726E00006D6F746F725F676F20
:1010D000746F00006D6F746F725F7265736574007A
:1010E0006D6F746F725F7370696E00006D6F746FF7
:1010F000725F706F736974696F6E00006D6F746FEB
:10110000725F7370656564005455524E5300000061
:1011100044454752454553005345434F4E445300C1
:1011200053484F525445535441524300434C4F434C
:101130004B57495345000000434F554E54455243C9
:101140004C4F434B57495345000000007365745F93
:101150006361725F6C696768740000007365745F37
:101160006D6F746F72735F7370656564000000006B
:1011700072756E5F64697374616E63650000000070
:101180007475726E000000006765745F6469737443
:10119000616E63650000000072656164000000001C
:1011A00077726974650000007365745472616E73C0
:1011B0006D6974506F776572000000007365744646
:1011C00072657175656E637942616E64000000003E
:1011D000656E61626C65000064697361626C6500D4
:1011E00073657447726F757000000000646174610C
:1011F000526561647900000072656376000000004A
:1012000073656E6400000000636F6E6E656374004A
:101210006C697374656E0000747800007278000069
:10122000616E7377657265640000000068656164D3
:10123000696E67006765744669656C6453747265AE
:101240006E6774680000000063616C6962726174AB
:101250006500000073657443616C69627261746952
:101260006F6E000067657443616C696272617469D6
:101270006F6E0000697343616C69627261746564CA
:1012800000000000697343616C6962726174696E89
:1012900067000000636C65617243616C6962726132
:1012A00074696F6E00000000636F6E666967757227
:1012B00065000000736574506572696F640000001A
:1012C000676574506572696F6400000072657175BE
:1012D00065737455706461746500000075706461B5
:1012E0007465000067657453616D706C6500000083
:1012F0006765744469676974616C50696E000000C9
:101300006E656F706978656C5F73656E6400000070
:1013100073656E644173796E6300000067657442A3
:1013200079746500676574427974654173796E6399
:10133000000000006765744368617200676574436C
:101340006861724173796E630000000072656164C8
:101350004173796E6300000072656164556E746953
:101360006C000000736574426175640072656469A5
:1013700072656374000000006576656E7441667482
:10138000657200006576656E7441667465724173BE
:10139000796E63006576656E744F6E006576656E76
:1013A000744F6E4173796E6300000000697352657B
:1013B000616461626C65000069735772697465618C
:1013C000626C650073657452784275666665725327
:1013D000697A650073657454784275666665725300
:1013E000697A6500676574527842756666657253FE
:1013F000697A6500676574547842756666657253EC
:10140000697A6500636C65617252784275666665DB
:1014100072000000636C656172547842756666659F
:101420007200000072784275666665726564536981
:101430007A65000074784275666665726564536902
:101440007A6500007278496E557365007478496E4C
:10145000557365007365744469676974616C56619E
:101460006C7565006765744469676974616C566181
:101470006C756500736574416E616C6F6756616C65
:1014800075650000736574536572766F56616C758F
:1014900065000000676574416E616C6F6756616C32
:1014A000756500006973496E7075740069734F75D6
:1014B0007470757400000000697344696769746131
:1014C0006C0000006973416E616C6F670000000082
:1014D0006973546F756368656400000073657453C5
:1014E0006572766F50756C736555730073657441E2
:1014F0006E616C6F67506572696F640073657441EB
:101500006E616C6F67506572696F6455730000009F
:10151000676574416E616C6F67506572696F645581
:1015200073000000676574416E616C6F675065728F
:10153000696F640073657450756C6C5570000000C1
:1015400073657450756C6C446F776E00736574507E
:10155000756C6C4E6F6E6500647261696E50696E79
:101560000000000070756C736555730067657450FA
:10157000756C7365557300006576656E744F6E45C6
:10158000646765006576656E744F6E50756C736543
:10159000000000006576656E744F6E546F75636869
:1015A000000000006576656E744E6F6E6500000089
:1015B0006973416374697665000000007365745057
:1015C0006F6C617269747900676574506F6C6172D9
:1015D000697479007365744163746976654869005C
:1015E0007365744163746976654C6F0064697363F5
:1015F0006F6E6E656374000067657450696E0000FD
:10160000676574417564696F50696E0073657456DF
:101610006F6C756D65000000676574566F6C756D55
:1016200065000000657870726573730073657452AD
:10163000616E67650000000067657452616E6765E2
:10164000000000006765744765737475726500007B
:1016500067657457696474680000000067657448C2
:101660006569676874000000736574427269676831
:10167000746E657373000000676574427269676811
:10168000746E65737300000073637265656E5368F2
:101690006F740000736574446973706C61794D6F89
:1016A00064650000676574446973706C61794D6F9F
:1016B00064650000636C65617200000072656164BE
:1016C0004C696768744C6576656C0000736574538B
:1016D0006C6565700000000073746F70416E696D19
:1016E0006174696F6E0000007072696E7441737985
:1016F0006E6300007072696E740000007363726F35
:101700006C6C4173796E63007363726F6C6C000074
:10171000616E696D6174654173796E6300000000EC
:10172000616E696D61746500736574506978656C8C
:1017300056616C7565000000676574506978656C6A
:1017400056616C7565000000726573657400000079
:10175000736C6565700000007365656452616E644A
:101760006F6D000072616E646F6D00007379737449
:10177000656D54696D65000073657269616C4E75C5
:101780006D62657200000000667269656E646C7956
:101790004E616D650000000076657273696F6E00C2
:1017A000737461636B557361676500007374616383
:1017B0006B526573657400006576656E7473447270
:1017C0006F707065640000006576656E7446616CCC
:1017D0006C6261636B0000004D4943524F424954B3
:1017E0005F49445F4C4F474F000000004445564955
:1017F00043455F49445F425554544F4E5F4100009A
:101800004445564943455F49445F425554544F4E01
:101810005F4200004445564943455F49445F425595
:1018200054544F4E5F4142004445564943455F4939
:10183000445F53455249414C00000000444556491D
:1018400043455F49445F414343454C45524F4D45F5
:10185000544552004445564943455F49445F434F10
:101860004D504153530000004445564943455F499C
:10187000445F47455354555245000000444556497E
:1018800043455F49445F524144494F0044455649EE
:1018900043455F49445F524144494F5F444154418D
:1018A0005F52454144590000414343454C45524F26
:1018B0004D455445525F4556545F444154415F5530
:1018C0005044415445000000414343454C45524F6C
:1018D0004D455445525F4556545F54494C545F55ED
:1018E00050000000414343454C45524F4D4554453F
:1018F000525F4556545F54494C545F444F574E0015
:10190000414343454C45524F4D455445525F455622
:10191000545F54494C545F4C454654004143434541
:101920004C45524F4D455445525F4556545F5449BE
:101930004C545F524947485400000000414343451E
:101940004C45524F4D455445525F4556545F4641B4
:1019500043455F5550000000414343454C45524FBD
:101960004D455445525F4556545F464143455F449B
:101970004F574E00414343454C45524F4D4554450A
:10198000525F4556545F4652454546414C4C000017
:10199000414343454C45524F4D455445525F455692
:1019A000545F334700000000414343454C45524FCC
:1019B0004D455445525F4556545F36470000000080
:1019C000414343454C45524F4D455445525F455662
:1019D000545F384700000000414343454C45524F97
:1019E0004D455445525F4556545F5348414B450061
:1019F000434F4D504153535F4556545F444154410A
:101A00005F55504441544500434F4D504153535F3F
:101A10004556545F434F4E4649475F4E4545444502
:101A200044000000434F4D504153535F4556545FAF
:101A300043414C494252415445000000434F4D50F0
:101A40004153535F4556545F43414C4942524154C0
:101A5000494F4E5F4E454544454400004445564974
:101A600043455F425554544F4E5F4556545F444F73
:101A7000574E00004445564943455F425554544F24
:101A80004E5F4556545F555000000000444556498E
:101A900043455F425554544F4E5F4556545F434C47
:101AA00049434B004445564943455F425554544FC2
:101AB0004E5F4556545F4C4F4E475F434C49434B36
:101AC000000000004445564943455F425554544F79
:101AD0004E5F4556545F484F4C44000044455649BC
:101AE00043455F425554544F4E5F4556545F444FF3
:101AF00055424C455F434C49434B00004D494352CE
:101B00004F4249545F524144494F5F4556545F44E8
:101B10004154414752414D00434F44414C5F53456E
:101B20005249414C5F4556545F484541445F4D41E1
:101B3000544348004C75612070616E696300000079
:101B40004C75614D65746120626C6F636B207072BF
:101B50006F626C656D2C2061626F7274696E6700D4
:101B6000656D62656464656400000000436F6D70BC
:101B7000696C65206572726F723A20006F6E5F65E6
:101B800076656E74000000005F5F63616C6C00003E
:101B90004C7561206572726F7221000027746F733B
:101BA0007472696E6727206D757374207265747521
:101BB000726E206120737472696E6720746F2027C3
:101BC0007072696E742700000D0A0000746F7374E0
:101BD00072696E670000000062616420617267755F
:101BE0006D656E7420233120746F20273F272028D5
:101BF0006E756D6265722065787065637465642CBE
:101C000020676F7420257329000000006261642042
:101C1000617267756D656E7420233120746F2027A3
:101C20003F272028696E76616C69642076616C7547
:101C30006529000062616420617267756D656E746C
:101C400020233120746F20276162732720286E754E
:101C50006D6265722065787065637465642C2067B9
:101C60006F74202573290000617474656D70742091
:101C7000746F20636F6D7061726520737472696E2A
:101C8000672077697468206E756D62657200000068
:101C90005450426F7420436C617373696300000099
:101CA0005450426F7420456475000000636F6E6E7F
:101CB0006563746564000000726F626F74000000F9
:101CC000617474656D707420746F2063616C6C2036
:101CD0006669656C64202725732720286120257399
:101CE0002076616C75652900617474656D7074206F
:101CF000746F20696E64657820676C6F62616C2018
:101D0000277470626F742720286120257320766104
:101D10006C75652900000000617474656D70742035
:101D2000746F20706572666F726D2061726974687D
:101D30006D65746963206F6E206120257320766164
:101D40006C756500726F626F745F6D6F7665206E83
:101D50006565647320686F77206D616E79207365A7
:101D6000636F6E647320746F2064726976652C20D3
:101D700066726F6D203020746F20333630302C2027
:101D80007375636820617320726F626F745F6D6F2B
:101D900076652835302C2035302C2031292E000056
:101DA000726F626F745F696E666F0000726F626F50
:101DB000745F6D6F76650000737472616967687433
:101DC00000000000756E6B6E6F776E0055424954CF
:101DD0005F4C4F475F46535F565F3030320A00001A
:101DE000676967676C6500003031303233303938ED
:101DF00038303139303038343430303434303038B1
:101E000038383130323330303136303130303333AE
:101E100030303234303030303030303030303030BC
:101E200030303030303030303030303030303030B2
:101E30002C3131303233323537303038373431317C
:101E40003434303034343030383838303335323060
:101E5000303539303130303333303030313030306C
:101E60003030303030303030303030303030313071
:101E70003030303030303030302C3331303233325B
:101E80003732393032313130353434303238383914
:101E90003038383830303931303036333030303017
:101EA0003030303032343037303030323030303023
:101EB000303030303030303033303030303030301F
:101EC00030302C33313032333237323930313032F6
:101ED00030353434303238383930383838303039B9
:101EE00031303036333030303030303030323430E2
:101EF00037303030323030303030303030303030D9
:101F000030333030303030303030302C33313032CC
:101F1000333237323930313134303534343032388D
:101F20003839303838383030393130303633303075
:101F30003030303030303234303730303032303092
:101F4000303030303030303030303330303030308E
:101F5000303030300000000068617070790000009F
:101F6000303130323331393932303636393131343B
:101F70003430303434303038383830323632303033
:101F80003238303030303138303030323035303037
:101F90003030303030303030303030303031303040
:101FA00030303030303030302C303032333232312B
:101FB00032393032393530383434303234303430EC
:101FC00038383830303030303030343030303232F1
:101FD00034303031313030303030303030303030FB
:101FE00030303030303030373530303030303030E5
:101FF000302C3030303030323132393032393530C7
:102000003934343032343034303838383031343593
:1020100030303034303030323234303031313030B2
:1020200030303030303030303030303030303030B0
:1020300037353030303030303030000068656C6C0F
:102040006F000000333130323330363733303139BE
:102050003730323434303131383730383838313045
:10206000323330313238303030303030303032345A
:102070003030303030303030303030303030303060
:102080003030303030303030303030302C33303051
:102090003030313036343030313630323434303024
:1020A00039383130383838303030303031323830FB
:1020B000303030303130303034303030303030301B
:1020C0003030303030303030303030303030303010
:1020D00030303030302C33313032333130363430F0
:1020E00032393330323434303039383130383838AE
:1020F00031303233303132383030303030313030CE
:1021000030343030303030303030303030303030CB
:10211000303030303030303030303030303000001F
:102120006D7973746572696F757300003430303087
:10213000303233393030333331303034343032347C
:10214000303430383838303437373030303430305D
:102150003032323430303131303430303030303071
:102160003030303030303030303038303030303067
:10217000303030302C343035353132383435333836
:102180003530303034343030343430303838383022
:10219000303030303132383033303130353030312A
:1021A0003630303030303030303030303030303029
:1021B0003030383530303035303030313500000097
:1021C000736164003331303233323232363037307B
:1021D00038303134343031363234303838383130C8
:1021E00032333031323830303030303130303234D8
:1021F00030303030303030303030303030303030DF
:102200003030303030303030303030302C333130CE
:102210003233313632333039333630323434303091
:102220003933393038383830303030303132383076
:102230003030303031303032343030303030303097
:10224000303030303030303030303030303030308E
:102250003030303030000000736C6964650000007D
:10226000313035323032333235303232333032344D
:102270003430323430343038383831303233303131
:10228000323830313032303030303131303430303B
:10229000303030303030303030303030303130303D
:1022A00030303030303030302C3031303233323525
:1022B0003230303931303032343430303434303000
:1022C00038383831303233303132383031303232E0
:1022D00034303031313034303030303030303030F4
:1022E00030303030303031303030303030303030ED
:1022F00030000000736F6172696E670032313032F6
:102300003334303039353330393035343430353991
:102310003939303838383130323330303232303287
:1023200030303034303030323032353030303030A0
:10233000303030303030303030323030303030309B
:10234000303030302C34303232333337323732376A
:10235000333031343434303034343030383838304D
:10236000303030303033313031303234343030305E
:10237000333030303030303030303030303030305A
:1023800030303030303030303030303030000000DD
:10239000737072696E670000333036353930303310
:1023A00037313136333132343430303538373038F4
:1023B00038383038303730303334303030303030F7
:1023C0003030323430303030303030303030303007
:1023D00030303030303530303030303030303030F8
:1023E0002C303130323330303337313136333133D2
:1023F00034343030353837303838383130323330A3
:1024000030333130303030303030303234303030C2
:1024100030303030303030303030303030303530B7
:102420003030303030303030300000007477696E3A
:102430006B6C650030313031383030303736373200
:102440003230393434303037353630383838303847
:102450003535303132383030303030303030323461
:10246000303030303030303030303030303030306C
:10247000303030303030303030303030000000001C
:102480007961776E000000003230303030323238FF
:10249000313133333230323434303135303030381A
:1024A0003838313032333031323830313032343103
:1024B000303032343034303030333030303030300F
:1024C000303030303031303030303030303030300B
:1024D0002C303035333132353230303931303032E2
:1024E00034343030343430303838383036333630B5
:1024F00031323830313032323430303131303330C3
:1025000030303030303030303030303030303130CA
:102510003030303030303030302C303038323230B3
:102520003738343031393030383434303034343076
:10253000303838383036383130303136303030306D
:10254000353530303234303030303030303030307B
:102550003030303030303030353030303030303076
:1025600030302C303034373930373834303139303E
:102570003038343430303434303038383830323920
:102580003830303136303030303030303032343036
:10259000303030303030303030303030303030303B
:1025A00030353030303030303030302C3030333225
:1025B00031303738343031393030383434303034E9
:1025C00034303038383830313038303031363030DF
:1025D00030303333303030383030303030303030ED
:1025E00030303030303030303030353030303030E6
:1025F0003030303000000000636F6D7061737343E2
:10260000616C0000302C3235352C302C3235352CB5
:10261000300A302C3235352C302C3235352C300AFE
:10262000302C302C302C302C300A3235352C302CDC
:10263000302C302C3235350A302C3235352C3235B1
:10264000352C3235352C300A0000000054494C54EA
:1026500020544F2046494C4C2053435245454E2070
:10266000000000005245454E54206D616C6C6F6354
:102670002073756363656564656400002E2E2F2EDC
:102680002E2F2E2E2F2E2E2F2E2E2F2E2E2F6E65EE
:10269000776C69622F6C6962632F7374646C696212
:1026A0002F72616E642E63002C2066756E637469F0
:1026B0006F6E3A2000000000617373657274696F79
:1026C0006E2022257322206661696C65643A20665B
:1026D000696C6520222573222C206C696E6520258B
:1026E00064257325730A00002E0000006E6600004A
:1026F000696E697479000000616E000042616C6C63
:102700006F63207375636365656465640000000032
:102710002E2E2F2E2E2F2E2E2F2E2E2F2E2E2F2ED4
:102720002E2F6E65776C69622F6C6962632F7374EC
:10273000646C69622F6764746F612D676574686586
:10274000782E6300232D302B20000000686C4C0095
:10275000656667454647000053756363657373009C
:102760004E6F74206F776E65720000004E6F20739D
:102770007563682066696C65206F72206469726594
:1027800063746F72790000004E6F20737563682068
:1027900070726F6365737300496E746572727570E1
:1027A0007465642073797374656D2063616C6C006B
:1027B000492F4F206572726F720000004E6F2073B8
:1027C00075636820646576696365206F7220616453
:1027D0006472657373000000417267206C697374E2
:1027E00020746F6F206C6F6E670000004578656322
:1027F00020666F726D6174206572726F72000000E6
:10280000536F636B657420616C72656164792063DA
:102810006F6E6E6563746564000000004261642041
:1028200066696C65206E756D626572004E6F20631F
:1028300068696C6472656E0044657374696E617476
:10284000696F6E206164647265737320726571755F
:1028500069726564000000004E6F206D6F72652024
:1028600070726F6365737365730000004E6F742040
:10287000656E6F75676820737061636500000000A6
:102880005065726D697373696F6E2064656E6965FA
:1028900064000000426164206164647265737300C7
:1028A000446576696365206F72207265736F757217
:1028B000636520627573790046696C652065786987
:1028C0007374730043726F73732D64657669636507
:1028D000206C696E6B0000004E6F2073756368207A
:1028E00064657669636500004E6F742061206469D9
:1028F000726563746F727900486F73742069732016
:10290000646F776E00000000436F6E6E65637469DC
:102910006F6E20616C726561647920696E207072DF
:102920006F67726573730000497320612064697278
:102930006563746F72790000496E76616C6964201A
:10294000617267756D656E74000000004E65747786
:102950006F726B20696E746572666163652069735E
:10296000206E6F7420636F6E6669677572656400B0
:10297000436F6E6E656374696F6E2061626F72740F
:102980006564206279206E6574776F726B00000059
:10299000546F6F206D616E79206F70656E2066696F
:1029A0006C657320696E2073797374656D00000027
:1029B00046696C652064657363726970746F722018
:1029C00076616C756520746F6F206C61726765004D
:1029D0004E6F742061206368617261637465722058
:1029E0006465766963650000546578742066696C77
:1029F000652062757379000046696C6520746F6F9D
:102A0000206C617267650000486F737420697320E1
:102A1000756E726561636861626C65004E6F2073EC
:102A200070616365206C656674206F6E20646576E6
:102A3000696365004E6F7420737570706F72746592
:102A400064000000496C6C6567616C207365656BA0
:102A500000000000526561642D6F6E6C792066691C
:102A60006C652073797374656D000000546F6F207E
:102A70006D616E79206C696E6B73000042726F6BD2
:102A8000656E2070697065004D617468656D617474
:102A900069637320617267756D656E74206F7574FC
:102AA000206F6620646F6D61696E206F66206675A9
:102AB0006E6374696F6E0000526573756C74207478
:102AC0006F6F206C61726765000000004E6F206DB3
:102AD000657373616765206F6620646573697265ED
:102AE00064207479706500004964656E7469666974
:102AF00065722072656D6F7665640000496C6C6567
:102B000067616C20627974652073657175656E63A9
:102B100065000000446561646C6F636B0000000039
:102B20004E6574776F726B20697320756E72656184
:102B3000636861626C6500004E6F206C6F636B00B0
:102B40004E6F7420612073747265616D0000000027
:102B500053747265616D20696F63746C2074696D64
:102B6000656F7574000000004E6F207374726561AC
:102B70006D207265736F7572636573005669727448
:102B800075616C206369726375697420697320676D
:102B90006F6E650050726F746F636F6C2065727238
:102BA0006F720000556E6B6E6F776E2070726F746F
:102BB0006F636F6C000000004D756C7469686F7016
:102BC00020617474656D70746564000042616420F6
:102BD0006D6573736167650046756E6374696F6ECA
:102BE000206E6F7420696D706C656D656E746564C0
:102BF000000000004469726563746F7279206E6F23
:102C00007420656D7074790046696C65206F722060
:102C100070617468206E616D6520746F6F206C6FD9
:102C20006E670000546F6F206D616E792073796D4F
:102C3000626F6C6963206C696E6B73004E6F20620B
:102C4000756666657220737061636520617661697F
:102C50006C61626C650000004E6F206461746100FD
:102C6000416464726573732066616D696C79206E6E
:102C70006F7420737570706F727465642062792050
:102C800070726F746F636F6C2066616D696C790030
:102C900050726F746F636F6C2077726F6E67207401
:102CA00079706520666F7220736F636B65740000C6
:102CB000536F636B6574206F7065726174696F6EBA
:102CC000206F6E206E6F6E2D736F636B65740000E6
:102CD00050726F746F636F6C206E6F7420617661D9
:102CE000696C61626C650000436F6E6E6563746948
:102CF0006F6E20726566757365640000436F6E6E5B
:102D0000656374696F6E20726573657420627920E3
:102D10007065657200000000416464726573732021
:102D2000616C726561647920696E2075736500005D
:102D300041646472657373206E6F7420617661699B
:102D40006C61626C65000000536F66747761726538
:102D50002063617573656420636F6E6E656374696B
:102D60006F6E2061626F727400000000536F636BBE
:102D70006574206973206E6F7420636F6E6E656377
:102D800074656400536F636B657420697320616CB4
:102D9000726561647920636F6E6E6563746564004B
:102DA0004F7065726174696F6E2063616E63656CEC
:102DB000656400005374617465206E6F74207265E1
:102DC000636F76657261626C6500000050726576B3
:102DD000696F7573206F776E657220646965640032
:102DE0004F7065726174696F6E206E6F74207375B9
:102DF00070706F72746564206F6E20736F636B65A3
:102E00007400000056616C756520746F6F206C61F2
:102E100072676520666F7220646566696E656420FE
:102E20006461746120747970650000004D6573738E
:102E300061676520746F6F206C6F6E670000000023
:102E4000436F6E6E656374696F6E2074696D65643F
:102E5000206F75740000000043000000504F53497C
:102E6000580000003031323334353637383941427A
:102E700043444546000000003031323334353637A4
:102E80003839616263646566000000002E2E2F2EC3
:102E90002E2F2E2E2F2E2E2F2E2E2F2E2E2F6E65D6
:102EA000776C69622F6C6962632F7374646C6962FA
:102EB0002F6D707265632E63000000001C0F03000D
:102EC00010100300241003003C10030050100300F6
:102ED000601003006C1003007C1003008C100300D2
:102EE0009C100300000000001C0F0300B436030018
:102EF00010100300AC35030024100300403503001C
:102F00003C1003005031030050100300043503004F
:102F100060100300783303006C10030028320300B4
:102F20007C100300843003008C100300A8300300E1
:102F3000A4100300043203009C1003003C30030083
:102F4000AC100300F42F0300B4100300582F03004B
:102F50000000000000000000BC100300B57D000070
:102F600000000000C8100300457D000000000000C4
:102F7000D4100300297D000000000000E0100300D1
:102F8000E17C000000000000EC100300198000004C
:102F900000000000FC100300998000000000000009
:102FA00008110300000000000100000010110300E0
:102FB00000000000020000001811030000000000E3
:102FC00003000000201103000000000001000000C9
:102FD0002C11030000000000020000003811030063
:102FE00000000000030000000000000000000000DE
:102FF000000000004C110300E97E0000000000000A
:103000005C110300397E0000000000007011030015
:10301000857F00000000000080110300B97B0000E4
:103020000000000088110300499700000000000024
:103030000000000000000000000000004C11030030
:10304000A1960000000000005C1103002997000019
:1030500000000000881103004997000000000000F4
:103060007011030081970000000000008011030030
:103070003D9800000000000000000000000000007B
:103080000000000098110300F95A00000000000041
:10309000A0110300316800000000000000000000E3
:1030A0000000000000000000A8110300D15A000039
:1030B00000000000BC110300A95A0000000000003D
:1030C000D0110300895A000000000000D81103004D
:1030D000695A000000000000E0110300415A00009E
:1030E00000000000EC110300255A00000000000061
:1030F000F8110300F1570000000000000012030067
:103100003D5800000000000008120300BD710000DF
:10311000000000001012030099740000000000007D
:1031200018120300C9750000000000001C12030003
:10313000FD74000000000000201203003D74000038
:10314000000000000000000000000000000000007F
:103150002C120300896000000000000034120300FC
:103160006960000000000000481203004560000094
:103170000000000054120300B95F000000000000CE
:1031800064120300655F0000000000007412030079
:10319000455F00000000000084120300255F00006E
:1031A0000000000094120300115F00000000000006
:1031B000A8120300F158000000000000B412030040
:1031C000C558000000000000C0120300F5560000C2
:1031D00000000000CC120300A15800000000000015
:1031E000DC1203007D58000000000000E412030020
:1031F000DD5E000000000000000000000000000094
:1032000000000000F01203006557000000000000FD
:1032100000130300456A00000000000000000000E9
:1032200000000000000000000012030049690000D7
:103230000000000010130300D96800000000000027
:103240001C1303004D5E0000000000002413030067
:10325000215E00000000000034130300F55D000053
:10326000000000003C130300B95D000000000000F6
:1032700098110300815D0000000000004C13030062
:10328000495D000000000000581303001181000098
:103290000000000064130300215D00000000000036
:1032A0006C1303003D6F0000000000007813030062
:1032B000055D00000000000084130300E95C0000CD
:1032C0000000000094130300A56800000000000047
:1032D0009C1303007168000000000000AC130300A1
:1032E000C15C000000000000B81303009D5C0000FA
:1032F00000000000C4130300755C00000000000023
:10330000D41303004D5C000000000000E413030030
:10331000315C000000000000F4130300155C0000A5
:103320000000000004140300F55B00000000000032
:1033300014140300D55B00000000000024140300F7
:10334000B95B000000000000341403009D5B000026
:1033500000000000441403007D5B0000000000003A
:103360004C1403005D5B0000000000000000000042
:10337000000000000000000054140300056F00006E
:103380000000000064140300F16D00000000000064
:1033900074140300CD6E00000000000084140300CC
:1033A000CD6F00000000000094140300796A000053
:1033B00000000000A4140300A16B00000000000046
:1033C000AC140300716B000000000000B81403008F
:1033D000416B000000000000C4140300116B0000EA
:1033E00000000000D0140300E16A000000000000AB
:1033F000DC140300956E000000000000EC140300D4
:103400005D6E000000000000FC140300256E00004B
:103410000000000010150300B56D00000000000062
:1034200024150300796D000000000000341503002E
:10343000116D00000000000040150300E56C000065
:10344000000000004C150300B96C000000000000F3
:1034500058150300A16A0000000000006415030075
:1034600025700000000000006C150300856F00004F
:1034700000000000781503008D6C000000000000C3
:1034800084150300616C0000000000009415030027
:10349000356C000000000000A4150300096C00005A
:1034A00000000000B01503003D6D000000000000AA
:1034B000BC150300D16B000000000000C81503001C
:1034C000216A000000000000D4150300DD6900003F
:1034D00000000000E0150300B969000000000000D2
:1034E000EC150300016A000000000000F81503005D
:1034F000A9570000000000000000000000000000CC
:103500000000000000160300CD570000000000007E
:103510000C160300B55E0000000000001816030042
:10352000995E00000000000024160300695E0000A0
:10353000000000000000000000000000000000008B
:10354000B41203008959000000000000C0120300FB
:1035500035570000000000002C1603005D590000E4
:10356000000000003816030015570000000000009E
:10357000A81203003959000000000000CC1203001B
:103580001559000000000000E4120300DD60000097
:103590000000000044160300BD60000000000000B1
:1035A00000000000000000000000000050160300B2
:1035B00041630000000000005C1603005D63000032
:1035C000000000006816030079630000000000009E
:1035D00078160300A163000000000000D011030072
:1035E000BD63000000000000D8110300CD6300009F
:1035F0000000000088160300497800000000000069
:10360000941603002564000000000000A4160300C7
:103610000964000000000000B4160300F963000014
:1036200000000000BC160300DD6300000000000085
:10363000CC1603009562000000000000D8160300BD
:103640008562000000000000E816030035620000FB
:1036500000000000F4160300E56100000000000017
:10366000FC16030099610000000000000817030029
:103670004D6100000000000010170300117A0000E7
:1036800000000000201703009179000000000000F6
:1036900028170300B5590000000000003817030088
:1036A00011610000000000000000000000000000A8
:1036B0000000000048170300A9640000000000009B
:1036C0005017030099640000000000005817030021
:1036D000698100000000000064170300095A00001F
:1036E000000000006C170300F55900000000000006
:1036F00078170300716400000000000088170300C1
:10370000DD57000000000000981703005557000027
:1037100000000000A01703005D640000000000002E
:10372000AC1703005164000000000000B81703004C
:103730004D64000000000000C81703004964000049
:1037400000000000381B03003D6400000000000082
:10375000D81703000000000079000000EC170300F8
:10376000000000000100000000180300000000003D
:103770000200000014180300000000000300000015
:1037800028180300000000000C0000003C18030093
:1037900000000000050000005418030000000000B5
:1037A0000600000068180300000000000D00000083
:1037B0007C18030000000000090000008C180300C2
:1037C000000000000A000000A8180300000000002C
:1037D00001000000C8180300000000000100000004
:1037E000E4180300000000000200000000190300BC
:1037F00000000000030000001C190300000000008E
:10380000040000003C190300000000000500000057
:10381000581903000000000006000000741903009E
:1038200000000000070000009019030000000000E5
:1038300008000000A81903000000000009000000B3
:10384000C0190300000000000A000000D81903009E
:10385000000000000B000000F01903000000000051
:1038600001000000081A0300000000000200000030
:10387000241A030000000000030000003C1A0300AB
:1038800000000000040000005C1A030000000000BB
:1038900001000000741A0300000000000200000094
:1038A0008C1A03000000000003000000A41A0300AB
:1038B0000000000004000000C41A03000000000023
:1038C00005000000DC1A03000000000006000000F4
:1038D000FC1A03000000000001000000181B030098
:1038E00000000000020000000000000000000000D6
:1038F00000000000080000000C0000000E000000A6
:10390000100000006D6963726F6269742D6C7561DF
:10391000206669726D7761726520326533333437A2
:103920003200000000000000000000008588010057
:10393000C187010011240100112401001924010094
:10394000192401000124010021240100358B01000C
:103950003D240100F58B01004D8801001D2601006A
:10396000B9820000CD8200004989010054686520B9
:10397000726F626F7420646F6573206E6F74206164
:103980006E737765722E20436865636B207468617F
:10399000742069742069732073776974636865643F
:1039A000206F6E2C206F72207377697463682069B2
:1039B00074206F666620616E64206F6E206167619F
:1039C000696E2E00FFF9A001000000000100000355
:1039D00000000000000000000000000081990000CD
:1039E000819A000089990000D19A00007D050100AC
:1039F000E59B0000699C0000000000000000000042
:103A0000899E00003D080100819E0000459E000047
:103A10007D9E0000DDA10000759E0000719E0000EB
:103A20001B1B000E110000001C0B1F251E000000B8
:103A300015160F18130000007A76677074756F6999
:103A400065617A76677074756F6965617A7667709B
:103A500074000000000000000000000081990000D8
:103A600011A2000089990000B9C600007D0501007F
:103A70001DA2000041A200002D23010031230100FE
:103A800039CC00004523010041C60000ADC3000051
:103A90004D230100C4FFFFFF0000000081990000DA
:103AA000313F01008999000015A200007D05010049
:103AB00095A2000069A200000000000000000000C4
:103AC0008199000011A2000091A9000015A2000038
:103AD0007D05010069A4000081A40000E43A030010
:103AE00008000000010000000200000002000000C9
:103AF00002000000030000000200000004000000BB
:103B000001000000050000000800000006000000A1
:103B10000100000007000000010000000800000094
:103B2000010000000000000000000000819900007A
:103B300011A2000099AD000039B100007D0501001F
:103B400061AD000079AD0000D8ECF0F4F8FC0004A1
:103B500000000000000000008199000011A2000098
:103B60008999000015A200007D05010005B4000040
:103B700039B4000045B7000085B700009DBB0000C8
:103B800001B40000B9BB0000CDBB0000E9BB0000E0
:103B9000F8FFFFFF0000000035B400000DBC00007E
:103BA000D9BB000041BC00007DB700005DB800003B
:103BB00021BC0000BC3B0300080000000100000025
:103BC0000C000000020000000500000003000000DF
:103BD00002000000040000000100000005000000D9
:103BE00001000000060000000200000007000000C5
:103BF00003000000080000000100000000000000B9
:103C0000000000006DBC0000BDBC0000D5BC000081
:103C10000000000000000000B1BD000079BC000001
:103C200085BC0000255C010091BC000099BC00002F
:103C3000B5BC0000395C01003D5C010000000000E3
:103C400000000000C9C20000F5C20000CDC20000A3
:103C5000D1C20000DDC2000035C200008DC20000EC
:103C600000000000000000008199000011A2000087
:103C700089990000B9C600007D05010035C3000028
:103C800051C300002D2301003123010039CC000075
:103C90004523010041C60000ADC300004D230100D3
:103CA0000000000000000000396601001D660100F0
:103CB00021660100255C01002D66010031660100CE
:103CC000355C0100395C01003D5C01000000000032
:103CD0000000000055D4000091CD000095CD0000FB
:103CE000255C0100A1CD00002D5C0100A5CD0000E8
:103CF000395C01003D5C0100B5CD0000FDCD000048
:103D0000F8FFFFFF000000008199000011A20000F1
:103D10008999000015A200007D050100A1CE0000D8
:103D20004DCE0000000000000000000025C3000090
:103D3000F9B3000075C3000091E2000099E20000B1
:103D4000A1E20000A9E20000B9E20000C9E200001F
:103D5000D5E20000E5E20000EDE20000F5E200003F
:103D6000FDE200000DE3000015E300001DE300008C
:103D70002DC30000ED56000035E300003DE30000D8
:103D800045E3000035E400004DE3000051E300008E
:103D900055E3000071E30000000000000000000097
:103DA00025C30000F9B3000075C3000021E700003F
:103DB00099E2000059E30000A9E20000B9E2000026
:103DC000C9E20000D5E20000E5E20000EDE20000FB
:103DD000F5E200009DE7000049E700005DE3000018
:103DE0009DE400002DC30000ED56000035E3000007
:103DF0003DE3000045E3000035E400004DE3000032
:103E000051E30000C1E30000D9E400007DE30000BD
:103E10000DE8000061E3000065E30000E8FFFFFF3C
:103E2000000000008199000011A2000055E500008B
:103E300015A200007D050100F9E3000015E5000072
:103E4000E0FFFFFF000000006DE80000215C0100C2
:103E5000CDE40000255C0100C9E400002D5C0100F8
:103E6000355C0100395C01003D5C0100943E0300BB
:103E700006000000AC3E030004000000BC3E03004E
:103E800007000000D83E030007000000F43E0300D6
:103E90000C0000000000803F0000903F0000A03FA9
:103EA000A301B43FCDCCCC3F6666E63F0000803F27
:103EB0009A99993FA301B43F6D56D53F0000803FCA
:103EC0000000903F9A99993F93A9AA3F0000C03FF4
:103ED000CDCCCC3F6666E63F0000803F0000903FBF
:103EE0000000A03F93A9AA3F0000C03F6D56D53FF8
:103EF0000000F03F0000803F6D56853F0000903F7E
:103F00009A99993F0000A03F93A9AA3FA301B43F0B
:103F10000000C03FCDCCCC3F6D56D53F6666E63F36
:103F20000000F03F0000000000000000899E00003B
:103F300035EB0000819E0000459E00007D9E000044
:103F4000DDA10000759E000055EC0000E1F00000CE
:103F500031EB000081EC000021840000C5850000E9
:103F6000FCFFFFFF0000000051F2000071ED0000B7
:103F70006DED000015A200007D050100BD8500006B
:103F8000D9850000FFFFFFFF0000000100020003D1
:103F90000004010001010102010301040200020109
:103FA00002020203020403000301030203030304E9
:103FB00004000401040204030404000000000000E3
:103FC000000000008199000011A200008999000002
:103FD00015A2000001F7000059F2000071F2000084
:103FE00000000000000000008199000011A2000004
:103FF0008999000015A200007D050100F5F7000079
:1040000009F80000AD1A0100751A01007D1A0100BF
:10401000791A01004DF8000025F80000F91D010093
:1040200000000000000000008199000011A20000C3
:104030008999000015A200007D050100B1F900007A
:10404000C5F9000009FA0000451F0100D91E010052
:10405000E1F90000DD1E0100000001000200030084
:104060000400000101010201030104010002010238
:104070000202030204020003010302030303040318
:104080000004010402040304040400000000000012
:10409000000000008199000011A200002904010025
:1040A00015A200007D050100A5030100BD0301006C
:1040B00000000000000000008199000011A2000033
:1040C0008999000015A200007D0501002D06010060
:1040D000550601000000000000000000819900006A
:1040E00011A200008999000015A200007D050100C1
:1040F00000000000000000000000000000000000C0
:10410000000000008199000011A2000089990000C0
:1041100015A200007D050100000000000000000065
:10412000AD1A0100751A01007D1A0100791A01000B
:104130000000000000000000F91D01000000000068
:10414000000000008199000011A200008999000080
:1041500015A200007D050100000000000000000025
:1041600000000000451F0100D91E010000000000F2
:10417000DD1E010000000000000000008199000029
:1041800011A200008999000015A200007D05010020
:104190006D230100952301002D230100312301002F
:1041A0003523010045230100492301004923010073
:1041B0004D2301000000000000000000B1260100B6
:1041C0000924010011240100112401001924010017
:1041D0001924010001240100212401005D240100B3
:1041E0003D240100F5240100B52501001D26010034
:1041F0000000000000000000B126010000000000E7
:1042000000000000B12601000000000000000000D6
:1042100000000000000000009928010000000000DC
:104220000000000015270100ED2A01000000000039
:1042300000000000F8FFFFFF00000000819900006F
:1042400011A20000C128010015A200007D05010097
:10425000000000000000000000000000000000005E
:104260001D3401000D3401000000000000000000BA
:1042700081990000313F01008999000015A20000DA
:104280007D0501004D3B01008D3B01000000000059
:104290000000000081990000F142010089990000AE
:1042A0001D4501007D050100B5420100D14201001C
:1042B000E94301008944010049440100F4FFFFFF84
:1042C00000000000CD4401000000000000000000DC
:1042D0008199000011A2000069490100494A0100CA
:1042E0007D050100194A01002D4A0100AD1A0100A7
:1042F000751A01007D1A0100791A01007149010047
:104300007D4A0100F91D010010430300090000006F
:104310006902000080000000E80200009000000038
:10432000C409000070000000881300006000000055
:104330001027000050000000204E00004000000048
:10434000409C000030000000A0860100200000001A
:1043500040420F0010000000604303000400000012
:104360000200000000000000040000001000000037
:1043700008000000200000001000000030000000D5
:1043800000000000000000008199000011A2000060
:10439000B54B01005D4C01007D0501002D4C010075
:1043A000414C0100BD4B0100451F0100D91E010019
:1043B000914C0100DD1E0100C04303000400000019
:1043C000102700000C000000204E00000800000034
:1043D00050C3000004000000A0860100000000009F
:1043E0000000000000000000854D01004DA4000009
:1043F00055A40000954D01000000000000000000E1
:10440000F5520100F94D0100FD4E0100994D0100EA
:104410002D500100B5500100F4FFFFFF0000000027
:104420008199000011A200008999000015A20000E6
:104430007D050100AD500100C950010000000000E1
:10444000000000008199000011A20000899900007D
:1044500015A200007D050100F95301000D54010073
:104460009553010000000000000000008199000049
:10447000F1420100899900001D4501007D05010000
:1044800099570100C1570100E94301003D5901005E
:1044900065570100F4FFFFFF000000005D590100B7
:1044A00000000000000000008199000011A200003F
:1044B0008999000015A200007D050100455B0100FF
:1044C000E15B0100155A0100855901005D5A0100A8
:1044D0000000000000000000415C0100000000003E
:1044E00000000000B95C0100215C01001D5C0100BE
:1044F000255C0100295C01002D5C0100355C010098
:10450000395C01003D5C010000000000000000007B
:10451000B95C01004D5C0100515C01005D5C010073
:10452000655C01006D5C0100755C01007D5C010053
:104530003D5C0100495C0100C55C0100895C010033
:10454000F8FFFFFF00000000DD5D0100000000003B
:1045500000000000615D0100B55C0100515C0100DC
:104560005D5C0100655C01006D5C0100755C010033
:104570007D5C01003D5C0100D15C0100ED5C01004F
:10458000815D0100F8FFFFFF00000000D55D010024
:10459000000000000000000081990000715F010030
:1045A0008999000015A200007D050100295F010026
:1045B000495F0100E1630100F8FFFFFF0000000018
:1045C00011640100000000000000000039660100D5
:1045D0001D66010021660100255C01002D660100B9
:1045E00031660100355C0100395C01003D5C010071
:1045F0000000000000000000B16701004D5C0100F8
:10460000515C01005D5C01009D670100A167010034
:10461000755C01007D5C01003D5C01009D6901004D
:10462000C16901008D690100F8FFFFFF0000000073
:104630009569010000000000000000001D6E0100EF
:104640004D5C0100515C01005D5C0100E969010005
:10465000F5690100916A0100B96A01003D5C010041
:10466000E16A0100FD6A0100895C0100016A010044
:10467000F8FFFFFF00000000DD5D0100000000000A
:1046800000000000996B01001D6B0100E96B010047
:10469000116A01004D6B0100E56C0100556C0100D1
:1046A000516A0100B56A0100FCFFFFFF0000000035
:1046B0008199000011A200008999000015A2000054
:1046C0007D050100B16C01001D6C010000000000BF
:1046D00000000000000000000000000000000000DA
:1046E00000000100010001000100020002000200C0
:1046F0000300030003000400040005000500060099
:1047000006000700070008000800090009000A0069
:104710000B000B000C000D000D000E000F00100030
:1047200010001100120013001400150016001600EE
:104730001700180019001A001B001C001D001E00A5
:10474000200021002200230024002500260028004C
:1047500029002A002B002D002E002F0031003200EE
:10476000330035003600380039003A003C003D0087
:104770003F004000420044004500470048004A0016
:104780004C004D004F00510052005400560057009D
:1047900059005B005D005F0060006200640066001D
:1047A00068006A006C006E00700072007400760091
:1047B00078007A007C007E00800082008400860001
:1047C00088008A008D008F0091009300950098006A
:1047D0009A009C009E00A100A300A500A700AA00CB
:1047E000AC00AF00B100B300B600B800BB00BD0024
:1047F000BF00C200C400C700C900CC00CE00D10079
:10480000D300D600D800DB00DE00E000E300E500C6
:10481000E800EB00ED00F000F300F500F800FB000D
:10482000FD0000010301060108010B010E01110149
:104830001301160119011C011F0121012401270187
:104840002A012D0130013301350138013B013E01C0
:104850004101440147014A014D01500153015601F4
:1048600059015C015F016201650168016B016E0124
:104870007101740177017A017D0180018301860154
:1048800089018C018F019201950198019B019E0184
:10489000A101A401A801AB01AE01B101B401B701AE
:1048A000BA01BD01C001C401C701CA01CD01D001D7
:1048B000D301D601D901DD01E001E301E601E901FF
:1048C000EC01EF01F201F601F901FC01FF01020226
:1048D000050208020C020F021202150218021B0246
:1048E0001E022102250228022B022E02310234026E
:1048F00037023A023E024102440247024A024D0296
:104900005002530256025A025D02600263026602BE
:1049100069026C026F027202750278027B027E02EB
:104920008102840287028A028D029002930296021B
:1049300099029C029F02A202A502A802AB02AE024B
:10494000B102B402B702BA02BD02C002C302C6027B
:10495000C902CB02CE02D102D402D702DA02DD02B2
:10496000DF02E202E502E802EB02ED02F002F302EE
:10497000F602F802FB02FE02010303030603090329
:104980000B030E0311031303160319031B031E036A
:1049900020032303260328032B032D0330033203B4
:1049A000350337033A033C033F0341034303460304
:1049B00048034B034D034F0352035403570359035A
:1049C0005B035D03600362036403660369036B03B7
:1049D0006D036F0371037403760378037A037C031A
:1049E0007E03800382038403860388038A038C0387
:1049F0008E03900392039403960398039A039C03F7
:104A00009E039F03A103A303A503A703A803AA036F
:104A1000AC03AD03AF03B103B203B403B603B703F2
:104A2000B903BA03BC03BE03BF03C103C203C4037B
:104A3000C503C603C803C903CB03CC03CD03CF030F
:104A4000D003D103D303D403D503D603D803D903AA
:104A5000DA03DB03DC03DD03DE03E003E103E2034F
:104A6000E303E403E503E603E703E803E803E903FC
:104A7000EA03EB03EC03ED03EE03EE03EF03F003B5
:104A8000F103F103F203F303F303F403F503F50376
:104A9000F603F603F703F703F803F803F903F90342
:104AA000FA03FA03FB03FB03FB03FC03FC03FC0315
:104AB000FD03FD03FD03FD03FE03FE03FE03FE03F2
:104AC000FE03FE03FE03FE03FE03FE03FF03FE03DD
:104AD000000000000008080800080A4A4000000A18
:104AE0005FEA5FEA0ED92ED36E19324489330C92F5
:104AF0004C924D080800000004880808040804844B
:104B00008488000A448A4000048EC48000000004A7
:104B10008800000EC0000000000800012244881038
:104B20000C9252524C048C84848E1C824C901E1E1B
:104B3000C244924C06CA525FE21FF01EC13E0244BC
:104B40008ED12E1FE24488100ED12ED12E0ED12EE2
:104B5000C488000800080000048004880244880417
:104B600082000EC00EC008048244880ED126C00404
:104B70000ED135B36C0C925ED2521C925C925C0EDC
:104B8000D010100E1C9252525C1ED01C901E1ED0D3
:104B90001C90100ED013712E12525ED2521C880837
:104BA000081C1FE242524C1254981492101010101C
:104BB0001E113B75B131113935B3710C9252524C03
:104BC0001C925C90100C92524C861C925C92510E7E
:104BD000D00C825C1FE4848484125252524C1131F6
:104BE000312A44113135BB7112524C9252112A4470
:104BF00084841EC488101E0EC808080E1008048283
:104C0000410EC242424E048A400000000000001FD4
:104C10000804800000000ED2524F10101C925C005D
:104C20000ED0100E02424ED24E0C925C900E06C870
:104C30001C88080ED24EC24C10101C92520800085C
:104C40000808024002424C10149814920808080800
:104C500006001B75B131001C925252000C92524C4E
:104C6000001C925C90000ED24EC2000ED0101000BC
:104C700006C8049808080EC807001252524F0011C7
:104C8000312A4400113135BB00124C8C9200112A9C
:104C90004498001EC4881E06C48C84860808080830
:104CA0000818080C881800000C836000FFFF010042
:104CB00000000000FFFF0000FFFF000000000000F8
:104CC000000000002D7B0100197B0100257B010005
:104CD000255C0100E97A0100ED7A0100FD7A01000E
:104CE000A58301003D5C0100F1810100000000008E
:104CF000000000008199000011A2000089990000C5
:104D0000398401007D050100018701005D870100F4
:104D1000E5830100F8FFFFFF00000000318401007F
:104D2000284D030008000000020000000100000000
:104D30000300000002000000040000000300000067
:104D400005000000040000001C0000000500000039
:104D50001D000000060000001E000000070000000B
:104D60001F0000000800000000000000000000001C
:104D700085880100C1870100112401001124010070
:104D8000192401001924010001240100212401003B
:104D9000358B01003D240100F58B01004D88010099
:104DA0001D2601003D88010041880100498901005C
:104DB00000000000000000008199000011A2000026
:104DC0008999000015A200007D050100D58C010025
:104DD0004D8D01006D8F0100118D0100F8FFFFFF67
:104DE00000000000ED8F0100F4FFFFFF0000000055
:104DF000458D01000000000000000000A1930100AB
:104E0000B5960100519601004D9D0100E991010008
:104E10004D9401006592010075920100A992010074
:104E2000B5920100E5E20000199901003D9E0100E4
:104E3000C5920100A1940100319501000196010085
:104E4000D5920100ED56000035E30000059C0100FD
:104E5000B59B010035930100C99101005D950100EA
:104E6000F1F7000075F800000000000000000000ED
:104E7000B1260100D5A00100AD9E0100BD9E01003C
:104E80005D9F0100992801008D9F010075A0010020
:104E900015270100ED2A010021A10100BDA101009B
:104EA000E9A10100F8FFFFFF000000008199000068
:104EB00011A20000C1280100E9A201007D05010046
:104EC000B5A10100D1A10100000000000000000018
:104ED0008199000011A200008999000015A200002C
:104EE0007D05010085A5010099A5010031A70100FC
:104EF00055A701003DA601000000000000000000D1
:104F00008199000011A200008999000019AB0100ED
:104F10007D050100E1A80100F9A8010045A40000F9
:104F200019A901007DA70100B9A7010085A9010009
:104F3000DDA701007DAA010009A801001DA801004C
:104F400049A801007DA80100D1A9010049A90100DB
:104F50009DA8010079A701000000000000000000EA
:104F6000C1B20100B9B201001D5C0100255C010065
:104F7000BDB201002D5C0100355C0100395C01000F
:104F80003D5C010000000000000000000000000087
:104F90000000000000000000000000000000000011
:104FA000A55F0300AD5F0300B85F0300BD5F0300B2
:104FB000C45F0300C95F0300CF5F0300D55F030038
:104FC000DB5F0300E15F0300E75F0300ED5F0300C9
:104FD000F35F0300F95F0300FE5F0300036003005B
:104FE0000C6003008E5F0300136003001B6003006E
:104FF000186103000C64030014630300C55E030022
:105000001B600300246003002B6003003160030079
:10501000000000000100000002000000030000008A
:10502000050000000600000007000000F96403000E
:10503000FE64030013640300066503000C650300AF
:10504000116503001A6503000000000025650300D8
:105050003901020067640300490702002C65030060
:105060000DF5020034650300A50702003B6503004F
:105070008101020040650300F9F402000000000015
:10508000000000002C650300466503005065030026
:10509000576503005C650300AD090200636503000A
:1050A0002906020072650300F9F602004B5F030057
:1050B00065F602007965030037F70200806503009A
:1050C000F5050200886503007D090200956503006F
:1050D000D3F702009E650300ED090200A3650300FB
:1050E00091F70200AE65030021F50200FB650300A5
:1050F000E3F50200B3650300E9040200B9650300AB
:10510000D1F60200C2650300BBF50200C9650300C9
:105110008BF50200D06503007D020200D765030015
:1051200061040200DF65030075030200EC65030003
:10513000DD020200A8640300D5080200F565030043
:10514000ABF60200A8620300F5010200FA65030055
:105150001FF6020000000000000000003F66030090
:1051600003F8020043660300FDFB020048660300EB
:10517000DBFB02004D660300A1FB02005366030047
:105180007FFB0200586603005DFB02005D660300C2
:105190003BFB02004466030019FB02006266030049
:1051A000C909000074660300F7FA0200666603008E
:1051B0007DF902003A660300BDFA02006C66030046
:1051C0008FFA0200726603005BFA02007866030041
:1051D00039FA02007E66030017FA020082660300B5
:1051E0002DF9020086660300DDF802008A660300DE
:1051F000D9F90200E95F03009FF902008F660300FE
:105200009909000093660300490B02009A660300A7
:10521000CDF80200A5660300ABF802004966030062
:1052200089F80200AA66030067F80200AF6603006F
:1052300045F802005466030023F802000000000055
:1052400000000000C5680300E9180200CA680300F6
:10525000D50E0200CF680300C9120200C068030027
:10526000ABFD0200D4680300610F0200BF680300B9
:10527000910E0200B86803009D0E0200DB68030077
:10528000C1160200F55F03001BFD0200E068030089
:10529000C10D0200B9680300A5FD0200E668030025
:1052A000C9FC0200EA68030077FC0200D15F03003A
:1052B000F51A0200F2680300550D0200000000001C
:1052C0000000000005600300491D02008969030019
:1052D00035FE020091690300BFFE02009A690300D7
:1052E0009FFE02009F690300911C0200A469030055
:1052F0001D1C0200AB690300CDFD0200B269030072
:10530000F91B0200B7690300BD1F02000000000086
:1053100000000000096B03003D5D03000D6B0300FE
:10532000106B0300156B03005E600300A0640300B4
:105330001C6B0300C55E0300196B0300975B030041
:10534000735B03008E5F0300206B03001D6B030083
:10535000246B03002B6B0300326B03009B64030080
:10536000376B03003D6B03001F5D03001E5D0300F0
:10537000436B0300466B0300496B03004C6B030057
:105380004F6B0300586B03005F6B0300686B0300F7
:10539000000000000000000000000000792E020064
:1053A0003D2E0200592E0200FB21F93FFB2109404E
:1053B0007CD91240FB2119407A6A1F407CD92240D7
:1053C000BBFD2540FB2129403A462C407A6A2F40FC
:1053D0005C4731407CD932409C6B3440BBFD35404A
:1053E000DB8F3740FB2139401BB43A403A463C4002
:1053F0005AD83D407A6A3F404C7E40405C4741402D
:105400006C1042407CD942408CA243409C6B44408B
:10541000AC344540BBFD4540CBC64640DB8F4740E2
:10542000EB584840FB21494083F9A200444E6E00EE
:10543000FC291500D1572700DD34F50062DBC000E0
:105440003C999500419043006351FE00BBDEAB00E8
:10545000B761C5003A6E2400D24D42004906E00013
:1054600009EA2E001C92D100EB1DFE0029B11C00A0
:10547000E83EA700F535820044BB2E009CE984007D
:10548000B4267000417E5F00D69139005383390005
:105490009CF439008B5F840028F9BD00F81F3B00A5
:1054A000DEFF97000F980500112FEF000A5A8B00BE
:1054B0006D1F6D00CF7E360009CB2700464FB70029
:1054C0009E663F002DEA5F00BA277500E5EBC70036
:1054D0003D7BF100F739070092528A00FB6BEA002E
:1054E0001FB15F00085D8D00300356007BFC460055
:1054F000F0AB6B0020BCCF0036F49A00E3A91D008E
:105500005E619100081BE60085996500A0145F00AC
:105510008D40680080D8FF0027734D0006063100DB
:10552000CA561500C9A873007BE260006B8CC000EE
:10553000DB0F49BFE4CB1640E4CB16C0000000806F
:10554000DB0F4940DB0F49C03863ED3EDA0F493FBE
:105550005E987B3FDA0FC93F6937AC31682122334F
:10556000B40F14336821A233000FC93F000F494024
:1055700000CB9640000FC9400053FB4000CB1641C2
:1055800000ED2F41000F49410031624100537B4142
:10559000003A8A4100CB9641005CA34100EDAF4147
:1055A000007EBC41000FC94100A0D5410031E2415D
:1055B00000C2EE410053FB4100F20342003A0A42AE
:1055C0000083104200CB164200141D42005C2342AF
:1055D00000A5294200ED2F4200363642007E3C42B3
:1055E00000C74242000F4942A2000000F90000003B
:1055F000830000006E0000004E0000004400000028
:105600001500000029000000FC0000002700000039
:1056100057000000D1000000F50000003400000039
:10562000DD000000C0000000DB00000062000000A0
:1056300095000000990000003C00000043000000BD
:105640009000000041000000FE000000510000003A
:1056500063000000AB000000DE000000BB000000A3
:10566000C500000061000000B70000002400000039
:105670006E0000003A000000420000004D000000F3
:10568000D2000000E0000000060000004900000019
:105690002E000000EA00000009000000D100000018
:1056A000920000001C000000FE0000001D00000031
:1056B000EB0000001C000000B10000002900000009
:1056C000A70000003E000000E8000000820000008B
:1056D00035000000F50000002E000000BB000000B7
:1056E0004400000084000000E90000009C0000006D
:1056F0007000000026000000B40000005F00000001
:105700007E00000041000000390000009100000010
:10571000D6000000390000008300000053000000A4
:1057200039000000F40000009C000000840000002C
:105730005F0000008B000000BD000000F9000000C9
:10574000280000003B0000001F000000F8000000DF
:1057500097000000FF000000DE00000005000000D0
:10576000980000000F000000EF0000002F00000074
:10577000110000008B0000005A0000000A00000029
:105780006D0000001F0000006D00000036000000EA
:105790007E000000CF00000027000000CB000000CA
:1057A00009000000B70000004F00000046000000A4
:1057B0003F000000660000009E0000005F00000047
:1057C000EA0000002D000000750000002700000026
:1057D000BA000000C7000000EB000000E500000078
:1057E000F10000007B0000003D0000000700000009
:1057F00039000000F70000008A000000520000009D
:1058000092000000EA0000006B000000FB000000B6
:105810005F000000B10000001F0000008D000000CC
:105820005D000000080000005600000003000000BA
:105830003000000046000000FC0000007B0000007B
:105840006B000000AB000000F0000000CF00000083
:10585000BC000000200000009A000000F4000000DE
:10586000360000001D000000A9000000E300000059
:1058700091000000610000005E000000E6000000F2
:105880001B000000080000006500000099000000F7
:10589000850000005F00000014000000A000000070
:1058A00068000000400000008D000000FF000000C4
:1058B000D8000000800000004D00000073000000D0
:1058C0002700000031000000060000000600000074
:1058D0001500000056000000CA0000007300000020
:1058E000A8000000C900000060000000E200000005
:1058F0007B000000C00000008C0000006B00000076
:105900000400000007000000090000000000C93F7B
:105910000000F0390000DA370000A2330000842EC6
:105920000000502B0000C2270000D0220000C41F3E
:105930000000C61B0000441700000000000000002B
:105940000000000000000000000000000000000057
:105950000000000000000000000000000000000047
:10596000000000000000000010111213141516179B
:105970001819000000000000001A1B1C1D1E1F004B
:105980000000000000000000000000000000000017
:105990000000000000000000001A1B1C1D1E1F005C
:1059A00000000000000000000000000000000000F7
:1059B00000000000000000000000000000000000E7
:1059C00000000000000000000000000000000000D7
:1059D00000000000000000000000000000000000C7
:1059E00000000000000000000000000000000000B7
:1059F00000000000000000000000000000000000A7
:105A00000000000000000000000000000000000096
:105A10000000000000000000000000000000000086
:105A20000000000000000000000000000000000076
:105A30000000000000000000002020202020202086
:105A4000202028282828282020202020202020202E
:105A5000202020202020202020881010101010103E
:105A6000101010101010101010040404040404048A
:105A70000404041010101010101041414141414124
:105A80000101010101010101010101010101010106
:105A90000101010110101010101042424242424216
:105AA00002020202020202020202020202020202D6
:105AB000020202021010101020000000000000007E
:105AC00000000000000000000000000000000000D6
:105AD00000000000000000000000000000000000C6
:105AE00000000000000000000000000000000000B6
:105AF00000000000000000000000000000000000A6
:105B00000000000000000000000000000000000095
:105B10000000000000000000000000000000000085
:105B20000000000000000000000000000000000075
:105B30000000000000000000004E414E006E616E4B
:105B400000494E4600696E6600252E306600252EFF
:105B50003767006E6F2063616C6C696E6720656EDD
:105B60007669726F6E6D656E74006E6F2076616C13
:105B70007565006C6F63616C00676C6F62616C00CF
:105B80006669656C6400757076616C7565006D653D
:105B900074686F64006D61696E0043003D5B435D36
:105BA000007461696C003D287461696C2063616CEC
:105BB0006C290025733A25643A20257300617474BA
:105BC000656D707420746F20257320257320272540
:105BD00073272028612025732076616C7565290064
:105BE000617474656D707420746F2025732061205A
:105BF00025732076616C756500636F6E63617465F3
:105C00006E61746500706572666F726D2061726995
:105C100074686D65746963206F6E00617474656D7E
:105C2000707420746F20636F6D706172652074777B
:105C30006F2025732076616C7565730061747465DF
:105C40006D707420746F20636F6D706172652025B4
:105C5000732077697468202573006E6F7420656EF9
:105C60006F756768206D656D6F7279006572726F10
:105C70007220696E206572726F722068616E646C4A
:105C8000696E67004320737461636B206F76657281
:105C9000666C6F770063616E6E6F742072657375EA
:105CA0006D65206E6F6E2D73757370656E646564BF
:105CB00020636F726F7574696E6500617474656DD1
:105CC000707420746F207969656C64206163726FF1
:105CD0007373206D6574616D6574686F642F432DF7
:105CE00063616C6C20626F756E64617279006D65C2
:105CF0006D6F727920616C6C6F636174696F6E2077
:105D00006572726F723A20626C6F636B20746F6F92
:105D10002062696700286E756C6C290025002E2EA4
:105D20002E000A0D005B737472696E6720220022D8
:105D30005D006E6F206C6F6F7020746F20627265F3
:105D4000616B006D61696E2066756E6374696F6E5C
:105D500020686173206D6F7265207468616E202504
:105D6000642025730066756E6374696F6E206174BC
:105D7000206C696E6520256420686173206D6F72E8
:105D800065207468616E20256420257300746F6F30
:105D9000206D616E79206C6F63616C207661726931
:105DA00061626C65730027257327206578706563D1
:105DB000746564006368756E6B2068617320746F2E
:105DC0006F206D616E792073796E746178206C65D7
:105DD00076656C730027257327206578706563747A
:105DE00065642028746F20636C6F736520272573AA
:105DF00027206174206C696E652025642900757008
:105E000076616C7565730028666F7220696E6465D3
:105E100078290028666F72206C696D6974290028E2
:105E2000666F722073746570290028666F72206730
:105E3000656E657261746F72290028666F722073D7
:105E400074617465290028666F7220636F6E7472C6
:105E50006F6C2900273D27206F722027696E27204D
:105E600065787065637465640073656C6600617263
:105E700067003C6E616D653E206F7220272E2E2ECE
:105E80002720657870656374656400636F6E737452
:105E9000616E74207461626C65206F766572666CE9
:105EA0006F770063616E6E6F742075736520272EA7
:105EB0002E2E27206F7574736964652061207661CA
:105EC000726172672066756E6374696F6E006974C3
:105ED000656D7320696E206120636F6E73747275D7
:105EE00063746F7200616D626967756F757320739B
:105EF000796E746178202866756E6374696F6E20A0
:105F000063616C6C2078206E6577207374617465B2
:105F10006D656E74290066756E6374696F6E2061BD
:105F20007267756D656E74732065787065637465EE
:105F30006400756E65787065637465642073796D4F
:105F4000626F6C0073796E746178206572726F7223
:105F5000007661726961626C657320696E2061739D
:105F60007369676E6D656E7400696E76616C6964E5
:105F7000206B657920746F20276E65787427007414
:105F800061626C6520696E646578206973206E6952
:105F90006C007461626C6520696E64657820697359
:105FA000204E614E005F5F696E646578005F5F6ED2
:105FB0006577696E646578005F5F6763005F5F6D3A
:105FC0006F6465005F5F6571005F5F616464005FBF
:105FD0005F737562005F5F6D756C005F5F6469760B
:105FE000005F5F6D6F64005F5F706F77005F5F756C
:105FF0006E6D005F5F6C656E005F5F6C74005F5F6D
:106000006C65005F5F636F6E636174005F5F636107
:106010006C6C00626F6F6C65616E007573657264A5
:10602000617461007468726561640070726F746F8E
:1060300000757076616C0025733A20257320696EB7
:1060400020707265636F6D70696C6564206368753C
:106050006E6B00756E657870656374656420656E3F
:10606000640062616420696E746567657200636FC5
:10607000646520746F6F20646565700062616420E0
:10608000636F6E7374616E740062616420636F6429
:1060900065001B4C75610062696E617279207374D2
:1060A00072696E6700626164206865616465720090
:1060B0003D3F006C6F6F7020696E2067657474617E
:1060C000626C65006C6F6F7020696E20736574740C
:1060D00061626C6500737472696E67206C656E67CF
:1060E0007468206F766572666C6F770067657420E0
:1060F0006C656E677468206F660027666F72272074
:10610000696E697469616C2076616C7565206D7566
:1061100073742062652061206E756D626572002760
:10612000666F7227206C696D6974206D75737420B9
:1061300062652061206E756D6265720027666F7200
:10614000272073746570206D7573742062652061FB
:10615000206E756D6265720050414E49433A20755C
:106160006E70726F746563746564206572726F72AD
:1061700020696E2063616C6C20746F204C75612007
:1061800041504920282573290A0063616E6E6F749F
:106190002025732025733A20257300536C00257346
:1061A0003A25643A200062616420617267756D650A
:1061B0006E742023256420282573290063616C6C8C
:1061C000696E672027257327206F6E206261642027
:1061D00073656C66202825732900626164206172F2
:1061E00067756D656E742023256420746F202725E4
:1061F000732720282573290025732065787065632F
:106200007465642C20676F74202573007374616358
:106210006B206F766572666C6F7720282573290076
:1062200076616C7565206578706563746564006976
:106230006E76616C6964206F7074696F6E202725BB
:106240007327005F4C4F41444544006E616D6520EB
:10625000636F6E666C69637420666F72206D6F6425
:10626000756C652027257327003D737464696E0083
:106270004025730072620072656F70656E004C7528
:10628000612066756E6374696F6E206578706563F2
:1062900074656400746F6F206D616E792072657330
:1062A000756C747320746F20756E7061636B006918
:1062B0006E646578206F7574206F662072616E67FA
:1062C000650062617365206F7574206F662072616E
:1062D0006E6765006E696C206F72207461626C6518
:1062E000206578706563746564005F5F6D657461D7
:1062F0007461626C650063616E6E6F7420636861C7
:106300006E676520612070726F74656374656420C8
:106310006D6574617461626C65006C6576656C2096
:106320006D757374206265206E6F6E2D6E6567618A
:106330007469766500696E76616C6964206C657657
:10634000656C006E6F2066756E6374696F6E206594
:106350006E7669726F6E6D656E7420666F722074F2
:1063600061696C2063616C6C206174206C6576657A
:106370006C202564002773657466656E762720633C
:10638000616E6E6F74206368616E676520656E76FE
:1063900069726F6E6D656E74206F662067697665D1
:1063A0006E206F626A6563740027746F737472691C
:1063B0006E6727206D7573742072657475726E2018
:1063C0006120737472696E6720746F202770726920
:1063D0006E742700746F6F206D616E79206E657327
:1063E0007465642066756E6374696F6E73007265A0
:1063F000616465722066756E6374696F6E206D7579
:1064000073742072657475726E2061207374726982
:106410006E6700636F6C6C65637400746F6F206DE2
:10642000616E7920617267756D656E747320746F2B
:1064300020726573756D650063616E6E6F74207296
:106440006573756D6520257320636F726F75746950
:106450006E6500746F6F206D616E79207265737563
:106460006C747320746F20726573756D6500636F53
:10647000726F7574696E65206578706563746564A4
:1064800000626F6F6C65616E206F722070726F7842
:106490007920657870656374656400747275650051
:1064A00066616C7365005F5F746F737472696E67A9
:1064B0000025733A20257000617373657274696FEB
:1064C0006E206661696C656421003D286C6F6164B3
:1064D00029005F47004C756120352E31005F56451D
:1064E0005253494F4E00697061697273006B7600B8
:1064F0006E657770726F78790073746F7000726573
:10650000737461727400636F756E74007374657078
:106510000073657470617573650073657473746579
:10652000706D756C006372656174650072756E6E76
:10653000696E6700737461747573007772617000BF
:106540007969656C640073757370656E6465640069
:106550006E6F726D616C0064656164006173736578
:10656000727400636F6C6C656374676172626167FB
:106570006500646F66696C65006763696E666F00CD
:1065800067657466656E76006765746D65746174C1
:1065900061626C65006C6F616466696C65006C6F4C
:1065A0006164006C6F6164737472696E67006E651C
:1065B0007874007072696E740072617765717561CC
:1065C0006C0072617767657400726177736574003F
:1065D00073656C6563740073657466656E760073CD
:1065E00065746D6574617461626C6500746F6E755D
:1065F0006D626572007479706500787063616C6CAF
:1066000000696E74657276616C20697320656D70C7
:1066100074790077726F6E67206E756D6265722097
:106620006F6620617267756D656E7473006D61745D
:1066300068007069006875676500666D6F64006169
:1066400062730061636F73006173696E00617461EE
:106650006E32006174616E006365696C00636F7314
:10666000680064656700666C6F6F720066726578BB
:1066700070006C64657870006C6F673130006C6F0F
:1066800067006D6178006D696E006D6F6466007201
:1066900061640072616E646F6D0072616E646F6D33
:1066A000736565640073696E680073717274007459
:1066B000616E68006D616C666F726D6564207061FB
:1066C000747465726E2028656E64732077697468CF
:1066D000202725252729006D616C666F726D656422
:1066E000207061747465726E20286D697373696EB1
:1066F0006720275D27290027737472696E672E67EC
:1067000066696E6427207761732072656E616D65BE
:106710006420746F2027737472696E672E676D61D1
:106720007463682700696E76616C69642076616CB9
:106730007565002D2B20233000696E76616C6964CD
:1067400020666F726D617420287265706561746572
:106750006420666C6167732900696E76616C696498
:1067600020666F726D617420287769647468206F89
:106770007220707265636973696F6E20746F6F2029
:106780006C6F6E6729005C72005C30303000696E9F
:1067900076616C6964206F7074696F6E202725259F
:1067A00025632720746F2027666F726D6174270040
:1067B000756E61626C6520746F2064756D70206702
:1067C0006976656E2066756E6374696F6E00696EBA
:1067D00076616C6964207061747465726E206361A7
:1067E000707475726500756E62616C616E6365646C
:1067F000207061747465726E006D697373696E6781
:1068000020275B272061667465722027252566276F
:1068100020696E207061747465726E00696E7661B5
:106820006C6964206361707475726520696E64655B
:106830007800746F6F206D616E792063617074757C
:1068400072657300756E66696E697368656420634E
:1068500061707475726500737472696E672F667506
:106860006E6374696F6E2F7461626C6520657870F9
:10687000656374656400696E76616C696420726535
:10688000706C6163656D656E742076616C756520F2
:1068900028612025732900737472696E6720736CF8
:1068A00069636520746F6F206C6F6E67005E242AC9
:1068B0002B3F2E285B252D00676D61746368006790
:1068C00066696E6400627974650063686172006471
:1068D000756D7000666F726D61740067737562002C
:1068E0006C6F7765720072657000726576657273A1
:1068F0006500757070657200277365746E27206976
:1069000073206F62736F6C6574650077726F6E676A
:10691000206E756D626572206F6620617267756D9D
:10692000656E747320746F2027696E7365727427A7
:1069300000696E76616C69642076616C75652028EB
:1069400025732920617420696E6465782025642090
:10695000696E207461626C6520666F722027636FB8
:106960006E6361742700696E76616C6964206F7272
:106970006465722066756E6374696F6E20666F72EF
:1069800020736F7274696E6700666F726561636809
:1069900000666F726561636869006765746E006D9B
:1069A00061786E00696E736572740072656D6F76E2
:1069B00065007365746E00736F727400636F6E743C
:1069C000726F6C2073747275637475726520746F66
:1069D0006F206C6F6E6700636F64652073697A6502
:1069E000206F766572666C6F770066756E6374698A
:1069F0006F6E206F722065787072657373696F6E49
:106A000020746F6F20636F6D706C657800636861D0
:106A10007228256429002563002573206E65617244
:106A20002027257327006C65786963616C20656C8D
:106A3000656D656E7420746F6F206C6F6E670045B6
:106A400065002B2D006D616C666F726D6564206E44
:106A5000756D626572006368756E6B206861732086
:106A6000746F6F206D616E79206C696E657300754F
:106A70006E66696E6973686564206C6F6E672073FB
:106A80007472696E6700756E66696E6973686564B5
:106A9000206C6F6E6720636F6D6D656E74006E6540
:106AA0007374696E67206F66205B5B2E2E2E5D5DB2
:106AB0002069732064657072656361746564006940
:106AC0006E76616C6964206C6F6E67207374726996
:106AD0006E672064656C696D6974657200756E66B9
:106AE000696E697368656420737472696E670065A6
:106AF00073636170652073657175656E636520747D
:106B00006F6F206C6172676500616E6400646F0076
:106B1000656C736500656C7365696600666F72000D
:106B20006E6F740072657065617400726574757261
:106B30006E007468656E00756E74696C00776869C4
:106B40006C65003D3D003E3D003C3D007E3D003C0F
:106B50006E756D6265723E003C6E616D653E003C17
:106B6000737472696E673E003C656F663E0000019B
:106B700002020303030304040404040404040505DB
:106B800005050505050505050505050505050606B3
:106B90000606060606060606060606060606060695
:106BA0000606060606060606060606060606070783
:106BB0000707070707070707070707070707070765
:106BC0000707070707070707070707070707070755
:106BD0000707070707070707070707070707070745
:106BE0000707070707070707070707070707080833
:106BF0000808080808080808080808080808080815
:106C00000808080808080808080808080808080804
:106C100008080808080808080808080808080808F4
:106C200008080808080808080808080808080808E4
:106C300008080808080808080808080808080808D4
:106C400008080808080808080808080808080808C4
:106C500008080808080808080808080808080808B4
:106C600008080808080808080808080808086071E3
:106C7000546050716C31103C546C7C7C7C7C7C7C0E
:106C80006060606822BCBCBCE4E45454106262845E
:106C900014005150060606060707070707070A09EA
:106CA00005040303030303030303030303030202B3
:086CB0000101000000000000DA
:106CB80008B10181B0B000840000000008B1018172
:106CC800B0B000840000000008B10181B0B00084B9
:046CD80000000000B8
:106CDC002495FC7F010000007412FF7FB0B0B080DF
:106CEC009012FF7F01000000544EFF7FB0A902807C
:106CFC00E44EFF7FB0B0A880344FFF7F010000004E
:106D0C003C4FFF7FB0B0AA806C4FFF7FAF76B28054
:106D1C004050FF7F010000003C50FF7FAB3F3A80AA
:106D2C00A050FF7F01000000A850FF7FB0B0AA80E8
:106D3C00E050FF7F78FFFF7FF450FF7F01000000E1
:106D4C009851FF7FAC0FB2802052FF7FB0AF08800C
:106D5C00C054FF7F01000000C454FF7FAC3F038090
:106D6C00A857FF7F010000008459FF7F0084048036
:106D7C009859FF7F010000009459FF7FB0AD04804B
:106D8C008C5CFF7FB0A80380B05CFF7F2CFFFF7F83
:106D9C00B45CFF7F30FFFF7FC05CFF7F0100000011
:106DAC00000000006C3E0300743E03007C3E0300B8
:106DBC00843E03008C3E03007D0000000138FDD1B1
:106DCC00704700BF7D6701007D6701002D690100E0
:106DDC0081670100856701008967010089670100EF
:106DEC0095670100996701004D6701004D6701002F
:106DFC0051670100596701005D670100656701007B
:106E0C006D6701007567010079670100D04A0300C6
:106E1C00FFFFFFFFF81E00200090D0039000002021
:106E2C00000000009C1D0020041E00206C1E002091
:106E3C000000000000000000000000000000000046
:106E4C000000000000000000000000000000000036
:106E5C000000000000000000000000000000000026
:106E6C000000000000000000000000000000000016
:106E7C00030000009C1D00204300000000000000E7
:106E8C0000000000000000000000000000000000F6
:106E9C0000000000000000004300000000000000A3
:106EAC0000000000000000000000000000000000D6
:106EBC000000000000000000430000000000000083
:106ECC0000000000000000000000000000000000B6
:106EDC000000000000000000430000000000000063
:106EEC000000000000000000000000000000000096
:106EFC000000000000000000430000000000000043
:106F0C000000000000000000000000000000000075
:106F1C000000000000000000430000000000000022
:106F2C000000000000000000000000000000000055
:106F3C000000000000000000430000000000000002
:106F4C000000000000000000000000000000000035
:106F5C0000000000000000009D880200B1A30200A8
:106F6C0000000000385A0300E826030048260300FE
:106F7C004826030048260300482603004826030041
:106F8C004826030048260300482603004826030031
:106F9C00FFFFFFFFFFFFFFFFFFFFFFFFFFFF0000F3
:106FAC00010041534349490000000000000000006B
:106FBC0000000000000000000000000000000000C5
:106FCC00000041534349490000000000000000004C
:106FDC0000000000000000000000000000000000A5
:106FEC000000000000FA0004030000005D560000E1
:106FFC00FD83000021CD000079E00000516F0100FD
:10700C00A1760100D579010099AE0100355600003A
:10701C003141554C3070030039A003000930000099
:04702C00D07F04000D
:107030006C6F63616C2075426974203D206D6963DB
:10704000726F6269740A0A2D2D205768617420746A
:107050006865205245504C20616E6420746865203C
:107060006576656E742068616E646C6572732075F8
:1070700073652C2074616B656E2061732074686584
:107080007920617265206E6F773A0A2D2D2061207C
:1070900070726F6772616D207468617420707574AE
:1070A0007320736F6D657468696E6720656C7365B6
:1070B00020696E206120676C6F62616C2C206F729A
:1070C0002074616B6573206F6E6520617761792C28
:1070D0000A2D2D206368616E6765732069747320C3
:1070E0006F776E20776F726C642C20616E642074F1
:1070F00068652070726F6D7074207374696C6C2099
:10710000616E73776572732E0A6C6F63616C2070A9
:1071100063616C6C2C20746F737472696E672C20C1
:10712000747970652C2073656C656374203D2070E4
:1071300063616C6C2C20746F737472696E672C20A1
:10714000747970652C2073656C6563740A6C6F6369
:10715000616C2070616972732C207365746D657445
:10716000617461626C65203D2070616972732C20CE
:107170007365746D6574617461626C650A6C6F63CC
:10718000616C206C6F6164737472696E672C20731C
:10719000657466656E762C20636F6C6C65637467CE
:1071A000617262616765203D0A20206C6F616473C3
:1071B0007472696E672C2073657466656E762C2018
:1071C000636F6C6C656374676172626167650A6C9A
:1071D0006F63616C20666F726D61742C2066696EDE
:1071E000642C20676D617463682C206D6174636822
:1071F0002C20737562203D0A2020737472696E67BB
:107200002E666F726D61742C20737472696E672EB6
:1072100066696E642C20737472696E672E676D6187
:107220007463682C20737472696E672E6D61746369
:10723000682C20737472696E672E7375620A6C6FA6
:1072400063616C20696E736572742C20636F6E636A
:107250006174203D207461626C652E696E73657285
:10726000742C207461626C652E636F6E6361740AA6
:107270006C6F63616C207363726F6C6C203D207562
:107280004269742E646973706C61792E7363726FD6
:107290006C6C0A6C6F63616C20726164696F203D75
:1072A000207B0A2020656E61626C65203D2075425E
:1072B00069742E726164696F2E656E61626C652CF3
:1072C0000A20206C697374656E203D2075426974D4
:1072D0002E726164696F2E6C697374656E2C0A205E
:1072E00020636F6E6E656374203D20754269742E55
:1072F000726164696F2E636F6E6E6563742C0A2011
:1073000020616E737765726564203D2075426974F3
:107310002E726164696F2E616E7377657265642C7D
:107320000A20207478203D20754269742E726164B1
:10733000696F2E74782C0A20207278203D207542C7
:1073400069742E726164696F2E72782C0A7D0A6CE2
:107350006F63616C20736C656570203D20754269B8
:10736000742E736C6565700A6C6F63616C204845A0
:1073700041445F4D41544348203D20754269742E7D
:10738000434F44414C5F53455249414C5F4556542D
:107390005F484541445F4D415443480A6C6F636107
:1073A0006C20434C49434B203D20754269742E4468
:1073B00045564943455F425554544F4E5F455654D8
:1073C0005F434C49434B0A6C6F63616C204C4F4EDA
:1073D000475F434C49434B203D20754269742E441E
:1073E00045564943455F425554544F4E5F455654A8
:1073F0005F4C4F4E475F434C49434B0A0A6C6F63E7
:10740000616C206865617274203D207B0A202077C2
:1074100069647468203D2031302C0A202068656939
:10742000676874203D20352C0A2020646174612037
:107430003D207B0A202020202020302C20202030BE
:107440002C202020302C202020302C202020302CDC
:1074500020202020302C203235352C202020302CAC
:10746000203235352C202020302C0A2020202020CE
:1074700020302C203235352C202020302C20323565
:10748000352C202020302C20203235352C20203661
:10749000342C203235352C202036342C2032353512
:1074A0002C0A202020202020302C203235352C2082
:1074B0003235352C203235352C202020302C202020
:1074C0003235352C202036342C202036342C202008
:1074D00036342C203235352C0A2020202020203034
:1074E0002C202020302C203235352C202020302C10
:1074F000202020302C20202020302C203235352C0C
:10750000202036342C203235352C202020302C0AF7
:10751000202020202020302C202020302C20202033
:10752000302C202020302C202020302C2020202007
:10753000302C202020302C203235352C20202030BB
:107540002C202020300A20207D0A7D0A0A754269FD
:10755000742E617564696F2E736574566F6C756DEA
:1075600065283230290A754269742E617564696F25
:107570002E657870726573732822676967676C651A
:1075800022290A754269742E646973706C61792EC0
:10759000616E696D6174652868656172742C203153
:1075A0003030302C2035290A754269742E64697395
:1075B000706C61792E7363726F6C6C4173796E635A
:1075C00028754269742E667269656E646C794E61C5
:1075D0006D652829290A0A6C6F63616C20736572D6
:1075E00069616C203D207B0A202073656E64203D1C
:1075F00020754269742E73657269616C2E73656EB5
:10760000642C0A2020676574436861724173796E47
:1076100063203D20754269742E73657269616C2E1A
:10762000676574436861724173796E632C0A202028
:107630006576656E7441667465724173796E632018
:107640003D20754269742E73657269616C2E657692
:10765000656E7441667465724173796E632C0A7D40
:107660000A0A2D2D205468652073657373696F6E47
:10767000206265696E67207365727665642C206987
:107680006620616E790A6C6F63616C206163746956
:1076900076655F73657373696F6E0A0A2D2D204FCF
:1076A000757470757420676F65732077686572658F
:1076B000766572207468652073657373696F6E20D8
:1076C0006265696E67207365727665642074616BAC
:1076D00065732069742E0A2D2D205468652073650A
:1076E0007269616C2073657373696F6E206E616D72
:1076F0006573206E6F206F746865722077617920E2
:107700006F75742C20736F2069742066616C6C73C4
:1077100020746F0A2D2D2074686520706F72742E8E
:107720000A6C6F63616C2066756E6374696F6E209E
:1077300077726974652873290A20206C6F63616C05
:107740002073657373696F6E203D20616374697681
:10775000655F73657373696F6E0A20206C6F636178
:107760006C206F7574203D2073657373696F6E2094
:10777000616E642073657373696F6E2E7472616ECF
:1077800073706F72742E73656E640A2020696620B0
:107790006F7574207468656E2072657475726E20E2
:1077A0006F757428732920656E640A2020666F72D5
:1077B000206320696E20676D6174636828732C20D4
:1077C000222E222920646F0A20202020696620634F
:1077D000203D3D20225C6E22207468656E0A2020C8
:1077E0002020202073657269616C2E73656E642899
:1077F000225C7222290A20202020656E640A202043
:10780000202073657269616C2E73656E642863292C
:107810000A2020656E640A656E640A0A696F203D5D
:10782000207B0A20207772697465203D2077726979
:1078300074650A7D0A0A6C6F63616C2066756E63FD
:1078400074696F6E2069735F6964656E74696669D7
:10785000657228737472290A202072657475726EBD
:1078600020747970652873747229203D3D2022733D
:107870007472696E67220A20202020616E64206D78
:1078800061746368287374722C20225E5B25615FCB
:107890005D5B25775F5D2A2422290A656E640A0AEA
:1078A0006C6F63616C207072657474797072696E4C
:1078B00074203D207B207D0A0A6C6F63616C20661A
:1078C000756E6374696F6E2073657269616C697A35
:1078D000652876616C75652C2076697369746564BA
:1078E000290A202076697369746564203D207669D1
:1078F0007369746564206F72207B7D0A20206C6F31
:1079000063616C207070203D2070726574747970B2
:1079100072696E745B747970652876616C7565291F
:107920005D0A20206966207070207468656E0A20E8
:1079300020202072657475726E2070702876616CDC
:1079400075652C2076697369746564290A20206541
:107950006E640A202072657475726E20746F737481
:1079600072696E672876616C7565290A656E640AAE
:107970000A66756E6374696F6E20707265747479CF
:107980007072696E742E737472696E672876616C9A
:107990007565290A202072657475726E20666F7293
:1079A0006D617428222571222C2076616C75652901
:1079B0000A656E640A0A6C6F63616C2066756E639B
:1079C00074696F6E206B6579286B2C2076697369FA
:1079D000746564290A202069662069735F6964659B
:1079E0006E746966696572286B29207468656E0A11
:1079F0002020202072657475726E206B0A2020652D
:107A00006C73650A2020202072657475726E2022C6
:107A10005B22202E2E2073657269616C697A65285D
:107A20006B2C207669736974656429202E2E2022C0
:107A30005D220A2020656E640A656E640A0A6C6F16
:107A400063616C2066756E6374696F6E2074616229
:107A50006C655F746F6B656E732876616C75652CF1
:107A60002076697369746564290A20206C6F6361EC
:107A70006C206F7574203D207B227B227D0A2020A4
:107A80006C6F63616C206669727374203D20747240
:107A900075650A2020666F72206B2C207620696E37
:107AA0002070616972732876616C75652920646F36
:107AB0000A202020206966206E6F74206669727328
:107AC00074207468656E0A20202020202020696EB2
:107AD00073657274286F75742C20222C2022290A59
:107AE00020202020656E640A2020202066697273A1
:107AF00074203D2066616C73650A20202020696E29
:107B000073657274286F75742C206B6579286B2CE3
:107B1000207669736974656429202E2E2022203D09
:107B20002022202E2E2073657269616C697A652887
:107B3000762C207669736974656429290A2020658A
:107B40006E640A2020696E73657274286F75742CD8
:107B500020227D22290A202072657475726E206FA2
:107B600075740A656E640A0A66756E6374696F6E71
:107B7000207072657474797072696E742E746162AB
:107B80006C652876616C75652C20766973697465FF
:107B900064290A2020696620766973697465645BCC
:107BA00076616C75655D207468656E0A2020202002
:107BB00072657475726E20223C6379636C653E2237
:107BC0000A2020656E640A202076697369746564F2
:107BD0005B76616C75655D203D20747275650A2069
:107BE000206C6F63616C206F7574203D207461623E
:107BF0006C655F746F6B656E732876616C75652C50
:107C00002076697369746564290A2020766973692E
:107C10007465645B76616C75655D203D206E696C92
:107C20000A202072657475726E20636F6E636174D2
:107C3000286F7574290A656E640A0A6C6F63616C3B
:107C40002066756E6374696F6E207072696E745F02
:107C500076616C7565732873657269616C697A65A4
:107C60002C202E2E2E290A20206C6F63616C206E32
:107C7000203D2073656C656374282223222C202EFE
:107C80002E2E290A20206966206E203D3D203020BE
:107C90007468656E0A2020202072657475726E0A01
:107CA0002020656E640A20206C6F63616C206F7504
:107CB00074203D207B207D0A2020666F7220692081
:107CC0003D20312C206E20646F0A20202020696E18
:107CD00073657274286F75742C2073657269616C9A
:107CE000697A652873656C65637428692C202E2E6B
:107CF0002E2929290A2020656E640A2020777269BE
:107D0000746528636F6E636174286F75742C20220C
:107D10005C742229202E2E20225C6E22290A656E98
:107D2000640A0A6C6F63616C20656E76203D207B6F
:107D3000207D0A7365746D6574617461626C652879
:107D4000656E762C207B0A20205F5F696E64657803
:107D5000203D205F470A7D290A0A6C6F63616C2011
:107D600066756E6374696F6E206C6F61645F7769AE
:107D700074685F656E7628636F64652C2063687530
:107D80006E6B6E616D65290A20206C6F63616C20DB
:107D9000666E2C20657272203D206C6F6164737476
:107DA00072696E6728636F64652C206368756E6BFB
:107DB0006E616D65290A2020696620666E207468F0
:107DC000656E0A2020202073657466656E762866CD
:107DD0006E2C20656E76290A2020656E640A2020AC
:107DE00072657475726E20666E2C206572720A65FB
:107DF0006E640A0A6C6F63616C2066756E637469E9
:107E00006F6E2069735F696E636F6D706C6574650A
:107E100028657272290A202072657475726E206559
:107E2000727220616E642066696E64286572722CBD
:107E300020226E65617220273C656F663E27222CEA
:107E400020312C207472756529207E3D206E696C6E
:107E50000A656E640A0A6C6F63616C2066756E63F6
:107E600074696F6E20636F6D70696C655F74727991
:107E700028636F6465290A20206C6F63616C20633E
:107E800068756E6B2C20657272203D206C6F61648A
:107E90005F776974685F656E7628636F64652C2010
:107EA000225245504C22290A2020696620636875B9
:107EB0006E6B207468656E0A2020202072657475D0
:107EC000726E206368756E6B0A2020656C7365693D
:107ED000662069735F696E636F6D706C6574652889
:107EE00065727229207468656E0A202020207265F0
:107EF0007475726E206E696C2C206572722C207401
:107F00007275650A2020656E640A2020726574759A
:107F1000726E206368756E6B2C206572722C206601
:107F2000616C73650A656E640A0A6C6F63616C202C
:107F300066756E6374696F6E20636F6D70696C65D2
:107F400028636F6465290A20206C6F63616C20636D
:107F500068756E6B2C206572722C20696E636F6D74
:107F600070203D20636F6D70696C655F7472792855
:107F7000636F6465290A2020696620696E636F6DEE
:107F800070207468656E0A202020206C6F63616C1D
:107F900020655F6368756E6B2C20655F657272206B
:107FA0003D20636F6D70696C655F74727928227211
:107FB000657475726E2022202E2E20636F646529F1
:107FC0000A20202020696620655F6368756E6B203B
:107FD0007468656E0A2020202020207265747572F6
:107FE0006E20655F6368756E6B2C20655F657272CD
:107FF0000A20202020656E640A20202020726574EB
:1080000075726E206368756E6B2C206572722C2001
:10801000747275650A2020656E640A2020696620E6
:108020006368756E6B207468656E0A202020206C72
:108030006F63616C20655F6368756E6B2C20655F94
:10804000657272203D20636F6D70696C655F74723C
:1080500079282272657475726E2022202E2E20637C
:108060006F6465290A20202020696620655F6368A7
:10807000756E6B207468656E0A20202020202072A7
:10808000657475726E20655F6368756E6B2C206514
:108090005F6572720A20202020656E640A2020200D
:1080A0002072657475726E206368756E6B0A20208D
:1080B000656E640A20206C6F63616C20655F636885
:1080C000756E6B2C20655F6572722C20655F696E22
:1080D000636F6D70203D0A20202020636F6D7069F2
:1080E0006C655F747279282272657475726E2022D5
:1080F000202E2E20636F6465290A20206966206582
:108100005F6368756E6B206F7220655F696E636F69
:108110006D70207468656E0A202020207265747569
:10812000726E20655F6368756E6B2C20655F65728B
:10813000722C20655F696E636F6D700A2020656E1A
:10814000640A202072657475726E206E696C2C2032
:10815000657272206F7220655F6572722C20666195
:108160006C73650A656E640A0A2D2D2054686520BB
:108170005245504C2773206F776E206F7574707561
:10818000742E207072696E74206973207468652083
:1081900073616D652C20666F722070726F677261FB
:1081A0006D732C20616E6420610A2D2D2070726F1A
:1081B0006772616D206D61792070757420697473C8
:1081C000206F776E20696E2069747320706C616314
:1081D000652E0A6C6F63616C2066756E6374696FDF
:1081E0006E20736179282E2E2E290A202070726944
:1081F0006E745F76616C75657328746F73747269E1
:108200006E672C202E2E2E290A656E640A0A707263
:10821000696E74203D207361790A0A636F6C6C6526
:108220006374676172626167652822736574706147
:10823000757365222C20313030290A2D2D202275AE
:108240006E6B6E6F776E222077686572652074683A
:1082500065206669726D77617265206769766573FE
:10826000206E6F2076657273696F6E0A6C6F636142
:108270006C2076657273696F6E203D20754269745B
:108280002E76657273696F6E20616E642075426927
:10829000742E76657273696F6E2829206F722022A2
:1082A000756E6B6E6F776E220A73617928226D6925
:1082B00063726F3A6269745C6E4C756120352E3161
:1082C000205245504C5C6E6669726D776172652014
:1082D00022202E2E2076657273696F6E290A0A6C31
:1082E0006F63616C2066756E6374696F6E2065786C
:1082F0006563757465286368756E6B290A20206C48
:108300006F63616C20726573756C7473203D207BA4
:10831000207063616C6C286368756E6B29207D0A20
:108320002020696620726573756C74735B315D2003
:108330007468656E0A2020202069662023726573A8
:10834000756C7473203E2031207468656E0A20209D
:10835000202020206C6F63616C206F7574203D209D
:108360007B207D0A202020202020666F722069203B
:108370003D20322C2023726573756C747320646FFA
:108380000A2020202020202020696E736572742826
:108390006F75742C2073657269616C697A652872D7
:1083A0006573756C74735B695D29290A2020202030
:1083B0002020656E640A2020202020207361792807
:1083C000223D3E2022202E2E20636F6E6361742892
:1083D0006F75742C20225C742229290A2020202009
:1083E000656E640A2020656C73650A202020207366
:1083F0006179282252756E74696D65206572726F9D
:10840000723A2022202E2E20746F737472696E6768
:1084100028726573756C74735B325D29290A20209C
:10842000656E640A656E640A0A2D2D20412052454E
:10843000504C2073657373696F6E3A2061206275CA
:108440006666657220706C75732074686520636F52
:108450006D70696C652D64726976656E20737562E6
:108460006D6974206C6F6F702E205468650A2D2D15
:108470002073616D6520656E67696E652069732084
:108480007573656420666F72207468652073657209
:1084900069616C20636F6E736F6C6520616E642020
:1084A00074686520424C45205541525420736572D2
:1084B000766963652E0A6C6F63616C2066756E6306
:1084C00074696F6E206D616B655F73657373696F3F
:1084D0006E287472616E73706F7274290A20206C3A
:1084E0006F63616C2073203D207B0A202020207464
:1084F00072616E73706F7274203D207472616E735E
:10850000706F72742C0A2020202062756666657276
:10851000203D2022222C0A20207D0A202066756E14
:108520006374696F6E20732E70726F6D707428297A
:108530000A20202020777269746528732E62756680
:10854000666572203D3D20222220616E6420223E1D
:108550002022206F7220223E3E2022290A20206500
:108560006E640A20206C6F63616C2066756E6374A4
:10857000696F6E2072756E5F6C696E6528746578C0
:1085800074290A20202020732E6275666665722089
:108590003D20732E627566666572202E2E207465EE
:1085A0007874202E2E20225C6E220A202020206942
:1085B0006620732E7472616E73706F72742E6372A4
:1085C0006C665F6265666F72655F726573756C7409
:1085D000207468656E0A202020202020777269743C
:1085E0006528225C725C6E22290A20202020656E9C
:1085F000640A202020206C6F63616C206368756EB4
:108600006B2C206572722C20696E636F6D706C65C7
:108610007465203D20636F6D70696C6528732E62F0
:108620007566666572290A202020206966206E6FB3
:108630007420696E636F6D706C6574652074686515
:108640006E0A2020202020206966206368756E6BEA
:10865000207468656E0A2020202020202020657864
:108660006563757465286368756E6B290A20202020
:10867000202020656C73650A2020202020202020E7
:108680007361792822436F6D70696C652065727221
:108690006F723A2022202E2E20746F737472696ECE
:1086A000672865727229290A202020202020656E03
:1086B000640A202020202020732E62756666657271
:1086C000203D2022220A20202020656E640A2020DE
:1086D000656E640A20202D2D2057686174657665CB
:1086E0007220676F65732077726F6E67206F6E20E0
:1086F000746865207761792C206576656E207368D3
:108700006F77696E67206120726573756C74207471
:108710006861742063616E6E6F740A20202D2D20B5
:1087200062652073686F776E206F722072756E6E4F
:10873000696E67206F7574206F66206D656D6F724E
:10874000792C20746865206C696E65206973206FD0
:1087500076657220616E64207468652070726F6D3A
:1087600070740A20202D2D20636F6D657320626167
:10877000636B2E0A202066756E6374696F6E2073BA
:108780002E7375626D69742874657874290A2020C7
:1087900020206C6F63616C2072616E2C2065727298
:1087A000203D207063616C6C2872756E5F6C696E21
:1087B000652C2074657874290A20202020696620A1
:1087C0006E6F742072616E207468656E0A202020BE
:1087D000202020732E627566666572203D2022225D
:1087E0000A202020202020636F6C6C656374676111
:1087F00072626167652822636F6C6C6563742229FD
:108800000A2020202020206C6F63616C2073686F29
:10881000776E2C20776F726473203D207063616CDB
:108820006C28746F737472696E672C20657272297C
:108830000A2020202020206966206E6F7420736833
:108840006F776E206F72207479706528776F72640D
:108850007329207E3D2022737472696E6722207412
:1088600068656E0A2020202020202020776F726407
:1088700073203D202274686520726573756C7420C6
:1088800063616E6E6F742062652073686F776E220D
:108890000A202020202020656E640A20202020202D
:1088A000207063616C6C287361792C202252756E84
:1088B00074696D65206572726F723A2022202E2EC7
:1088C00020776F726473290A20202020656E640A65
:1088D00020202020636F6C6C656374676172626135
:1088E00067652822636F6C6C65637422290A2020F7
:1088F00020207063616C6C28732E70726F6D7074C1
:10890000290A2020656E640A202066756E637469EA
:108910006F6E20732E72756E28662C202E2E2E29D7
:108920000A202020206C6F63616C2073617665647F
:10893000203D206163746976655F73657373696F49
:108940006E0A202020206163746976655F73657309
:1089500073696F6E203D20730A202020206C6F63A6
:10896000616C2072616E2C20657272203D207063F4
:10897000616C6C28662C202E2E2E290A20202020A7
:108980006163746976655F73657373696F6E203DAB
:108990002073617665640A202020206966206E6F4E
:1089A000742072616E207468656E206572726F72D9
:1089B000286572722C20302920656E640A2020659B
:1089C0006E640A202072657475726E20730A656E7B
:1089D000640A0A6C6F63616C2073657269616C5F15
:1089E00073657373696F6E203D206D616B655F7396
:1089F000657373696F6E287B0A202063726C665FF3
:108A00006265666F72655F726573756C74203D2078
:108A1000747275652C0A2020676574436861722042
:108A20003D2073657269616C2E676574436861727D
:108A30004173796E632C0A202061726D203D20669F
:108A4000756E6374696F6E28292073657269616C35
:108A50002E6576656E7441667465724173796E63D6
:108A600028312920656E640A7D290A0A6C6F6361CA
:108A70006C2068616E646C6572203D207B207D0AED
:108A80000A6D6963726F6269742E68616E646C65E9
:108A900072203D2068616E646C65720A0A6C6F63B7
:108AA000616C2066756E6374696F6E20656E7465A7
:108AB0007228290A202073657269616C5F7365737F
:108AC00073696F6E2E7375626D6974282222290A8C
:108AD000656E640A0A6C6F63616C2066756E637400
:108AE000696F6E206261636B737061636528290A28
:108AF00020206966202373657269616C5F736573FA
:108B000073696F6E2E627566666572203E20302036
:108B10007468656E0A2020202073657269616C5F3D
:108B200073657373696F6E2E627566666572203D3C
:108B3000207375622873657269616C5F7365737306
:108B4000696F6E2E6275666665722C20312C202D41
:108B500032290A20202020777269746528225C62FD
:108B6000205C6222290A2020656E640A656E640A10
:108B70000A6C6F63616C206B65797072657373202A
:108B80003D207B0A20205B225C72225D203D206517
:108B90006E7465722C0A20205B225C6E225D203D83
:108BA00020656E7465722C0A20205B225C62225D57
:108BB000203D206261636B73706163652C0A202025
:108BC0005B225C313237225D203D206261636B7332
:108BD000706163650A7D0A0A6C6F63616C20747949
:108BE0007065645F68657265203D2022220A0A2D47
:108BF0002D205768617420686173206265656E205E
:108C000074797065642C2066726F6D2063206F6EBE
:108C10002C20696E746F2074686520636F6E736FAB
:108C20006C650A6C6F63616C2066756E6374696F46
:108C30006E20726561645F706F72742863290A2008
:108C40002063203D2063206F722073657269616C20
:108C50005F73657373696F6E2E7472616E73706F7C
:108C600072742E6765744368617228290A20206C2B
:108C70006F63616C206563686F203D2022220A20AB
:108C8000207768696C65206320646F0A20202020AB
:108C90006C6F63616C20696E707574203D206B652C
:108CA0007970726573735B635D0A202020206966AA
:108CB00020696E707574207468656E0A202020200B
:108CC0002020696620236563686F203E2030207471
:108CD00068656E0A20202020202020207772697489
:108CE00065286563686F290A202020202020202025
:108CF0006563686F203D2022220A2020202020204A
:108D0000656E640A202020202020696E707574280A
:108D1000290A20202020656C73650A20202020204D
:108D20002073657269616C5F73657373696F6E2E12
:108D3000627566666572203D2073657269616C5F5D
:108D400073657373696F6E2E627566666572202E29
:108D50002E20630A2020202020206563686F203D9C
:108D6000206563686F202E2E20630A202020206556
:108D70006E640A2020202063203D207365726961A3
:108D80006C5F73657373696F6E2E7472616E73704E
:108D90006F72742E6765744368617228290A2020F7
:108DA000656E640A2020696620236563686F203E33
:108DB0002030207468656E0A202020207772697444
:108DC00065286563686F290A2020656E640A656EF0
:108DD000640A0A2D2D2054686520706F7274206912
:108DE000732061726D656420686F776576657220A7
:108DF0007468652072656164696E6720656E64736E
:108E00002C20616E64207468656E206C6F6F6B65DA
:108E100064206174206F6E63650A2D2D206D6F7262
:108E2000653A2061206368617261637465722074C1
:108E30006861742063616D65206265666F7265208C
:108E40006974207761732061726D65642072616955
:108E5000736573206E6F206576656E742E0A6C6F75
:108E600063616C2066756E6374696F6E20706F72DB
:108E7000745F746F5F636F6E736F6C652876616C7F
:108E80007565290A202069662076616C7565203D2C
:108E90003D20484541445F4D415443482074686536
:108EA0006E0A2020202073657269616C5F736573A0
:108EB00073696F6E2E72756E2866756E6374696F56
:108EC0006E28290A2020202020206C6F63616C20EE
:108ED000630A2020202020207265706561740A20BA
:108EE000202020202020207063616C6C2872656136
:108EF000645F706F72742C2063290A202020202068
:108F000020202073657269616C5F73657373696F8C
:108F10006E2E7472616E73706F72742E61726D2832
:108F2000290A202020202020202063203D20736556
:108F30007269616C5F73657373696F6E2E747261B1
:108F40006E73706F72742E6765744368617228293E
:108F50000A202020202020756E74696C206E6F74AA
:108F600020630A20202020656E64290A2020656E77
:108F7000640A656E640A0A68616E646C65725B6D92
:108F80006963726F6269742E4445564943455F496F
:108F9000445F53455249414C5D203D20706F7274CF
:108FA0005F746F5F636F6E736F6C650A0A6C6F63DB
:108FB000616C2066756E6374696F6E20627574747F
:108FC0006F6E2876616C75652C2062746E290A209C
:108FD0002069662076616C7565203D3D20434C49D3
:108FE000434B207468656E0A202020202020736384
:108FF000726F6C6C2862746E290A202020656C7375
:109000006569662076616C7565203D3D204C4F4E4C
:10901000475F434C49434B207468656E0A2020200B
:109020002020207363726F6C6C2862746E202E2E69
:1090300020222122290A2020656E640A656E640AB6
:109040000A68616E646C65725B6D6963726F6269F8
:10905000742E4445564943455F49445F4255545434
:109060004F4E5F415D203D2066756E6374696F6E83
:109070002876616C7565290A2020627574746F6E9C
:109080002876616C75652C20224122290A656E6460
:109090000A0A68616E646C65725B6D6963726F6207
:1090A00069742E4445564943455F49445F425554CF
:1090B000544F4E5F425D203D2066756E6374696F4C
:1090C0006E2876616C7565290A2020627574746F4C
:1090D0006E2876616C75652C20224222290A656E05
:1090E000640A0A68616E646C65725B6D6963726FB5
:1090F0006269742E4445564943455F49445F425571
:1091000054544F4E5F41425D203D2066756E63743E
:10911000696F6E2876616C7565290A202062757406
:10912000746F6E2876616C75652C2022414222296D
:109130000A656E640A0A6C6F63616C2066756E6303
:1091400074696F6E20646973706174636828736FEB
:10915000757263652C2076616C75652C2074696D61
:10916000657374616D70290A20206C6F63616C20D7
:1091700068616E646C65203D2068616E646C657228
:109180005B736F757263655D0A2020696620686194
:109190006E646C65207468656E0A2020202068610A
:1091A0006E646C652876616C75652C2074696D65DC
:1091B0007374616D70290A2020656E640A656E649F
:1091C0000A0A2D2D20412070726F6772616D206D2B
:1091D00061792070757420697473206F776E206FC9
:1091E0006E5F6576656E7420696E20706C61636574
:1091F000206F662074686973206F6E652E20576833
:10920000656E0A2D2D206F6E5F6576656E74206920
:1092100073206E6F7420612066756E6374696F6E63
:109220002C206576656E747320636F6D65206865AC
:10923000726520616C6C207468652073616D652EA9
:109240000A6F6E5F6576656E74203D206469737089
:10925000617463680A754269742E6576656E74463A
:10926000616C6C6261636B286469737061746368BC
:10927000290A0A0A2D2D2041205245504C206F7694
:109280006572206120726164696F206C696E6B2C5D
:1092900020616E6420746865206F74686572206553
:1092A0006E64206F662069742E0A2D2D0A2D2D20E4
:1092B000426F7468207475726E20746865207261E4
:1092C00064696F206F6E207468656D73656C766578
:1092D000733B207468652067726F75702069732016
:1092E000746865206F6E650A2D2D2065766572792C
:1092F000206D6963726F3A6269742073746172746D
:109300007320696E2E204120626F61726420746840
:1093100061742063616C6C7320616761696E20E227
:109320008094206F6E650A2D2D20746861742077FB
:1093300061732072657365742C206F72206C6F737B
:109340007420746865206C696E6B20E280942069DB
:10935000732074616B656E20617320697420636F84
:109360006D65732C0A2D2D20616E64207468652054
:1093700073657373696F6E20737461727473206F99
:1093800076657220666F722069742E0A2D2D0A2D63
:109390002D206C697374656E286E616D6529207768
:1093A0006169747320666F72207468617420626FE3
:1093B00061726420746F2063616C6C2C207468652A
:1093C0006E207365727665732069743A0A2D2D20BC
:1093D000776861742061727269766573206F766553
:1093E0007220746865206C696E6B206973207479D3
:1093F00070656420696E746F206120736573736992
:109400006F6E206F66206974730A2D2D206F776E42
:109410002C20616E64207768617420746865207305
:10942000657373696F6E207361797320676F6573FD
:10943000206261636B207468652073616D652077BD
:1094400061792E0A2D2D0A2D2D20636F6E6E6563B6
:1094500074286E616D652C2074696D656F75742953
:109460002063616C6C732C207468656E206361727C
:10947000726965732074686520706F7274206F76EE
:1094800065723A0A2D2D2077686174206973207403
:1094900079706564206865726520676F6573206FF9
:1094A00075742C207768617420636F6D657320621A
:1094B00061636B206973207072696E7465642E0A33
:1094C0000A6C6F63616C20726164696F5F736573AE
:1094D00073696F6E203D206D616B655F736573739B
:1094E000696F6E287B0A202063726C665F62656616
:1094F0006F72655F726573756C74203D2066616C78
:1095000073652C0A202073656E64203D2066756E9D
:109510006374696F6E287465787429207261646958
:109520006F2E747828746578742920656E640A7DBE
:10953000290A0A0A2D2D2041207069656365206F74
:109540006620746865206C696E6B2C206173206DD9
:10955000756368206F72206173206C6974746C6528
:1095600020617320617272697665643A2077686160
:10957000740A2D2D207374616E6473206265666FAA
:1095800072652061206C696E6520656E64696E6726
:1095900020697320656E74657265642C207768613C
:1095A0007420666F6C6C6F77732069740A2D2D20A0
:1095B000776169747320666F7220746865207265C4
:1095C000737420746F20636F6D652E0A6C6F636116
:1095D0006C2066756E6374696F6E20747970656453
:1095E000287069656365290A20206C6F63616C20AF
:1095F0006174203D2066696E642870696563652C1E
:1096000020225B5C725C6E5D22290A2020776869EB
:109610006C6520617420646F0A20202020726164D0
:10962000696F5F73657373696F6E2E6275666665C9
:1096300072203D0A202020202020726164696F5F23
:1096400073657373696F6E2E627566666572202E20
:109650002E207375622870696563652C20312C207B
:109660006174202D2031290A202020207261646934
:109670006F5F73657373696F6E2E7375626D697456
:10968000282222290A202020207069656365203D58
:10969000207375622870696563652C206174202BC6
:1096A0002031290A202020206174203D2066696E27
:1096B000642870696563652C20225B5C725C6E5D5A
:1096C00022290A2020656E640A2020726164696F75
:1096D0005F73657373696F6E2E627566666572205F
:1096E0003D20726164696F5F73657373696F6E2E7D
:1096F000627566666572202E2E2070696563650A44
:10970000656E640A0A2D2D2D2041206672657368EE
:109710002073657373696F6E20666F7220612063BA
:10972000616C6C6572207468617420686173206A72
:1097300075737420617272697665640A6C6F636117
:109740006C2066756E6374696F6E206772656574F0
:1097500028290A2020726164696F5F7365737369D9
:109760006F6E2E627566666572203D2022220A2089
:1097700020726164696F5F73657373696F6E2E72B7
:10978000756E28726164696F5F73657373696F6E5C
:109790002E70726F6D7074290A656E640A0A6675A0
:1097A0006E6374696F6E206C697374656E286E6188
:1097B0006D65290A2020726164696F2E656E616291
:1097C0006C6528290A2020726164696F2E6C6973A8
:1097D00074656E286E616D65290A20206772656563
:1097E0007428290A20207768696C65207472756571
:1097F00020646F0A20202020696620726164696FEE
:109800002E616E737765726564286E616D652920BF
:109810007468656E206772656574282920656E64BA
:109820000A202020206C6F63616C2070696563657D
:10983000203D20726164696F2E727828290A2020E9
:1098400020206966207069656365207468656E0A0A
:10985000202020202020726164696F5F736573731C
:10986000696F6E2E72756E2866756E6374696F6EA1
:1098700028292074797065642870696563652920DA
:10988000656E64290A20202020656E640A2020204D
:1098900020736C6565702835290A2020656E640A7E
:1098A000656E640A0A2D2D205768617465766572AD
:1098B00020686173206265656E207479706564202C
:1098C00073696E636520746865206C617374206CC5
:1098D0006F6F6B0A6C6F63616C2066756E63746981
:1098E0006F6E20747970696E6728290A20206C6F6A
:1098F00063616C206368617273203D207B207D0A68
:1099000020206C6F63616C2063203D207365726959
:10991000616C2E676574436861724173796E632868
:10992000290A20207768696C65206320646F0A200B
:1099300020202063686172735B2363686172732007
:109940002B20315D203D20630A2020202063203D14
:109950002073657269616C2E67657443686172413A
:1099600073796E6328290A2020656E640A202072AC
:10997000657475726E20636F6E63617428636861CD
:109980007273290A656E640A0A2D2D2057686F6567
:10999000766572206861732074686520706F7274D8
:1099A000207365727665732069743A207468652047
:1099B000636F6E736F6C652773206F776E207365AE
:1099C0007373696F6E0A2D2D20746F20737461722A
:1099D0007420776974682C20746865206C696E6BDC
:1099E000206F6E636520636F6E6E65637428292037
:1099F000686173206F70656E6564206F6E652E0AF6
:109A00002D2D20636F6E6E656374207075747320E6
:109A1000746865206F74686572206F6E6520696E6A
:109A200020706C6163653B206E6F7468696E67209F
:109A300061736B732077686963682E0A2D2D20414E
:109A4000206C696E6520617420612074696D6520E9
:109A5000676F6573206F76657220746865206C6926
:109A60006E6B3A20747820776169747320746F206C
:109A700062650A2D2D20616E7377657265642C20F6
:109A8000616E642061206368617261637465722035
:109A90006561636820776F756C64207370656E64B0
:109AA00020746861742077616974207768696C65D7
:109AB0000A2D2D20746865206E657874206F6E65A0
:109AC000732070696C6520757020696E20746865FC
:109AD00020706F72742E20536F2074686520747923
:109AE00070696E67206973206563686F65640A2D0D
:109AF0002D20617320697420636F6D657320616E22
:109B0000642068656C6420756E74696C2069747378
:109B1000206C696E652069732077686F6C652E0A0A
:109B20006C6F63616C2066756E6374696F6E207014
:109B30006F72745F746F5F6C696E6B2876616C75A1
:109B400065290A202069662076616C7565203D3D97
:109B500020484541445F4D41544348207468656E38
:109B60000A202020206C6F63616C2074657874205B
:109B70003D20747970696E6728290A20202020739F
:109B8000657269616C2E6576656E74416674657286
:109B90004173796E632831290A2020202077726969
:109BA00074652874657874290A20202020747970DF
:109BB00065645F68657265203D2074797065645FD7
:109BC00068657265202E2E20746578740A20202026
:109BD000206C6F63616C206174203D2066696E6447
:109BE0002874797065645F686572652C20225B5CFF
:109BF000725C6E5D22290A202020207768696C65DE
:109C000020617420646F0A2020202020207261646B
:109C1000696F2E7478287375622874797065645F33
:109C2000686572652C20312C20617429290A202056
:109C30002020202074797065645F68657265203D1E
:109C4000207375622874797065645F686572652C2D
:109C5000206174202B2031290A202020202020611F
:109C600074203D2066696E642874797065645F684D
:109C70006572652C20225B5C725C6E5D22290A2075
:109C8000202020656E640A2020656E640A656E647B
:109C90000A0A2D2D2D205768617420746865206C88
:109CA000696E6B207361797320676F657320746FC1
:109CB0002074686520706F72742C20616C6C207445
:109CC0006861742068617320636F6D650A6C6F63EF
:109CD000616C2066756E6374696F6E206C696E6B63
:109CE0005F746F5F706F727428290A20206C6F6335
:109CF000616C207069656365203D20726164696FE5
:109D00002E727828290A20207768696C652070698E
:109D100065636520646F0A2020202077726974656E
:109D2000287069656365290A2020202070696563B1
:109D300065203D20726164696F2E727828290A209F
:109D400020656E640A656E640A0A6C6F63616C203C
:109D50004445564943455F49445F53455249414C48
:109D6000203D20754269742E4445564943455F495C
:109D7000445F53455249414C0A6C6F63616C204407
:109D800045564943455F49445F524144494F203D50
:109D900020754269742E4445564943455F49445FE6
:109DA000524144494F0A0A66756E6374696F6E20AA
:109DB000636F6E6E656374286E616D652C207469C7
:109DC0006D656F7574290A2020726164696F2E6554
:109DD0006E61626C6528290A20206966206E6F74A6
:109DE00020726164696F2E636F6E6E656374286E96
:109DF000616D652C2074696D656F757429207468B8
:109E0000656E0A202020207361792822436F6E6ED0
:109E1000656374696F6E2074696D6564206F757415
:109E20002E22290A2020202072657475726E0A2065
:109E300020656E640A2020736179286E616D65204B
:109E40002E2E202220636F6E6E65637465642E2251
:109E5000290A202074797065645F68657265203D09
:109E60002022220A202068616E646C65725B444582
:109E7000564943455F49445F53455249414C5D2033
:109E80003D20706F72745F746F5F6C696E6B0A2037
:109E90002068616E646C65725B4445564943455F5A
:109EA00049445F524144494F5D203D206C696E6BCF
:109EB0005F746F5F706F72740A656E640A0A2D2D8D
:109EC000205363726970742D6C6576656C207365C0
:109ED000747570202872756E73206F6E63652062D2
:109EE00065666F726520746865206D61696E2066B5
:109EF000696265720A2D2D2069732072656C656137
:109F0000736564293A0A2D2D2073686F7720746871
:109F1000652070726F6D70742C207468656E20748B
:109F2000616B652077686174207761732074797044
:109F30006564207768696C65207468650A2D2D203A
:109F40007363726970742072616E2C207768696324
:109F50006820616C736F2061726D73207468652076
:109F6000706F72742773207065722D636861720A56
:109F70002D2D20686561642D6D61746368206576A0
:109F8000656E742E20416674657220746869732052
:109F900072657475726E732C2072656C6561736581
:109FA0005F6669626572282920696E0A2D2D206D11
:109FB00061696E28292068616E647320636F6E7416
:109FC000726F6C20746F20746865207363686564B9
:109FD000756C65723B206F6E5F6576656E742829BF
:109FE0002068616E646C65730A2D2D20616C6C2095
:109FF0006576656E74732066726F6D207468652077
:10A000006275732E0A73657269616C5F7365737331
:10A01000696F6E2E70726F6D707428290A706F727E
:10A02000745F746F5F636F6E736F6C652848454132
:09A03000445F4D41544348290AE4
:020000020000FC
:020000041000EA
:081014000070070000E0070076
:040000031000B27DBA
:00000001FF
